id_endereco,id_aluno,cidade,bairro,distancia_km
1,1,São Paulo,Bairro 20,26.0
2,2,São Paulo,Bairro 47,16.5
3,3,São Paulo,Bairro 33,8.3
4,4,São Paulo,Bairro 7,12.2
5,5,São Paulo,Bairro 48,23.5
6,6,São Paulo,Bairro 29,26.2
7,7,São Paulo,Bairro 21,26.5
8,8,São Paulo,Bairro 1,3.5
9,9,São Paulo,Bairro 2,1.2
10,10,São Paulo,Bairro 46,4.0
11,11,São Paulo,Bairro 27,6.1
12,12,São Paulo,Bairro 1,30.5
13,13,São Paulo,Bairro 40,1.7
14,14,São Paulo,Bairro 37,8.5
15,15,São Paulo,Bairro 42,30.4
16,16,São Paulo,Bairro 31,17.9
17,17,São Paulo,Bairro 31,10.1
18,18,São Paulo,Bairro 27,1.4
19,19,São Paulo,Bairro 34,19.1
20,20,São Paulo,Bairro 57,36.3
21,21,São Paulo,Bairro 14,36.8
22,22,São Paulo,Bairro 39,29.3
23,23,São Paulo,Bairro 23,2.5
24,24,São Paulo,Bairro 26,31.7
25,25,São Paulo,Bairro 42,44.9
26,26,São Paulo,Bairro 28,0.9
27,27,São Paulo,Bairro 46,15.6
28,28,São Paulo,Bairro 2,23.9
29,29,São Paulo,Bairro 2,29.4
30,30,São Paulo,Bairro 22,37.5
31,31,São Paulo,Bairro 4,30.7
32,32,São Paulo,Bairro 4,24.9
33,33,São Paulo,Bairro 3,19.0
34,34,São Paulo,Bairro 40,8.8
35,35,São Paulo,Bairro 4,31.3
36,36,São Paulo,Bairro 38,34.4
37,37,São Paulo,Bairro 54,2.1
38,38,São Paulo,Bairro 24,40.2
39,39,São Paulo,Bairro 60,13.6
40,40,São Paulo,Bairro 52,4.0
41,41,São Paulo,Bairro 37,33.8
42,42,São Paulo,Bairro 50,3.5
43,43,São Paulo,Bairro 9,12.1
44,44,São Paulo,Bairro 27,3.4
45,45,São Paulo,Bairro 4,17.0
46,46,São Paulo,Bairro 45,8.5
47,47,São Paulo,Bairro 41,33.9
48,48,São Paulo,Bairro 38,27.6
49,49,São Paulo,Bairro 3,20.1
50,50,São Paulo,Bairro 6,26.4
51,51,São Paulo,Bairro 49,28.6
52,52,São Paulo,Bairro 8,33.5
53,53,São Paulo,Bairro 58,14.3
54,54,São Paulo,Bairro 57,24.4
55,55,São Paulo,Bairro 27,22.5
56,56,São Paulo,Bairro 17,27.6
57,57,São Paulo,Bairro 16,6.5
58,58,São Paulo,Bairro 6,20.5
59,59,São Paulo,Bairro 18,25.6
60,60,São Paulo,Bairro 45,4.7
61,61,São Paulo,Bairro 8,34.6
62,62,São Paulo,Bairro 28,20.0
63,63,São Paulo,Bairro 24,1.5
64,64,São Paulo,Bairro 45,44.9
65,65,São Paulo,Bairro 51,2.3
66,66,São Paulo,Bairro 13,37.2
67,67,São Paulo,Bairro 22,29.1
68,68,São Paulo,Bairro 13,33.3
69,69,São Paulo,Bairro 7,15.3
70,70,São Paulo,Bairro 29,16.3
71,71,São Paulo,Bairro 43,38.8
72,72,São Paulo,Bairro 58,8.4
73,73,São Paulo,Bairro 21,2.8
74,74,São Paulo,Bairro 35,11.5
75,75,São Paulo,Bairro 36,18.0
76,76,São Paulo,Bairro 59,9.3
77,77,São Paulo,Bairro 38,3.1
78,78,São Paulo,Bairro 28,22.6
79,79,São Paulo,Bairro 36,19.6
80,80,São Paulo,Bairro 55,16.5
81,81,São Paulo,Bairro 26,21.5
82,82,São Paulo,Bairro 24,38.5
83,83,São Paulo,Bairro 50,35.9
84,84,São Paulo,Bairro 5,40.0
85,85,São Paulo,Bairro 16,12.0
86,86,São Paulo,Bairro 45,44.2
87,87,São Paulo,Bairro 32,13.2
88,88,São Paulo,Bairro 39,42.1
89,89,São Paulo,Bairro 32,0.5
90,90,São Paulo,Bairro 7,8.1
91,91,São Paulo,Bairro 30,24.8
92,92,São Paulo,Bairro 49,37.3
93,93,São Paulo,Bairro 2,9.7
94,94,São Paulo,Bairro 35,4.5
95,95,São Paulo,Bairro 1,5.6
96,96,São Paulo,Bairro 16,28.7
97,97,São Paulo,Bairro 52,39.0
98,98,São Paulo,Bairro 33,7.3
99,99,São Paulo,Bairro 16,11.9
100,100,São Paulo,Bairro 7,36.7
101,101,São Paulo,Bairro 26,0.9
102,102,São Paulo,Bairro 44,27.8
103,103,São Paulo,Bairro 37,21.1
104,104,São Paulo,Bairro 32,31.8
105,105,São Paulo,Bairro 35,36.4
106,106,São Paulo,Bairro 23,5.6
107,107,São Paulo,Bairro 26,18.2
108,108,São Paulo,Bairro 37,1.3
109,109,São Paulo,Bairro 57,18.1
110,110,São Paulo,Bairro 20,12.3
111,111,São Paulo,Bairro 39,2.6
112,112,São Paulo,Bairro 15,35.4
113,113,São Paulo,Bairro 19,33.6
114,114,São Paulo,Bairro 46,40.2
115,115,São Paulo,Bairro 26,32.4
116,116,São Paulo,Bairro 28,43.2
117,117,São Paulo,Bairro 10,6.1
118,118,São Paulo,Bairro 11,44.3
119,119,São Paulo,Bairro 45,37.9
120,120,São Paulo,Bairro 29,6.4
121,121,São Paulo,Bairro 7,1.3
122,122,São Paulo,Bairro 18,35.2
123,123,São Paulo,Bairro 51,38.6
124,124,São Paulo,Bairro 3,8.0
125,125,São Paulo,Bairro 25,1.4
126,126,São Paulo,Bairro 55,8.5
127,127,São Paulo,Bairro 42,14.0
128,128,São Paulo,Bairro 51,18.8
129,129,São Paulo,Bairro 47,15.2
130,130,São Paulo,Bairro 10,40.7
131,131,São Paulo,Bairro 46,24.1
132,132,São Paulo,Bairro 21,17.5
133,133,São Paulo,Bairro 33,36.5
134,134,São Paulo,Bairro 58,11.6
135,135,São Paulo,Bairro 40,26.1
136,136,São Paulo,Bairro 14,38.3
137,137,São Paulo,Bairro 43,26.5
138,138,São Paulo,Bairro 18,16.2
139,139,São Paulo,Bairro 57,27.5
140,140,São Paulo,Bairro 5,24.2
141,141,São Paulo,Bairro 12,10.9
142,142,São Paulo,Bairro 19,25.3
143,143,São Paulo,Bairro 27,4.2
144,144,São Paulo,Bairro 41,14.0
145,145,São Paulo,Bairro 17,10.5
146,146,São Paulo,Bairro 46,38.2
147,147,São Paulo,Bairro 43,30.6
148,148,São Paulo,Bairro 29,40.7
149,149,São Paulo,Bairro 25,34.8
150,150,São Paulo,Bairro 42,2.1
151,151,São Paulo,Bairro 55,3.3
152,152,São Paulo,Bairro 22,20.0
153,153,São Paulo,Bairro 15,35.1
154,154,São Paulo,Bairro 30,27.3
155,155,São Paulo,Bairro 29,18.0
156,156,São Paulo,Bairro 14,5.2
157,157,São Paulo,Bairro 46,10.2
158,158,São Paulo,Bairro 17,8.5
159,159,São Paulo,Bairro 37,1.2
160,160,São Paulo,Bairro 11,13.2
161,161,São Paulo,Bairro 38,7.9
162,162,São Paulo,Bairro 32,24.4
163,163,São Paulo,Bairro 51,15.7
164,164,São Paulo,Bairro 55,9.5
165,165,São Paulo,Bairro 26,32.7
166,166,São Paulo,Bairro 43,4.0
167,167,São Paulo,Bairro 5,35.6
168,168,São Paulo,Bairro 58,43.2
169,169,São Paulo,Bairro 8,34.1
170,170,São Paulo,Bairro 28,22.4
171,171,São Paulo,Bairro 48,0.7
172,172,São Paulo,Bairro 34,41.9
173,173,São Paulo,Bairro 27,2.5
174,174,São Paulo,Bairro 2,17.3
175,175,São Paulo,Bairro 58,19.5
176,176,São Paulo,Bairro 21,23.0
177,177,São Paulo,Bairro 40,20.3
178,178,São Paulo,Bairro 44,7.6
179,179,São Paulo,Bairro 20,6.3
180,180,São Paulo,Bairro 24,38.2
181,181,São Paulo,Bairro 24,25.1
182,182,São Paulo,Bairro 49,26.2
183,183,São Paulo,Bairro 36,36.9
184,184,São Paulo,Bairro 17,31.8
185,185,São Paulo,Bairro 59,2.3
186,186,São Paulo,Bairro 43,13.9
187,187,São Paulo,Bairro 19,28.4
188,188,São Paulo,Bairro 2,31.2
189,189,São Paulo,Bairro 57,26.1
190,190,São Paulo,Bairro 26,9.1
191,191,São Paulo,Bairro 57,40.8
192,192,São Paulo,Bairro 48,11.8
193,193,São Paulo,Bairro 25,27.3
194,194,São Paulo,Bairro 2,23.8
195,195,São Paulo,Bairro 17,13.6
196,196,São Paulo,Bairro 34,17.9
197,197,São Paulo,Bairro 3,6.6
198,198,São Paulo,Bairro 46,18.5
199,199,São Paulo,Bairro 22,44.5
200,200,São Paulo,Bairro 12,31.1
201,201,São Paulo,Bairro 46,40.2
202,202,São Paulo,Bairro 56,3.9
203,203,São Paulo,Bairro 43,42.1
204,204,São Paulo,Bairro 2,21.8
205,205,São Paulo,Bairro 30,40.2
206,206,São Paulo,Bairro 52,44.6
207,207,São Paulo,Bairro 40,2.4
208,208,São Paulo,Bairro 19,31.9
209,209,São Paulo,Bairro 45,22.6
210,210,São Paulo,Bairro 28,42.5
211,211,São Paulo,Bairro 5,16.5
212,212,São Paulo,Bairro 33,32.1
213,213,São Paulo,Bairro 41,36.2
214,214,São Paulo,Bairro 59,43.3
215,215,São Paulo,Bairro 60,44.8
216,216,São Paulo,Bairro 52,14.7
217,217,São Paulo,Bairro 12,27.5
218,218,São Paulo,Bairro 10,27.3
219,219,São Paulo,Bairro 42,33.6
220,220,São Paulo,Bairro 23,12.7
221,221,São Paulo,Bairro 6,23.1
222,222,São Paulo,Bairro 13,35.2
223,223,São Paulo,Bairro 36,23.7
224,224,São Paulo,Bairro 20,29.5
225,225,São Paulo,Bairro 49,40.8
226,226,São Paulo,Bairro 20,6.9
227,227,São Paulo,Bairro 23,1.6
228,228,São Paulo,Bairro 52,41.2
229,229,São Paulo,Bairro 15,23.9
230,230,São Paulo,Bairro 9,2.5
231,231,São Paulo,Bairro 13,27.0
232,232,São Paulo,Bairro 53,30.5
233,233,São Paulo,Bairro 42,32.1
234,234,São Paulo,Bairro 4,20.2
235,235,São Paulo,Bairro 28,20.4
236,236,São Paulo,Bairro 56,15.3
237,237,São Paulo,Bairro 1,2.0
238,238,São Paulo,Bairro 21,9.0
239,239,São Paulo,Bairro 48,14.7
240,240,São Paulo,Bairro 51,40.9
241,241,São Paulo,Bairro 41,28.6
242,242,São Paulo,Bairro 53,17.6
243,243,São Paulo,Bairro 4,29.5
244,244,São Paulo,Bairro 26,38.7
245,245,São Paulo,Bairro 14,10.2
246,246,São Paulo,Bairro 25,3.5
247,247,São Paulo,Bairro 12,43.8
248,248,São Paulo,Bairro 31,13.0
249,249,São Paulo,Bairro 23,34.5
250,250,São Paulo,Bairro 6,37.5
251,251,São Paulo,Bairro 48,10.5
252,252,São Paulo,Bairro 40,14.6
253,253,São Paulo,Bairro 27,32.0
254,254,São Paulo,Bairro 42,12.7
255,255,São Paulo,Bairro 57,34.7
256,256,São Paulo,Bairro 51,31.2
257,257,São Paulo,Bairro 45,12.3
258,258,São Paulo,Bairro 16,19.0
259,259,São Paulo,Bairro 35,15.7
260,260,São Paulo,Bairro 29,24.0
261,261,São Paulo,Bairro 45,20.5
262,262,São Paulo,Bairro 24,33.6
263,263,São Paulo,Bairro 31,9.5
264,264,São Paulo,Bairro 49,17.7
265,265,São Paulo,Bairro 17,39.2
266,266,São Paulo,Bairro 26,1.8
267,267,São Paulo,Bairro 32,30.3
268,268,São Paulo,Bairro 50,4.3
269,269,São Paulo,Bairro 25,14.1
270,270,São Paulo,Bairro 58,32.8
271,271,São Paulo,Bairro 4,37.2
272,272,São Paulo,Bairro 38,7.4
273,273,São Paulo,Bairro 27,30.6
274,274,São Paulo,Bairro 51,9.5
275,275,São Paulo,Bairro 55,30.6
276,276,São Paulo,Bairro 60,27.2
277,277,São Paulo,Bairro 59,19.5
278,278,São Paulo,Bairro 9,20.4
279,279,São Paulo,Bairro 16,28.4
280,280,São Paulo,Bairro 36,21.6
281,281,São Paulo,Bairro 31,17.5
282,282,São Paulo,Bairro 17,0.5
283,283,São Paulo,Bairro 15,13.7
284,284,São Paulo,Bairro 31,34.4
285,285,São Paulo,Bairro 19,15.8
286,286,São Paulo,Bairro 57,9.1
287,287,São Paulo,Bairro 18,29.8
288,288,São Paulo,Bairro 1,35.2
289,289,São Paulo,Bairro 35,29.3
290,290,São Paulo,Bairro 11,19.1
291,291,São Paulo,Bairro 23,36.0
292,292,São Paulo,Bairro 42,34.8
293,293,São Paulo,Bairro 22,8.5
294,294,São Paulo,Bairro 15,41.1
295,295,São Paulo,Bairro 25,21.8
296,296,São Paulo,Bairro 25,8.5
297,297,São Paulo,Bairro 24,34.4
298,298,São Paulo,Bairro 22,30.5
299,299,São Paulo,Bairro 17,1.1
300,300,São Paulo,Bairro 50,14.1
301,301,São Paulo,Bairro 41,43.6
302,302,São Paulo,Bairro 49,44.4
303,303,São Paulo,Bairro 37,11.5
304,304,São Paulo,Bairro 29,16.6
305,305,São Paulo,Bairro 23,15.2
306,306,São Paulo,Bairro 26,29.7
307,307,São Paulo,Bairro 41,42.3
308,308,São Paulo,Bairro 12,31.0
309,309,São Paulo,Bairro 55,26.2
310,310,São Paulo,Bairro 29,2.0
311,311,São Paulo,Bairro 17,39.9
312,312,São Paulo,Bairro 32,39.0
313,313,São Paulo,Bairro 23,22.9
314,314,São Paulo,Bairro 46,31.6
315,315,São Paulo,Bairro 40,29.9
316,316,São Paulo,Bairro 50,32.0
317,317,São Paulo,Bairro 1,3.5
318,318,São Paulo,Bairro 36,32.9
319,319,São Paulo,Bairro 30,17.6
320,320,São Paulo,Bairro 45,39.4
321,321,São Paulo,Bairro 11,37.6
322,322,São Paulo,Bairro 4,12.6
323,323,São Paulo,Bairro 16,23.3
324,324,São Paulo,Bairro 22,40.8
325,325,São Paulo,Bairro 10,39.0
326,326,São Paulo,Bairro 34,20.6
327,327,São Paulo,Bairro 55,39.5
328,328,São Paulo,Bairro 50,31.2
329,329,São Paulo,Bairro 15,12.6
330,330,São Paulo,Bairro 42,35.1
331,331,São Paulo,Bairro 15,1.6
332,332,São Paulo,Bairro 53,26.4
333,333,São Paulo,Bairro 45,30.0
334,334,São Paulo,Bairro 58,32.4
335,335,São Paulo,Bairro 36,14.6
336,336,São Paulo,Bairro 18,39.3
337,337,São Paulo,Bairro 12,36.2
338,338,São Paulo,Bairro 4,7.4
339,339,São Paulo,Bairro 58,44.8
340,340,São Paulo,Bairro 17,37.0
341,341,São Paulo,Bairro 35,34.5
342,342,São Paulo,Bairro 20,31.6
343,343,São Paulo,Bairro 33,23.9
344,344,São Paulo,Bairro 45,32.7
345,345,São Paulo,Bairro 41,28.1
346,346,São Paulo,Bairro 36,28.8
347,347,São Paulo,Bairro 3,24.5
348,348,São Paulo,Bairro 29,18.3
349,349,São Paulo,Bairro 57,40.4
350,350,São Paulo,Bairro 17,42.2
351,351,São Paulo,Bairro 12,22.2
352,352,São Paulo,Bairro 20,20.0
353,353,São Paulo,Bairro 30,5.1
354,354,São Paulo,Bairro 23,20.3
355,355,São Paulo,Bairro 30,9.1
356,356,São Paulo,Bairro 51,42.5
357,357,São Paulo,Bairro 6,15.7
358,358,São Paulo,Bairro 27,6.0
359,359,São Paulo,Bairro 57,18.5
360,360,São Paulo,Bairro 5,33.5
361,361,São Paulo,Bairro 14,17.3
362,362,São Paulo,Bairro 31,38.1
363,363,São Paulo,Bairro 16,33.5
364,364,São Paulo,Bairro 47,22.5
365,365,São Paulo,Bairro 5,13.5
366,366,São Paulo,Bairro 45,29.0
367,367,São Paulo,Bairro 14,40.8
368,368,São Paulo,Bairro 37,31.2
369,369,São Paulo,Bairro 8,18.2
370,370,São Paulo,Bairro 27,39.1
371,371,São Paulo,Bairro 46,5.9
372,372,São Paulo,Bairro 11,14.3
373,373,São Paulo,Bairro 44,29.9
374,374,São Paulo,Bairro 40,32.7
375,375,São Paulo,Bairro 34,32.7
376,376,São Paulo,Bairro 42,33.1
377,377,São Paulo,Bairro 31,39.7
378,378,São Paulo,Bairro 26,8.2
379,379,São Paulo,Bairro 48,3.9
380,380,São Paulo,Bairro 9,8.5
381,381,São Paulo,Bairro 30,25.8
382,382,São Paulo,Bairro 41,28.5
383,383,São Paulo,Bairro 9,12.0
384,384,São Paulo,Bairro 26,29.5
385,385,São Paulo,Bairro 57,41.8
386,386,São Paulo,Bairro 28,20.1
387,387,São Paulo,Bairro 44,20.8
388,388,São Paulo,Bairro 26,38.0
389,389,São Paulo,Bairro 6,28.9
390,390,São Paulo,Bairro 34,30.1
391,391,São Paulo,Bairro 23,21.0
392,392,São Paulo,Bairro 10,15.4
393,393,São Paulo,Bairro 35,17.0
394,394,São Paulo,Bairro 12,9.1
395,395,São Paulo,Bairro 21,44.8
396,396,São Paulo,Bairro 39,22.9
397,397,São Paulo,Bairro 2,35.4
398,398,São Paulo,Bairro 13,13.5
399,399,São Paulo,Bairro 5,10.4
400,400,São Paulo,Bairro 29,11.1
401,401,São Paulo,Bairro 22,12.5
402,402,São Paulo,Bairro 19,21.8
403,403,São Paulo,Bairro 56,36.9
404,404,São Paulo,Bairro 7,43.4
405,405,São Paulo,Bairro 23,39.5
406,406,São Paulo,Bairro 34,44.6
407,407,São Paulo,Bairro 55,8.5
408,408,São Paulo,Bairro 5,25.3
409,409,São Paulo,Bairro 53,25.7
410,410,São Paulo,Bairro 6,20.3
411,411,São Paulo,Bairro 51,27.4
412,412,São Paulo,Bairro 1,20.6
413,413,São Paulo,Bairro 2,19.8
414,414,São Paulo,Bairro 31,29.6
415,415,São Paulo,Bairro 43,27.5
416,416,São Paulo,Bairro 53,39.2
417,417,São Paulo,Bairro 14,4.8
418,418,São Paulo,Bairro 55,17.9
419,419,São Paulo,Bairro 56,13.7
420,420,São Paulo,Bairro 16,25.1
421,421,São Paulo,Bairro 13,18.3
422,422,São Paulo,Bairro 19,7.7
423,423,São Paulo,Bairro 21,44.5
424,424,São Paulo,Bairro 55,10.4
425,425,São Paulo,Bairro 24,11.4
426,426,São Paulo,Bairro 45,41.4
427,427,São Paulo,Bairro 48,32.7
428,428,São Paulo,Bairro 12,36.8
429,429,São Paulo,Bairro 6,2.0
430,430,São Paulo,Bairro 11,15.5
431,431,São Paulo,Bairro 20,31.6
432,432,São Paulo,Bairro 29,15.1
433,433,São Paulo,Bairro 55,27.0
434,434,São Paulo,Bairro 19,26.3
435,435,São Paulo,Bairro 43,27.4
436,436,São Paulo,Bairro 55,25.9
437,437,São Paulo,Bairro 55,34.2
438,438,São Paulo,Bairro 31,2.4
439,439,São Paulo,Bairro 7,31.8
440,440,São Paulo,Bairro 31,0.6
441,441,São Paulo,Bairro 28,24.2
442,442,São Paulo,Bairro 47,6.1
443,443,São Paulo,Bairro 36,9.2
444,444,São Paulo,Bairro 3,3.5
445,445,São Paulo,Bairro 18,36.2
446,446,São Paulo,Bairro 14,15.2
447,447,São Paulo,Bairro 24,17.8
448,448,São Paulo,Bairro 59,39.0
449,449,São Paulo,Bairro 51,18.1
450,450,São Paulo,Bairro 31,27.9
451,451,São Paulo,Bairro 33,31.0
452,452,São Paulo,Bairro 15,19.9
453,453,São Paulo,Bairro 28,11.0
454,454,São Paulo,Bairro 41,38.4
455,455,São Paulo,Bairro 20,44.2
456,456,São Paulo,Bairro 20,32.5
457,457,São Paulo,Bairro 58,26.3
458,458,São Paulo,Bairro 57,5.7
459,459,São Paulo,Bairro 43,18.5
460,460,São Paulo,Bairro 13,33.9
461,461,São Paulo,Bairro 51,18.9
462,462,São Paulo,Bairro 29,34.4
463,463,São Paulo,Bairro 37,6.7
464,464,São Paulo,Bairro 2,17.3
465,465,São Paulo,Bairro 46,35.4
466,466,São Paulo,Bairro 18,6.8
467,467,São Paulo,Bairro 38,13.6
468,468,São Paulo,Bairro 40,27.6
469,469,São Paulo,Bairro 9,34.2
470,470,São Paulo,Bairro 6,27.8
471,471,São Paulo,Bairro 12,12.4
472,472,São Paulo,Bairro 17,43.1
473,473,São Paulo,Bairro 42,34.4
474,474,São Paulo,Bairro 41,15.7
475,475,São Paulo,Bairro 28,27.3
476,476,São Paulo,Bairro 31,24.6
477,477,São Paulo,Bairro 11,3.2
478,478,São Paulo,Bairro 38,33.3
479,479,São Paulo,Bairro 33,21.9
480,480,São Paulo,Bairro 56,5.8
481,481,São Paulo,Bairro 9,41.9
482,482,São Paulo,Bairro 14,23.3
483,483,São Paulo,Bairro 47,26.8
484,484,São Paulo,Bairro 33,9.0
485,485,São Paulo,Bairro 49,37.0
486,486,São Paulo,Bairro 39,39.7
487,487,São Paulo,Bairro 59,2.3
488,488,São Paulo,Bairro 24,40.1
489,489,São Paulo,Bairro 50,30.2
490,490,São Paulo,Bairro 50,30.7
491,491,São Paulo,Bairro 24,28.2
492,492,São Paulo,Bairro 20,22.3
493,493,São Paulo,Bairro 28,4.0
494,494,São Paulo,Bairro 36,44.4
495,495,São Paulo,Bairro 4,32.7
496,496,São Paulo,Bairro 25,23.3
497,497,São Paulo,Bairro 16,2.2
498,498,São Paulo,Bairro 47,43.5
499,499,São Paulo,Bairro 2,0.8
500,500,São Paulo,Bairro 21,30.9
501,501,São Paulo,Bairro 45,12.5
502,502,São Paulo,Bairro 27,23.7
503,503,São Paulo,Bairro 6,36.3
504,504,São Paulo,Bairro 50,9.4
505,505,São Paulo,Bairro 53,39.2
506,506,São Paulo,Bairro 18,9.9
507,507,São Paulo,Bairro 16,19.0
508,508,São Paulo,Bairro 59,16.4
509,509,São Paulo,Bairro 17,9.2
510,510,São Paulo,Bairro 7,33.2
511,511,São Paulo,Bairro 7,5.8
512,512,São Paulo,Bairro 23,12.3
513,513,São Paulo,Bairro 22,28.1
514,514,São Paulo,Bairro 48,29.7
515,515,São Paulo,Bairro 40,6.3
516,516,São Paulo,Bairro 6,34.3
517,517,São Paulo,Bairro 31,27.0
518,518,São Paulo,Bairro 7,27.0
519,519,São Paulo,Bairro 54,44.6
520,520,São Paulo,Bairro 57,28.2
521,521,São Paulo,Bairro 43,2.6
522,522,São Paulo,Bairro 56,3.5
523,523,São Paulo,Bairro 25,13.5
524,524,São Paulo,Bairro 32,29.1
525,525,São Paulo,Bairro 21,43.0
526,526,São Paulo,Bairro 37,6.2
527,527,São Paulo,Bairro 59,37.9
528,528,São Paulo,Bairro 24,44.0
529,529,São Paulo,Bairro 20,24.6
530,530,São Paulo,Bairro 14,35.5
531,531,São Paulo,Bairro 2,40.6
532,532,São Paulo,Bairro 2,40.1
533,533,São Paulo,Bairro 5,19.2
534,534,São Paulo,Bairro 34,1.1
535,535,São Paulo,Bairro 49,4.2
536,536,São Paulo,Bairro 58,44.2
537,537,São Paulo,Bairro 43,10.1
538,538,São Paulo,Bairro 48,19.0
539,539,São Paulo,Bairro 40,17.6
540,540,São Paulo,Bairro 14,27.6
541,541,São Paulo,Bairro 24,28.6
542,542,São Paulo,Bairro 13,29.7
543,543,São Paulo,Bairro 58,27.5
544,544,São Paulo,Bairro 14,6.1
545,545,São Paulo,Bairro 1,38.3
546,546,São Paulo,Bairro 27,2.0
547,547,São Paulo,Bairro 8,17.0
548,548,São Paulo,Bairro 22,9.5
549,549,São Paulo,Bairro 41,44.3
550,550,São Paulo,Bairro 51,1.8
551,551,São Paulo,Bairro 15,8.5
552,552,São Paulo,Bairro 50,15.8
553,553,São Paulo,Bairro 28,33.7
554,554,São Paulo,Bairro 60,14.2
555,555,São Paulo,Bairro 36,24.8
556,556,São Paulo,Bairro 55,25.5
557,557,São Paulo,Bairro 45,37.0
558,558,São Paulo,Bairro 35,1.3
559,559,São Paulo,Bairro 52,13.9
560,560,São Paulo,Bairro 39,22.5
561,561,São Paulo,Bairro 17,18.8
562,562,São Paulo,Bairro 36,39.8
563,563,São Paulo,Bairro 22,14.9
564,564,São Paulo,Bairro 7,30.9
565,565,São Paulo,Bairro 37,33.1
566,566,São Paulo,Bairro 11,32.4
567,567,São Paulo,Bairro 3,38.0
568,568,São Paulo,Bairro 58,34.5
569,569,São Paulo,Bairro 58,20.5
570,570,São Paulo,Bairro 51,30.4
571,571,São Paulo,Bairro 51,13.4
572,572,São Paulo,Bairro 6,41.1
573,573,São Paulo,Bairro 37,9.6
574,574,São Paulo,Bairro 13,25.7
575,575,São Paulo,Bairro 41,0.6
576,576,São Paulo,Bairro 33,29.2
577,577,São Paulo,Bairro 38,3.8
578,578,São Paulo,Bairro 26,36.7
579,579,São Paulo,Bairro 26,22.6
580,580,São Paulo,Bairro 44,1.7
581,581,São Paulo,Bairro 56,30.7
582,582,São Paulo,Bairro 24,7.4
583,583,São Paulo,Bairro 33,41.2
584,584,São Paulo,Bairro 22,30.6
585,585,São Paulo,Bairro 55,43.9
586,586,São Paulo,Bairro 34,39.5
587,587,São Paulo,Bairro 3,12.1
588,588,São Paulo,Bairro 13,27.5
589,589,São Paulo,Bairro 10,26.8
590,590,São Paulo,Bairro 3,44.8
591,591,São Paulo,Bairro 33,30.6
592,592,São Paulo,Bairro 34,26.6
593,593,São Paulo,Bairro 10,15.0
594,594,São Paulo,Bairro 59,35.6
595,595,São Paulo,Bairro 54,28.7
596,596,São Paulo,Bairro 31,23.4
597,597,São Paulo,Bairro 13,27.6
598,598,São Paulo,Bairro 53,43.2
599,599,São Paulo,Bairro 3,9.0
600,600,São Paulo,Bairro 2,10.0
601,601,São Paulo,Bairro 31,9.7
602,602,São Paulo,Bairro 6,7.3
603,603,São Paulo,Bairro 24,43.5
604,604,São Paulo,Bairro 51,25.2
605,605,São Paulo,Bairro 37,29.1
606,606,São Paulo,Bairro 20,23.6
607,607,São Paulo,Bairro 14,31.3
608,608,São Paulo,Bairro 30,11.7
609,609,São Paulo,Bairro 30,42.7
610,610,São Paulo,Bairro 5,36.3
611,611,São Paulo,Bairro 17,43.9
612,612,São Paulo,Bairro 47,26.9
613,613,São Paulo,Bairro 45,29.6
614,614,São Paulo,Bairro 60,12.7
615,615,São Paulo,Bairro 21,3.0
616,616,São Paulo,Bairro 5,25.1
617,617,São Paulo,Bairro 16,32.1
618,618,São Paulo,Bairro 46,17.7
619,619,São Paulo,Bairro 32,39.6
620,620,São Paulo,Bairro 1,2.2
621,621,São Paulo,Bairro 18,23.4
622,622,São Paulo,Bairro 23,14.0
623,623,São Paulo,Bairro 43,5.4
624,624,São Paulo,Bairro 55,34.8
625,625,São Paulo,Bairro 48,6.5
626,626,São Paulo,Bairro 13,30.1
627,627,São Paulo,Bairro 33,41.7
628,628,São Paulo,Bairro 1,39.4
629,629,São Paulo,Bairro 38,13.2
630,630,São Paulo,Bairro 21,7.9
631,631,São Paulo,Bairro 21,39.8
632,632,São Paulo,Bairro 45,26.0
633,633,São Paulo,Bairro 10,14.9
634,634,São Paulo,Bairro 24,19.7
635,635,São Paulo,Bairro 18,12.5
636,636,São Paulo,Bairro 60,7.4
637,637,São Paulo,Bairro 46,34.5
638,638,São Paulo,Bairro 50,33.1
639,639,São Paulo,Bairro 37,24.6
640,640,São Paulo,Bairro 4,3.3
641,641,São Paulo,Bairro 54,3.1
642,642,São Paulo,Bairro 13,29.9
643,643,São Paulo,Bairro 8,15.3
644,644,São Paulo,Bairro 38,11.9
645,645,São Paulo,Bairro 32,36.4
646,646,São Paulo,Bairro 8,5.4
647,647,São Paulo,Bairro 57,38.4
648,648,São Paulo,Bairro 33,43.6
649,649,São Paulo,Bairro 11,11.6
650,650,São Paulo,Bairro 46,2.2
651,651,São Paulo,Bairro 26,33.9
652,652,São Paulo,Bairro 60,34.2
653,653,São Paulo,Bairro 60,30.6
654,654,São Paulo,Bairro 53,3.9
655,655,São Paulo,Bairro 8,17.8
656,656,São Paulo,Bairro 51,18.9
657,657,São Paulo,Bairro 46,25.6
658,658,São Paulo,Bairro 34,4.4
659,659,São Paulo,Bairro 45,38.1
660,660,São Paulo,Bairro 4,0.6
661,661,São Paulo,Bairro 5,7.8
662,662,São Paulo,Bairro 14,10.3
663,663,São Paulo,Bairro 45,1.5
664,664,São Paulo,Bairro 27,20.7
665,665,São Paulo,Bairro 53,17.5
666,666,São Paulo,Bairro 24,28.3
667,667,São Paulo,Bairro 25,29.4
668,668,São Paulo,Bairro 58,11.4
669,669,São Paulo,Bairro 15,24.9
670,670,São Paulo,Bairro 42,36.0
671,671,São Paulo,Bairro 13,17.8
672,672,São Paulo,Bairro 20,4.9
673,673,São Paulo,Bairro 16,14.2
674,674,São Paulo,Bairro 26,40.1
675,675,São Paulo,Bairro 12,36.2
676,676,São Paulo,Bairro 2,33.9
677,677,São Paulo,Bairro 17,30.0
678,678,São Paulo,Bairro 42,3.0
679,679,São Paulo,Bairro 13,23.3
680,680,São Paulo,Bairro 56,33.0
681,681,São Paulo,Bairro 50,29.0
682,682,São Paulo,Bairro 22,33.0
683,683,São Paulo,Bairro 24,0.8
684,684,São Paulo,Bairro 49,40.7
685,685,São Paulo,Bairro 47,43.7
686,686,São Paulo,Bairro 11,23.8
687,687,São Paulo,Bairro 5,19.9
688,688,São Paulo,Bairro 15,18.2
689,689,São Paulo,Bairro 22,42.9
690,690,São Paulo,Bairro 32,8.5
691,691,São Paulo,Bairro 2,31.7
692,692,São Paulo,Bairro 32,8.7
693,693,São Paulo,Bairro 19,42.9
694,694,São Paulo,Bairro 8,42.9
695,695,São Paulo,Bairro 54,42.2
696,696,São Paulo,Bairro 38,4.0
697,697,São Paulo,Bairro 59,16.1
698,698,São Paulo,Bairro 30,40.8
699,699,São Paulo,Bairro 37,23.1
700,700,São Paulo,Bairro 54,33.9
701,701,São Paulo,Bairro 6,17.1
702,702,São Paulo,Bairro 22,4.6
703,703,São Paulo,Bairro 20,26.9
704,704,São Paulo,Bairro 46,43.9
705,705,São Paulo,Bairro 24,8.0
706,706,São Paulo,Bairro 28,11.9
707,707,São Paulo,Bairro 41,14.6
708,708,São Paulo,Bairro 9,4.8
709,709,São Paulo,Bairro 13,6.2
710,710,São Paulo,Bairro 20,6.8
711,711,São Paulo,Bairro 50,23.8
712,712,São Paulo,Bairro 60,29.1
713,713,São Paulo,Bairro 11,25.7
714,714,São Paulo,Bairro 4,30.0
715,715,São Paulo,Bairro 2,40.2
716,716,São Paulo,Bairro 40,3.9
717,717,São Paulo,Bairro 60,20.9
718,718,São Paulo,Bairro 12,17.6
719,719,São Paulo,Bairro 50,5.2
720,720,São Paulo,Bairro 42,11.4
721,721,São Paulo,Bairro 17,7.0
722,722,São Paulo,Bairro 20,28.3
723,723,São Paulo,Bairro 54,22.3
724,724,São Paulo,Bairro 49,5.4
725,725,São Paulo,Bairro 16,5.2
726,726,São Paulo,Bairro 24,43.2
727,727,São Paulo,Bairro 56,17.4
728,728,São Paulo,Bairro 47,17.1
729,729,São Paulo,Bairro 4,10.2
730,730,São Paulo,Bairro 57,6.7
731,731,São Paulo,Bairro 55,3.4
732,732,São Paulo,Bairro 2,1.2
733,733,São Paulo,Bairro 8,9.9
734,734,São Paulo,Bairro 19,19.4
735,735,São Paulo,Bairro 54,14.2
736,736,São Paulo,Bairro 6,13.0
737,737,São Paulo,Bairro 30,29.1
738,738,São Paulo,Bairro 33,30.7
739,739,São Paulo,Bairro 44,1.7
740,740,São Paulo,Bairro 55,17.0
741,741,São Paulo,Bairro 43,40.9
742,742,São Paulo,Bairro 9,33.4
743,743,São Paulo,Bairro 58,21.8
744,744,São Paulo,Bairro 31,1.5
745,745,São Paulo,Bairro 43,6.1
746,746,São Paulo,Bairro 4,33.5
747,747,São Paulo,Bairro 37,21.3
748,748,São Paulo,Bairro 40,42.1
749,749,São Paulo,Bairro 31,27.8
750,750,São Paulo,Bairro 48,43.5
751,751,São Paulo,Bairro 60,20.5
752,752,São Paulo,Bairro 12,16.1
753,753,São Paulo,Bairro 43,26.8
754,754,São Paulo,Bairro 42,35.2
755,755,São Paulo,Bairro 5,3.3
756,756,São Paulo,Bairro 23,1.2
757,757,São Paulo,Bairro 29,31.2
758,758,São Paulo,Bairro 51,13.4
759,759,São Paulo,Bairro 40,17.4
760,760,São Paulo,Bairro 11,31.7
761,761,São Paulo,Bairro 46,18.4
762,762,São Paulo,Bairro 14,25.6
763,763,São Paulo,Bairro 33,1.7
764,764,São Paulo,Bairro 3,20.2
765,765,São Paulo,Bairro 59,5.2
766,766,São Paulo,Bairro 56,13.1
767,767,São Paulo,Bairro 21,2.6
768,768,São Paulo,Bairro 50,16.4
769,769,São Paulo,Bairro 12,6.2
770,770,São Paulo,Bairro 7,3.4
771,771,São Paulo,Bairro 57,38.0
772,772,São Paulo,Bairro 54,22.0
773,773,São Paulo,Bairro 52,43.8
774,774,São Paulo,Bairro 47,13.0
775,775,São Paulo,Bairro 9,43.1
776,776,São Paulo,Bairro 24,42.0
777,777,São Paulo,Bairro 47,10.4
778,778,São Paulo,Bairro 42,32.4
779,779,São Paulo,Bairro 9,9.9
780,780,São Paulo,Bairro 36,4.3
781,781,São Paulo,Bairro 20,10.8
782,782,São Paulo,Bairro 8,18.6
783,783,São Paulo,Bairro 5,19.7
784,784,São Paulo,Bairro 26,33.4
785,785,São Paulo,Bairro 40,39.6
786,786,São Paulo,Bairro 31,14.2
787,787,São Paulo,Bairro 20,41.0
788,788,São Paulo,Bairro 27,26.4
789,789,São Paulo,Bairro 3,22.2
790,790,São Paulo,Bairro 8,27.4
791,791,São Paulo,Bairro 34,36.4
792,792,São Paulo,Bairro 38,15.2
793,793,São Paulo,Bairro 5,35.7
794,794,São Paulo,Bairro 8,17.0
795,795,São Paulo,Bairro 35,40.7
796,796,São Paulo,Bairro 9,11.2
797,797,São Paulo,Bairro 4,41.2
798,798,São Paulo,Bairro 32,5.7
799,799,São Paulo,Bairro 42,16.9
800,800,São Paulo,Bairro 60,23.5
801,801,São Paulo,Bairro 1,8.6
802,802,São Paulo,Bairro 20,6.3
803,803,São Paulo,Bairro 26,39.2
804,804,São Paulo,Bairro 47,37.9
805,805,São Paulo,Bairro 22,36.0
806,806,São Paulo,Bairro 35,32.6
807,807,São Paulo,Bairro 19,32.2
808,808,São Paulo,Bairro 48,26.3
809,809,São Paulo,Bairro 14,20.3
810,810,São Paulo,Bairro 52,13.0
811,811,São Paulo,Bairro 42,25.0
812,812,São Paulo,Bairro 23,39.0
813,813,São Paulo,Bairro 34,30.3
814,814,São Paulo,Bairro 23,29.3
815,815,São Paulo,Bairro 30,28.4
816,816,São Paulo,Bairro 5,40.1
817,817,São Paulo,Bairro 53,38.1
818,818,São Paulo,Bairro 34,12.0
819,819,São Paulo,Bairro 20,12.9
820,820,São Paulo,Bairro 4,7.4
821,821,São Paulo,Bairro 32,37.2
822,822,São Paulo,Bairro 50,23.1
823,823,São Paulo,Bairro 17,8.1
824,824,São Paulo,Bairro 20,42.2
825,825,São Paulo,Bairro 29,27.5
826,826,São Paulo,Bairro 14,18.6
827,827,São Paulo,Bairro 28,43.1
828,828,São Paulo,Bairro 19,14.3
829,829,São Paulo,Bairro 49,18.2
830,830,São Paulo,Bairro 48,20.9
831,831,São Paulo,Bairro 8,24.5
832,832,São Paulo,Bairro 5,18.6
833,833,São Paulo,Bairro 34,8.0
834,834,São Paulo,Bairro 32,32.4
835,835,São Paulo,Bairro 42,10.3
836,836,São Paulo,Bairro 53,20.3
837,837,São Paulo,Bairro 19,26.7
838,838,São Paulo,Bairro 29,43.8
839,839,São Paulo,Bairro 48,13.5
840,840,São Paulo,Bairro 45,6.1
841,841,São Paulo,Bairro 58,11.0
842,842,São Paulo,Bairro 16,29.1
843,843,São Paulo,Bairro 41,5.1
844,844,São Paulo,Bairro 34,37.4
845,845,São Paulo,Bairro 58,23.6
846,846,São Paulo,Bairro 21,19.0
847,847,São Paulo,Bairro 21,38.5
848,848,São Paulo,Bairro 8,37.0
849,849,São Paulo,Bairro 51,15.4
850,850,São Paulo,Bairro 41,34.7
851,851,São Paulo,Bairro 41,16.2
852,852,São Paulo,Bairro 43,20.0
853,853,São Paulo,Bairro 30,28.8
854,854,São Paulo,Bairro 2,32.7
855,855,São Paulo,Bairro 39,35.4
856,856,São Paulo,Bairro 4,21.7
857,857,São Paulo,Bairro 29,29.1
858,858,São Paulo,Bairro 54,14.2
859,859,São Paulo,Bairro 41,17.1
860,860,São Paulo,Bairro 14,1.7
861,861,São Paulo,Bairro 2,3.7
862,862,São Paulo,Bairro 13,5.1
863,863,São Paulo,Bairro 60,12.2
864,864,São Paulo,Bairro 10,21.4
865,865,São Paulo,Bairro 23,26.7
866,866,São Paulo,Bairro 7,28.9
867,867,São Paulo,Bairro 37,28.4
868,868,São Paulo,Bairro 23,17.5
869,869,São Paulo,Bairro 45,6.2
870,870,São Paulo,Bairro 4,16.8
871,871,São Paulo,Bairro 22,35.6
872,872,São Paulo,Bairro 59,28.4
873,873,São Paulo,Bairro 21,38.4
874,874,São Paulo,Bairro 7,22.7
875,875,São Paulo,Bairro 19,28.7
876,876,São Paulo,Bairro 23,19.7
877,877,São Paulo,Bairro 10,41.6
878,878,São Paulo,Bairro 26,14.2
879,879,São Paulo,Bairro 10,34.3
880,880,São Paulo,Bairro 48,12.5
881,881,São Paulo,Bairro 29,14.2
882,882,São Paulo,Bairro 33,33.6
883,883,São Paulo,Bairro 51,7.3
884,884,São Paulo,Bairro 12,6.2
885,885,São Paulo,Bairro 18,3.7
886,886,São Paulo,Bairro 27,13.5
887,887,São Paulo,Bairro 37,18.6
888,888,São Paulo,Bairro 30,7.7
889,889,São Paulo,Bairro 22,7.5
890,890,São Paulo,Bairro 4,43.0
891,891,São Paulo,Bairro 57,31.1
892,892,São Paulo,Bairro 47,12.9
893,893,São Paulo,Bairro 30,19.2
894,894,São Paulo,Bairro 40,18.8
895,895,São Paulo,Bairro 15,20.0
896,896,São Paulo,Bairro 24,2.0
897,897,São Paulo,Bairro 37,11.1
898,898,São Paulo,Bairro 11,43.9
899,899,São Paulo,Bairro 48,26.0
900,900,São Paulo,Bairro 25,32.6
901,901,São Paulo,Bairro 40,9.2
902,902,São Paulo,Bairro 12,3.1
903,903,São Paulo,Bairro 47,0.5
904,904,São Paulo,Bairro 47,16.0
905,905,São Paulo,Bairro 26,40.3
906,906,São Paulo,Bairro 25,41.0
907,907,São Paulo,Bairro 8,30.4
908,908,São Paulo,Bairro 50,44.2
909,909,São Paulo,Bairro 59,24.6
910,910,São Paulo,Bairro 17,12.6
911,911,São Paulo,Bairro 23,6.1
912,912,São Paulo,Bairro 26,11.6
913,913,São Paulo,Bairro 59,12.3
914,914,São Paulo,Bairro 7,40.8
915,915,São Paulo,Bairro 2,36.1
916,916,São Paulo,Bairro 51,40.0
917,917,São Paulo,Bairro 11,2.0
918,918,São Paulo,Bairro 37,17.2
919,919,São Paulo,Bairro 26,33.7
920,920,São Paulo,Bairro 20,3.1
921,921,São Paulo,Bairro 51,18.8
922,922,São Paulo,Bairro 16,42.6
923,923,São Paulo,Bairro 7,37.7
924,924,São Paulo,Bairro 8,31.5
925,925,São Paulo,Bairro 54,21.2
926,926,São Paulo,Bairro 8,27.3
927,927,São Paulo,Bairro 31,26.8
928,928,São Paulo,Bairro 12,40.1
929,929,São Paulo,Bairro 27,1.7
930,930,São Paulo,Bairro 34,19.7
931,931,São Paulo,Bairro 15,4.1
932,932,São Paulo,Bairro 18,30.7
933,933,São Paulo,Bairro 14,12.5
934,934,São Paulo,Bairro 12,8.5
935,935,São Paulo,Bairro 32,37.3
936,936,São Paulo,Bairro 58,13.3
937,937,São Paulo,Bairro 6,35.7
938,938,São Paulo,Bairro 3,42.0
939,939,São Paulo,Bairro 30,8.0
940,940,São Paulo,Bairro 10,25.5
941,941,São Paulo,Bairro 17,28.0
942,942,São Paulo,Bairro 39,39.2
943,943,São Paulo,Bairro 59,23.0
944,944,São Paulo,Bairro 13,33.2
945,945,São Paulo,Bairro 32,42.0
946,946,São Paulo,Bairro 11,24.6
947,947,São Paulo,Bairro 26,2.0
948,948,São Paulo,Bairro 32,34.9
949,949,São Paulo,Bairro 57,31.2
950,950,São Paulo,Bairro 31,30.2
951,951,São Paulo,Bairro 34,20.5
952,952,São Paulo,Bairro 14,40.8
953,953,São Paulo,Bairro 49,39.5
954,954,São Paulo,Bairro 4,5.8
955,955,São Paulo,Bairro 5,36.4
956,956,São Paulo,Bairro 3,29.6
957,957,São Paulo,Bairro 12,31.1
958,958,São Paulo,Bairro 38,7.2
959,959,São Paulo,Bairro 14,24.1
960,960,São Paulo,Bairro 24,41.6
961,961,São Paulo,Bairro 11,7.1
962,962,São Paulo,Bairro 30,22.5
963,963,São Paulo,Bairro 3,12.5
964,964,São Paulo,Bairro 51,23.8
965,965,São Paulo,Bairro 2,18.2
966,966,São Paulo,Bairro 16,28.5
967,967,São Paulo,Bairro 17,12.9
968,968,São Paulo,Bairro 44,27.6
969,969,São Paulo,Bairro 36,11.6
970,970,São Paulo,Bairro 3,12.9
971,971,São Paulo,Bairro 8,41.7
972,972,São Paulo,Bairro 46,8.0
973,973,São Paulo,Bairro 7,18.1
974,974,São Paulo,Bairro 48,16.8
975,975,São Paulo,Bairro 41,14.3
976,976,São Paulo,Bairro 30,26.6
977,977,São Paulo,Bairro 13,29.8
978,978,São Paulo,Bairro 37,21.4
979,979,São Paulo,Bairro 9,5.9
980,980,São Paulo,Bairro 57,13.8
981,981,São Paulo,Bairro 25,3.9
982,982,São Paulo,Bairro 25,27.8
983,983,São Paulo,Bairro 48,34.2
984,984,São Paulo,Bairro 20,21.6
985,985,São Paulo,Bairro 25,3.7
986,986,São Paulo,Bairro 10,43.4
987,987,São Paulo,Bairro 55,19.5
988,988,São Paulo,Bairro 49,29.4
989,989,São Paulo,Bairro 24,12.2
990,990,São Paulo,Bairro 6,26.6
991,991,São Paulo,Bairro 3,34.2
992,992,São Paulo,Bairro 17,9.3
993,993,São Paulo,Bairro 30,39.1
994,994,São Paulo,Bairro 11,28.0
995,995,São Paulo,Bairro 27,20.9
996,996,São Paulo,Bairro 57,2.0
997,997,São Paulo,Bairro 1,9.6
998,998,São Paulo,Bairro 27,35.1
999,999,São Paulo,Bairro 54,8.0
1000,1000,São Paulo,Bairro 29,36.9
1001,1001,São Paulo,Bairro 49,12.7
1002,1002,São Paulo,Bairro 43,12.4
1003,1003,São Paulo,Bairro 21,44.2
1004,1004,São Paulo,Bairro 52,18.2
1005,1005,São Paulo,Bairro 19,24.4
1006,1006,São Paulo,Bairro 58,40.1
1007,1007,São Paulo,Bairro 56,4.3
1008,1008,São Paulo,Bairro 38,26.9
1009,1009,São Paulo,Bairro 59,18.5
1010,1010,São Paulo,Bairro 49,18.0
1011,1011,São Paulo,Bairro 16,8.3
1012,1012,São Paulo,Bairro 12,30.5
1013,1013,São Paulo,Bairro 32,27.4
1014,1014,São Paulo,Bairro 49,5.6
1015,1015,São Paulo,Bairro 53,22.4
1016,1016,São Paulo,Bairro 22,5.6
1017,1017,São Paulo,Bairro 23,27.3
1018,1018,São Paulo,Bairro 11,30.8
1019,1019,São Paulo,Bairro 12,35.9
1020,1020,São Paulo,Bairro 38,3.9
1021,1021,São Paulo,Bairro 39,13.5
1022,1022,São Paulo,Bairro 9,34.4
1023,1023,São Paulo,Bairro 9,39.7
1024,1024,São Paulo,Bairro 39,6.8
1025,1025,São Paulo,Bairro 23,11.5
1026,1026,São Paulo,Bairro 17,3.6
1027,1027,São Paulo,Bairro 29,15.2
1028,1028,São Paulo,Bairro 56,21.8
1029,1029,São Paulo,Bairro 60,17.9
1030,1030,São Paulo,Bairro 32,18.5
1031,1031,São Paulo,Bairro 44,22.1
1032,1032,São Paulo,Bairro 11,30.3
1033,1033,São Paulo,Bairro 56,41.2
1034,1034,São Paulo,Bairro 24,37.9
1035,1035,São Paulo,Bairro 58,36.9
1036,1036,São Paulo,Bairro 56,39.5
1037,1037,São Paulo,Bairro 28,19.8
1038,1038,São Paulo,Bairro 32,26.5
1039,1039,São Paulo,Bairro 14,11.0
1040,1040,São Paulo,Bairro 43,13.1
1041,1041,São Paulo,Bairro 33,9.4
1042,1042,São Paulo,Bairro 53,36.2
1043,1043,São Paulo,Bairro 31,23.3
1044,1044,São Paulo,Bairro 26,38.3
1045,1045,São Paulo,Bairro 8,16.1
1046,1046,São Paulo,Bairro 41,26.1
1047,1047,São Paulo,Bairro 55,17.8
1048,1048,São Paulo,Bairro 34,18.6
1049,1049,São Paulo,Bairro 42,23.5
1050,1050,São Paulo,Bairro 35,42.5
1051,1051,São Paulo,Bairro 31,26.7
1052,1052,São Paulo,Bairro 27,15.4
1053,1053,São Paulo,Bairro 4,1.6
1054,1054,São Paulo,Bairro 12,36.6
1055,1055,São Paulo,Bairro 32,44.9
1056,1056,São Paulo,Bairro 1,27.9
1057,1057,São Paulo,Bairro 45,18.7
1058,1058,São Paulo,Bairro 53,1.2
1059,1059,São Paulo,Bairro 31,39.4
1060,1060,São Paulo,Bairro 40,7.4
1061,1061,São Paulo,Bairro 3,11.0
1062,1062,São Paulo,Bairro 15,20.6
1063,1063,São Paulo,Bairro 6,12.3
1064,1064,São Paulo,Bairro 44,5.5
1065,1065,São Paulo,Bairro 52,21.5
1066,1066,São Paulo,Bairro 29,37.2
1067,1067,São Paulo,Bairro 32,37.3
1068,1068,São Paulo,Bairro 15,26.3
1069,1069,São Paulo,Bairro 41,6.9
1070,1070,São Paulo,Bairro 27,44.5
1071,1071,São Paulo,Bairro 46,22.9
1072,1072,São Paulo,Bairro 18,39.4
1073,1073,São Paulo,Bairro 21,12.1
1074,1074,São Paulo,Bairro 32,37.1
1075,1075,São Paulo,Bairro 48,39.5
1076,1076,São Paulo,Bairro 40,11.5
1077,1077,São Paulo,Bairro 47,34.4
1078,1078,São Paulo,Bairro 26,33.0
1079,1079,São Paulo,Bairro 56,43.5
1080,1080,São Paulo,Bairro 14,6.8
1081,1081,São Paulo,Bairro 20,1.8
1082,1082,São Paulo,Bairro 31,8.2
1083,1083,São Paulo,Bairro 59,23.4
1084,1084,São Paulo,Bairro 51,44.6
1085,1085,São Paulo,Bairro 54,15.9
1086,1086,São Paulo,Bairro 33,5.2
1087,1087,São Paulo,Bairro 59,30.2
1088,1088,São Paulo,Bairro 59,3.9
1089,1089,São Paulo,Bairro 33,1.6
1090,1090,São Paulo,Bairro 52,23.0
1091,1091,São Paulo,Bairro 49,1.9
1092,1092,São Paulo,Bairro 35,25.5
1093,1093,São Paulo,Bairro 4,12.2
1094,1094,São Paulo,Bairro 40,9.7
1095,1095,São Paulo,Bairro 26,32.7
1096,1096,São Paulo,Bairro 29,7.0
1097,1097,São Paulo,Bairro 18,35.1
1098,1098,São Paulo,Bairro 22,37.4
1099,1099,São Paulo,Bairro 12,22.0
1100,1100,São Paulo,Bairro 39,12.0
1101,1101,São Paulo,Bairro 25,22.2
1102,1102,São Paulo,Bairro 52,6.5
1103,1103,São Paulo,Bairro 46,32.1
1104,1104,São Paulo,Bairro 31,8.5
1105,1105,São Paulo,Bairro 58,7.1
1106,1106,São Paulo,Bairro 52,14.5
1107,1107,São Paulo,Bairro 23,11.1
1108,1108,São Paulo,Bairro 21,2.7
1109,1109,São Paulo,Bairro 7,18.0
1110,1110,São Paulo,Bairro 56,26.2
1111,1111,São Paulo,Bairro 50,39.4
1112,1112,São Paulo,Bairro 37,42.0
1113,1113,São Paulo,Bairro 29,11.8
1114,1114,São Paulo,Bairro 7,4.3
1115,1115,São Paulo,Bairro 43,18.1
1116,1116,São Paulo,Bairro 53,31.8
1117,1117,São Paulo,Bairro 50,35.3
1118,1118,São Paulo,Bairro 28,0.7
1119,1119,São Paulo,Bairro 26,8.2
1120,1120,São Paulo,Bairro 19,37.6
1121,1121,São Paulo,Bairro 51,15.0
1122,1122,São Paulo,Bairro 7,10.5
1123,1123,São Paulo,Bairro 38,19.4
1124,1124,São Paulo,Bairro 53,32.6
1125,1125,São Paulo,Bairro 48,42.8
1126,1126,São Paulo,Bairro 53,21.2
1127,1127,São Paulo,Bairro 55,7.1
1128,1128,São Paulo,Bairro 37,18.6
1129,1129,São Paulo,Bairro 48,14.1
1130,1130,São Paulo,Bairro 31,3.4
1131,1131,São Paulo,Bairro 44,4.7
1132,1132,São Paulo,Bairro 6,9.9
1133,1133,São Paulo,Bairro 58,6.5
1134,1134,São Paulo,Bairro 1,20.7
1135,1135,São Paulo,Bairro 13,33.3
1136,1136,São Paulo,Bairro 8,26.4
1137,1137,São Paulo,Bairro 6,24.4
1138,1138,São Paulo,Bairro 26,15.2
1139,1139,São Paulo,Bairro 24,38.8
1140,1140,São Paulo,Bairro 50,18.8
1141,1141,São Paulo,Bairro 14,19.8
1142,1142,São Paulo,Bairro 45,30.1
1143,1143,São Paulo,Bairro 33,15.6
1144,1144,São Paulo,Bairro 58,35.6
1145,1145,São Paulo,Bairro 25,20.9
1146,1146,São Paulo,Bairro 48,39.2
1147,1147,São Paulo,Bairro 42,39.4
1148,1148,São Paulo,Bairro 23,28.1
1149,1149,São Paulo,Bairro 49,26.3
1150,1150,São Paulo,Bairro 39,17.4
1151,1151,São Paulo,Bairro 53,18.9
1152,1152,São Paulo,Bairro 29,18.6
1153,1153,São Paulo,Bairro 48,8.7
1154,1154,São Paulo,Bairro 13,17.3
1155,1155,São Paulo,Bairro 20,26.0
1156,1156,São Paulo,Bairro 37,35.8
1157,1157,São Paulo,Bairro 23,31.0
1158,1158,São Paulo,Bairro 55,13.4
1159,1159,São Paulo,Bairro 29,30.2
1160,1160,São Paulo,Bairro 48,12.5
1161,1161,São Paulo,Bairro 57,30.8
1162,1162,São Paulo,Bairro 10,13.7
1163,1163,São Paulo,Bairro 7,38.4
1164,1164,São Paulo,Bairro 10,19.6
1165,1165,São Paulo,Bairro 8,22.6
1166,1166,São Paulo,Bairro 31,34.5
1167,1167,São Paulo,Bairro 46,40.6
1168,1168,São Paulo,Bairro 10,8.6
1169,1169,São Paulo,Bairro 7,38.7
1170,1170,São Paulo,Bairro 44,13.9
1171,1171,São Paulo,Bairro 42,5.3
1172,1172,São Paulo,Bairro 46,35.8
1173,1173,São Paulo,Bairro 54,21.8
1174,1174,São Paulo,Bairro 33,4.6
1175,1175,São Paulo,Bairro 47,39.4
1176,1176,São Paulo,Bairro 44,26.1
1177,1177,São Paulo,Bairro 59,10.8
1178,1178,São Paulo,Bairro 29,9.6
1179,1179,São Paulo,Bairro 30,15.0
1180,1180,São Paulo,Bairro 3,29.9
1181,1181,São Paulo,Bairro 38,41.8
1182,1182,São Paulo,Bairro 35,11.0
1183,1183,São Paulo,Bairro 36,15.0
1184,1184,São Paulo,Bairro 33,33.2
1185,1185,São Paulo,Bairro 16,8.0
1186,1186,São Paulo,Bairro 7,1.6
1187,1187,São Paulo,Bairro 21,9.7
1188,1188,São Paulo,Bairro 21,4.4
1189,1189,São Paulo,Bairro 14,14.6
1190,1190,São Paulo,Bairro 28,33.1
1191,1191,São Paulo,Bairro 44,32.0
1192,1192,São Paulo,Bairro 15,3.4
1193,1193,São Paulo,Bairro 29,43.4
1194,1194,São Paulo,Bairro 39,30.5
1195,1195,São Paulo,Bairro 41,43.5
1196,1196,São Paulo,Bairro 58,45.0
1197,1197,São Paulo,Bairro 15,41.9
1198,1198,São Paulo,Bairro 13,34.3
1199,1199,São Paulo,Bairro 17,20.4
1200,1200,São Paulo,Bairro 6,31.7
1201,1201,São Paulo,Bairro 56,12.1
1202,1202,São Paulo,Bairro 14,11.3
1203,1203,São Paulo,Bairro 41,28.7
1204,1204,São Paulo,Bairro 58,7.9
1205,1205,São Paulo,Bairro 20,5.3
1206,1206,São Paulo,Bairro 52,18.8
1207,1207,São Paulo,Bairro 37,43.4
1208,1208,São Paulo,Bairro 45,30.5
1209,1209,São Paulo,Bairro 3,18.2
1210,1210,São Paulo,Bairro 35,6.4
1211,1211,São Paulo,Bairro 42,26.8
1212,1212,São Paulo,Bairro 47,11.8
1213,1213,São Paulo,Bairro 50,25.0
1214,1214,São Paulo,Bairro 3,8.2
1215,1215,São Paulo,Bairro 33,41.9
1216,1216,São Paulo,Bairro 23,21.0
1217,1217,São Paulo,Bairro 44,25.3
1218,1218,São Paulo,Bairro 37,43.0
1219,1219,São Paulo,Bairro 7,34.2
1220,1220,São Paulo,Bairro 43,29.2
1221,1221,São Paulo,Bairro 6,19.5
1222,1222,São Paulo,Bairro 12,16.9
1223,1223,São Paulo,Bairro 19,27.1
1224,1224,São Paulo,Bairro 13,5.3
1225,1225,São Paulo,Bairro 20,14.8
1226,1226,São Paulo,Bairro 47,19.1
1227,1227,São Paulo,Bairro 7,9.4
1228,1228,São Paulo,Bairro 59,23.5
1229,1229,São Paulo,Bairro 28,5.4
1230,1230,São Paulo,Bairro 15,18.9
1231,1231,São Paulo,Bairro 45,13.4
1232,1232,São Paulo,Bairro 25,4.1
1233,1233,São Paulo,Bairro 7,19.6
1234,1234,São Paulo,Bairro 1,14.7
1235,1235,São Paulo,Bairro 16,10.6
1236,1236,São Paulo,Bairro 44,1.4
1237,1237,São Paulo,Bairro 49,30.2
1238,1238,São Paulo,Bairro 45,37.5
1239,1239,São Paulo,Bairro 25,21.4
1240,1240,São Paulo,Bairro 9,22.7
1241,1241,São Paulo,Bairro 17,22.0
1242,1242,São Paulo,Bairro 27,27.4
1243,1243,São Paulo,Bairro 59,38.5
1244,1244,São Paulo,Bairro 16,36.3
1245,1245,São Paulo,Bairro 12,5.3
1246,1246,São Paulo,Bairro 51,24.0
1247,1247,São Paulo,Bairro 50,27.0
1248,1248,São Paulo,Bairro 55,0.5
1249,1249,São Paulo,Bairro 44,17.8
1250,1250,São Paulo,Bairro 50,20.6
1251,1251,São Paulo,Bairro 39,19.5
1252,1252,São Paulo,Bairro 10,38.5
1253,1253,São Paulo,Bairro 18,4.5
1254,1254,São Paulo,Bairro 28,8.1
1255,1255,São Paulo,Bairro 13,3.4
1256,1256,São Paulo,Bairro 49,44.0
1257,1257,São Paulo,Bairro 42,17.3
1258,1258,São Paulo,Bairro 29,25.1
1259,1259,São Paulo,Bairro 57,28.7
1260,1260,São Paulo,Bairro 21,33.6
1261,1261,São Paulo,Bairro 60,25.3
1262,1262,São Paulo,Bairro 45,12.0
1263,1263,São Paulo,Bairro 17,1.1
1264,1264,São Paulo,Bairro 50,39.8
1265,1265,São Paulo,Bairro 39,37.0
1266,1266,São Paulo,Bairro 41,16.7
1267,1267,São Paulo,Bairro 16,39.5
1268,1268,São Paulo,Bairro 29,43.9
1269,1269,São Paulo,Bairro 21,36.1
1270,1270,São Paulo,Bairro 17,17.9
1271,1271,São Paulo,Bairro 7,19.8
1272,1272,São Paulo,Bairro 19,31.9
1273,1273,São Paulo,Bairro 35,38.1
1274,1274,São Paulo,Bairro 58,41.9
1275,1275,São Paulo,Bairro 4,10.6
1276,1276,São Paulo,Bairro 56,21.2
1277,1277,São Paulo,Bairro 55,17.3
1278,1278,São Paulo,Bairro 22,13.0
1279,1279,São Paulo,Bairro 29,19.1
1280,1280,São Paulo,Bairro 38,28.6
1281,1281,São Paulo,Bairro 38,13.6
1282,1282,São Paulo,Bairro 17,6.3
1283,1283,São Paulo,Bairro 60,29.9
1284,1284,São Paulo,Bairro 4,27.9
1285,1285,São Paulo,Bairro 26,9.2
1286,1286,São Paulo,Bairro 44,33.0
1287,1287,São Paulo,Bairro 14,23.2
1288,1288,São Paulo,Bairro 42,14.8
1289,1289,São Paulo,Bairro 33,34.1
1290,1290,São Paulo,Bairro 12,8.9
1291,1291,São Paulo,Bairro 14,7.1
1292,1292,São Paulo,Bairro 40,44.6
1293,1293,São Paulo,Bairro 32,23.3
1294,1294,São Paulo,Bairro 58,37.1
1295,1295,São Paulo,Bairro 20,9.5
1296,1296,São Paulo,Bairro 23,24.3
1297,1297,São Paulo,Bairro 44,30.4
1298,1298,São Paulo,Bairro 40,26.3
1299,1299,São Paulo,Bairro 56,27.5
1300,1300,São Paulo,Bairro 57,35.0
1301,1301,São Paulo,Bairro 27,11.5
1302,1302,São Paulo,Bairro 24,23.3
1303,1303,São Paulo,Bairro 26,31.8
1304,1304,São Paulo,Bairro 43,26.1
1305,1305,São Paulo,Bairro 10,15.4
1306,1306,São Paulo,Bairro 42,31.5
1307,1307,São Paulo,Bairro 18,10.6
1308,1308,São Paulo,Bairro 45,18.6
1309,1309,São Paulo,Bairro 27,18.5
1310,1310,São Paulo,Bairro 33,22.6
1311,1311,São Paulo,Bairro 5,21.0
1312,1312,São Paulo,Bairro 8,43.4
1313,1313,São Paulo,Bairro 28,17.0
1314,1314,São Paulo,Bairro 14,43.5
1315,1315,São Paulo,Bairro 22,27.1
1316,1316,São Paulo,Bairro 22,15.9
1317,1317,São Paulo,Bairro 13,27.4
1318,1318,São Paulo,Bairro 60,16.9
1319,1319,São Paulo,Bairro 4,19.4
1320,1320,São Paulo,Bairro 37,23.7
1321,1321,São Paulo,Bairro 22,22.9
1322,1322,São Paulo,Bairro 43,6.2
1323,1323,São Paulo,Bairro 17,24.4
1324,1324,São Paulo,Bairro 16,35.3
1325,1325,São Paulo,Bairro 4,27.5
1326,1326,São Paulo,Bairro 47,21.0
1327,1327,São Paulo,Bairro 10,23.7
1328,1328,São Paulo,Bairro 21,31.4
1329,1329,São Paulo,Bairro 18,5.9
1330,1330,São Paulo,Bairro 38,9.6
1331,1331,São Paulo,Bairro 54,34.7
1332,1332,São Paulo,Bairro 20,41.1
1333,1333,São Paulo,Bairro 6,14.4
1334,1334,São Paulo,Bairro 37,31.9
1335,1335,São Paulo,Bairro 17,7.6
1336,1336,São Paulo,Bairro 5,16.4
1337,1337,São Paulo,Bairro 20,32.6
1338,1338,São Paulo,Bairro 56,2.0
1339,1339,São Paulo,Bairro 26,21.1
1340,1340,São Paulo,Bairro 25,7.0
1341,1341,São Paulo,Bairro 59,6.8
1342,1342,São Paulo,Bairro 24,22.5
1343,1343,São Paulo,Bairro 3,14.3
1344,1344,São Paulo,Bairro 50,17.0
1345,1345,São Paulo,Bairro 48,30.3
1346,1346,São Paulo,Bairro 32,28.8
1347,1347,São Paulo,Bairro 30,44.6
1348,1348,São Paulo,Bairro 51,1.4
1349,1349,São Paulo,Bairro 24,11.7
1350,1350,São Paulo,Bairro 30,19.7
1351,1351,São Paulo,Bairro 60,36.7
1352,1352,São Paulo,Bairro 53,10.8
1353,1353,São Paulo,Bairro 29,35.6
1354,1354,São Paulo,Bairro 43,39.7
1355,1355,São Paulo,Bairro 37,36.6
1356,1356,São Paulo,Bairro 32,14.8
1357,1357,São Paulo,Bairro 43,29.2
1358,1358,São Paulo,Bairro 38,1.8
1359,1359,São Paulo,Bairro 46,29.7
1360,1360,São Paulo,Bairro 50,36.9
1361,1361,São Paulo,Bairro 59,4.9
1362,1362,São Paulo,Bairro 55,13.1
1363,1363,São Paulo,Bairro 32,8.0
1364,1364,São Paulo,Bairro 52,43.5
1365,1365,São Paulo,Bairro 18,42.8
1366,1366,São Paulo,Bairro 27,5.1
1367,1367,São Paulo,Bairro 47,2.4
1368,1368,São Paulo,Bairro 8,32.2
1369,1369,São Paulo,Bairro 5,22.7
1370,1370,São Paulo,Bairro 33,7.3
1371,1371,São Paulo,Bairro 10,6.7
1372,1372,São Paulo,Bairro 38,6.9
1373,1373,São Paulo,Bairro 21,4.4
1374,1374,São Paulo,Bairro 45,9.9
1375,1375,São Paulo,Bairro 2,0.7
1376,1376,São Paulo,Bairro 38,31.1
1377,1377,São Paulo,Bairro 3,3.3
1378,1378,São Paulo,Bairro 48,4.7
1379,1379,São Paulo,Bairro 29,11.9
1380,1380,São Paulo,Bairro 44,37.4
1381,1381,São Paulo,Bairro 29,8.4
1382,1382,São Paulo,Bairro 37,2.9
1383,1383,São Paulo,Bairro 23,45.0
1384,1384,São Paulo,Bairro 21,6.1
1385,1385,São Paulo,Bairro 31,22.9
1386,1386,São Paulo,Bairro 45,28.0
1387,1387,São Paulo,Bairro 17,27.8
1388,1388,São Paulo,Bairro 59,22.5
1389,1389,São Paulo,Bairro 31,31.7
1390,1390,São Paulo,Bairro 19,14.4
1391,1391,São Paulo,Bairro 60,24.7
1392,1392,São Paulo,Bairro 19,6.6
1393,1393,São Paulo,Bairro 25,10.8
1394,1394,São Paulo,Bairro 14,37.1
1395,1395,São Paulo,Bairro 16,35.1
1396,1396,São Paulo,Bairro 55,28.7
1397,1397,São Paulo,Bairro 35,40.2
1398,1398,São Paulo,Bairro 57,33.0
1399,1399,São Paulo,Bairro 27,15.7
1400,1400,São Paulo,Bairro 37,41.4
1401,1401,São Paulo,Bairro 14,32.2
1402,1402,São Paulo,Bairro 36,9.4
1403,1403,São Paulo,Bairro 4,25.4
1404,1404,São Paulo,Bairro 19,4.5
1405,1405,São Paulo,Bairro 3,5.7
1406,1406,São Paulo,Bairro 51,2.7
1407,1407,São Paulo,Bairro 43,34.8
1408,1408,São Paulo,Bairro 17,29.9
1409,1409,São Paulo,Bairro 48,12.2
1410,1410,São Paulo,Bairro 38,2.3
1411,1411,São Paulo,Bairro 24,28.9
1412,1412,São Paulo,Bairro 37,11.3
1413,1413,São Paulo,Bairro 19,41.8
1414,1414,São Paulo,Bairro 8,43.5
1415,1415,São Paulo,Bairro 44,22.0
1416,1416,São Paulo,Bairro 57,28.3
1417,1417,São Paulo,Bairro 13,9.6
1418,1418,São Paulo,Bairro 46,31.1
1419,1419,São Paulo,Bairro 15,42.1
1420,1420,São Paulo,Bairro 46,28.6
1421,1421,São Paulo,Bairro 49,31.8
1422,1422,São Paulo,Bairro 59,41.3
1423,1423,São Paulo,Bairro 8,24.8
1424,1424,São Paulo,Bairro 53,7.3
1425,1425,São Paulo,Bairro 7,28.3
1426,1426,São Paulo,Bairro 35,7.6
1427,1427,São Paulo,Bairro 52,17.5
1428,1428,São Paulo,Bairro 2,39.9
1429,1429,São Paulo,Bairro 43,8.9
1430,1430,São Paulo,Bairro 11,43.3
1431,1431,São Paulo,Bairro 5,24.0
1432,1432,São Paulo,Bairro 25,21.0
1433,1433,São Paulo,Bairro 41,30.1
1434,1434,São Paulo,Bairro 8,30.5
1435,1435,São Paulo,Bairro 43,36.3
1436,1436,São Paulo,Bairro 2,24.7
1437,1437,São Paulo,Bairro 60,3.2
1438,1438,São Paulo,Bairro 60,39.2
1439,1439,São Paulo,Bairro 59,24.6
1440,1440,São Paulo,Bairro 16,40.0
1441,1441,São Paulo,Bairro 37,30.8
1442,1442,São Paulo,Bairro 59,0.8
1443,1443,São Paulo,Bairro 44,6.7
1444,1444,São Paulo,Bairro 54,30.3
1445,1445,São Paulo,Bairro 23,20.5
1446,1446,São Paulo,Bairro 57,14.6
1447,1447,São Paulo,Bairro 51,16.4
1448,1448,São Paulo,Bairro 20,12.5
1449,1449,São Paulo,Bairro 5,40.7
1450,1450,São Paulo,Bairro 39,29.7
1451,1451,São Paulo,Bairro 13,16.0
1452,1452,São Paulo,Bairro 59,35.2
1453,1453,São Paulo,Bairro 45,8.7
1454,1454,São Paulo,Bairro 26,11.6
1455,1455,São Paulo,Bairro 37,31.7
1456,1456,São Paulo,Bairro 11,14.1
1457,1457,São Paulo,Bairro 2,30.0
1458,1458,São Paulo,Bairro 15,22.8
1459,1459,São Paulo,Bairro 17,43.6
1460,1460,São Paulo,Bairro 10,3.1
1461,1461,São Paulo,Bairro 5,21.6
1462,1462,São Paulo,Bairro 23,28.2
1463,1463,São Paulo,Bairro 17,14.8
1464,1464,São Paulo,Bairro 39,2.5
1465,1465,São Paulo,Bairro 42,1.5
1466,1466,São Paulo,Bairro 13,28.2
1467,1467,São Paulo,Bairro 24,34.6
1468,1468,São Paulo,Bairro 9,23.7
1469,1469,São Paulo,Bairro 25,27.9
1470,1470,São Paulo,Bairro 40,15.6
1471,1471,São Paulo,Bairro 37,42.8
1472,1472,São Paulo,Bairro 51,42.3
1473,1473,São Paulo,Bairro 54,4.5
1474,1474,São Paulo,Bairro 25,38.3
1475,1475,São Paulo,Bairro 31,10.6
1476,1476,São Paulo,Bairro 14,41.4
1477,1477,São Paulo,Bairro 12,20.3
1478,1478,São Paulo,Bairro 21,37.0
1479,1479,São Paulo,Bairro 49,13.6
1480,1480,São Paulo,Bairro 43,2.8
1481,1481,São Paulo,Bairro 12,31.3
1482,1482,São Paulo,Bairro 37,17.8
1483,1483,São Paulo,Bairro 34,27.9
1484,1484,São Paulo,Bairro 46,8.1
1485,1485,São Paulo,Bairro 36,16.6
1486,1486,São Paulo,Bairro 23,32.7
1487,1487,São Paulo,Bairro 48,8.6
1488,1488,São Paulo,Bairro 5,0.6
1489,1489,São Paulo,Bairro 60,5.5
1490,1490,São Paulo,Bairro 41,31.6
1491,1491,São Paulo,Bairro 58,31.3
1492,1492,São Paulo,Bairro 52,30.8
1493,1493,São Paulo,Bairro 44,14.3
1494,1494,São Paulo,Bairro 50,14.2
1495,1495,São Paulo,Bairro 55,14.3
1496,1496,São Paulo,Bairro 39,6.8
1497,1497,São Paulo,Bairro 29,12.6
1498,1498,São Paulo,Bairro 24,5.2
1499,1499,São Paulo,Bairro 47,37.2
1500,1500,São Paulo,Bairro 36,38.6
1501,1501,São Paulo,Bairro 30,1.1
1502,1502,São Paulo,Bairro 13,30.7
1503,1503,São Paulo,Bairro 11,5.1
1504,1504,São Paulo,Bairro 42,20.6
1505,1505,São Paulo,Bairro 22,27.9
1506,1506,São Paulo,Bairro 4,6.5
1507,1507,São Paulo,Bairro 50,11.7
1508,1508,São Paulo,Bairro 58,28.4
1509,1509,São Paulo,Bairro 34,11.2
1510,1510,São Paulo,Bairro 5,1.7
1511,1511,São Paulo,Bairro 14,8.3
1512,1512,São Paulo,Bairro 45,12.7
1513,1513,São Paulo,Bairro 47,2.8
1514,1514,São Paulo,Bairro 41,22.2
1515,1515,São Paulo,Bairro 33,34.4
1516,1516,São Paulo,Bairro 4,44.4
1517,1517,São Paulo,Bairro 59,34.0
1518,1518,São Paulo,Bairro 39,20.7
1519,1519,São Paulo,Bairro 39,15.7
1520,1520,São Paulo,Bairro 54,20.4
1521,1521,São Paulo,Bairro 23,39.9
1522,1522,São Paulo,Bairro 8,7.4
1523,1523,São Paulo,Bairro 14,21.1
1524,1524,São Paulo,Bairro 42,3.0
1525,1525,São Paulo,Bairro 49,27.5
1526,1526,São Paulo,Bairro 50,41.7
1527,1527,São Paulo,Bairro 42,33.6
1528,1528,São Paulo,Bairro 14,31.7
1529,1529,São Paulo,Bairro 51,8.5
1530,1530,São Paulo,Bairro 23,5.1
1531,1531,São Paulo,Bairro 25,19.6
1532,1532,São Paulo,Bairro 54,24.2
1533,1533,São Paulo,Bairro 40,8.3
1534,1534,São Paulo,Bairro 58,7.8
1535,1535,São Paulo,Bairro 19,19.1
1536,1536,São Paulo,Bairro 7,38.5
1537,1537,São Paulo,Bairro 14,14.0
1538,1538,São Paulo,Bairro 37,40.1
1539,1539,São Paulo,Bairro 23,25.5
1540,1540,São Paulo,Bairro 41,28.2
1541,1541,São Paulo,Bairro 24,43.3
1542,1542,São Paulo,Bairro 60,16.1
1543,1543,São Paulo,Bairro 11,3.3
1544,1544,São Paulo,Bairro 11,27.1
1545,1545,São Paulo,Bairro 47,15.0
1546,1546,São Paulo,Bairro 39,2.0
1547,1547,São Paulo,Bairro 58,33.2
1548,1548,São Paulo,Bairro 20,39.4
1549,1549,São Paulo,Bairro 5,33.9
1550,1550,São Paulo,Bairro 32,16.7
1551,1551,São Paulo,Bairro 14,34.4
1552,1552,São Paulo,Bairro 28,38.1
1553,1553,São Paulo,Bairro 49,20.6
1554,1554,São Paulo,Bairro 36,40.9
1555,1555,São Paulo,Bairro 53,8.3
1556,1556,São Paulo,Bairro 27,42.1
1557,1557,São Paulo,Bairro 50,23.1
1558,1558,São Paulo,Bairro 35,19.6
1559,1559,São Paulo,Bairro 20,44.8
1560,1560,São Paulo,Bairro 28,19.1
1561,1561,São Paulo,Bairro 23,40.5
1562,1562,São Paulo,Bairro 21,30.6
1563,1563,São Paulo,Bairro 32,32.7
1564,1564,São Paulo,Bairro 21,5.7
1565,1565,São Paulo,Bairro 27,38.8
1566,1566,São Paulo,Bairro 54,2.8
1567,1567,São Paulo,Bairro 30,27.2
1568,1568,São Paulo,Bairro 50,26.4
1569,1569,São Paulo,Bairro 60,13.0
1570,1570,São Paulo,Bairro 22,3.5
1571,1571,São Paulo,Bairro 24,26.6
1572,1572,São Paulo,Bairro 1,14.4
1573,1573,São Paulo,Bairro 9,39.4
1574,1574,São Paulo,Bairro 54,15.2
1575,1575,São Paulo,Bairro 33,20.8
1576,1576,São Paulo,Bairro 20,39.3
1577,1577,São Paulo,Bairro 28,12.2
1578,1578,São Paulo,Bairro 40,22.7
1579,1579,São Paulo,Bairro 23,2.6
1580,1580,São Paulo,Bairro 47,24.8
1581,1581,São Paulo,Bairro 51,35.1
1582,1582,São Paulo,Bairro 45,18.2
1583,1583,São Paulo,Bairro 54,0.8
1584,1584,São Paulo,Bairro 41,17.8
1585,1585,São Paulo,Bairro 33,31.8
1586,1586,São Paulo,Bairro 53,37.4
1587,1587,São Paulo,Bairro 33,17.0
1588,1588,São Paulo,Bairro 46,13.7
1589,1589,São Paulo,Bairro 27,6.8
1590,1590,São Paulo,Bairro 30,15.2
1591,1591,São Paulo,Bairro 55,36.0
1592,1592,São Paulo,Bairro 41,7.7
1593,1593,São Paulo,Bairro 41,27.8
1594,1594,São Paulo,Bairro 12,15.4
1595,1595,São Paulo,Bairro 8,8.7
1596,1596,São Paulo,Bairro 50,36.7
1597,1597,São Paulo,Bairro 36,1.1
1598,1598,São Paulo,Bairro 38,36.9
1599,1599,São Paulo,Bairro 47,13.0
1600,1600,São Paulo,Bairro 45,37.0
1601,1601,São Paulo,Bairro 57,38.0
1602,1602,São Paulo,Bairro 58,22.4
1603,1603,São Paulo,Bairro 16,14.9
1604,1604,São Paulo,Bairro 47,4.8
1605,1605,São Paulo,Bairro 56,13.6
1606,1606,São Paulo,Bairro 30,12.2
1607,1607,São Paulo,Bairro 55,21.5
1608,1608,São Paulo,Bairro 6,14.5
1609,1609,São Paulo,Bairro 7,6.4
1610,1610,São Paulo,Bairro 39,42.7
1611,1611,São Paulo,Bairro 18,17.0
1612,1612,São Paulo,Bairro 52,25.4
1613,1613,São Paulo,Bairro 16,33.0
1614,1614,São Paulo,Bairro 35,14.4
1615,1615,São Paulo,Bairro 58,28.6
1616,1616,São Paulo,Bairro 56,10.6
1617,1617,São Paulo,Bairro 33,38.9
1618,1618,São Paulo,Bairro 19,25.9
1619,1619,São Paulo,Bairro 41,37.7
1620,1620,São Paulo,Bairro 44,27.8
1621,1621,São Paulo,Bairro 49,3.5
1622,1622,São Paulo,Bairro 38,16.0
1623,1623,São Paulo,Bairro 23,41.5
1624,1624,São Paulo,Bairro 42,29.3
1625,1625,São Paulo,Bairro 46,15.6
1626,1626,São Paulo,Bairro 9,25.0
1627,1627,São Paulo,Bairro 31,29.5
1628,1628,São Paulo,Bairro 21,4.0
1629,1629,São Paulo,Bairro 1,25.9
1630,1630,São Paulo,Bairro 3,3.4
1631,1631,São Paulo,Bairro 6,22.6
1632,1632,São Paulo,Bairro 20,34.1
1633,1633,São Paulo,Bairro 30,11.6
1634,1634,São Paulo,Bairro 5,6.0
1635,1635,São Paulo,Bairro 19,40.3
1636,1636,São Paulo,Bairro 28,11.1
1637,1637,São Paulo,Bairro 28,38.4
1638,1638,São Paulo,Bairro 37,24.7
1639,1639,São Paulo,Bairro 46,4.8
1640,1640,São Paulo,Bairro 56,2.9
1641,1641,São Paulo,Bairro 43,0.6
1642,1642,São Paulo,Bairro 44,44.8
1643,1643,São Paulo,Bairro 21,27.4
1644,1644,São Paulo,Bairro 25,28.8
1645,1645,São Paulo,Bairro 7,28.0
1646,1646,São Paulo,Bairro 29,40.5
1647,1647,São Paulo,Bairro 18,3.2
1648,1648,São Paulo,Bairro 55,31.9
1649,1649,São Paulo,Bairro 40,22.3
1650,1650,São Paulo,Bairro 50,23.6
1651,1651,São Paulo,Bairro 17,41.0
1652,1652,São Paulo,Bairro 19,16.4
1653,1653,São Paulo,Bairro 48,12.6
1654,1654,São Paulo,Bairro 6,1.2
1655,1655,São Paulo,Bairro 20,7.7
1656,1656,São Paulo,Bairro 44,23.1
1657,1657,São Paulo,Bairro 19,36.7
1658,1658,São Paulo,Bairro 57,23.4
1659,1659,São Paulo,Bairro 35,28.4
1660,1660,São Paulo,Bairro 27,14.8
1661,1661,São Paulo,Bairro 37,2.1
1662,1662,São Paulo,Bairro 30,24.8
1663,1663,São Paulo,Bairro 12,14.9
1664,1664,São Paulo,Bairro 3,31.9
1665,1665,São Paulo,Bairro 20,5.8
1666,1666,São Paulo,Bairro 57,5.9
1667,1667,São Paulo,Bairro 4,26.0
1668,1668,São Paulo,Bairro 30,17.0
1669,1669,São Paulo,Bairro 29,34.3
1670,1670,São Paulo,Bairro 1,44.2
1671,1671,São Paulo,Bairro 55,20.2
1672,1672,São Paulo,Bairro 51,26.3
1673,1673,São Paulo,Bairro 25,29.8
1674,1674,São Paulo,Bairro 2,44.4
1675,1675,São Paulo,Bairro 44,18.4
1676,1676,São Paulo,Bairro 59,30.3
1677,1677,São Paulo,Bairro 38,12.8
1678,1678,São Paulo,Bairro 14,34.3
1679,1679,São Paulo,Bairro 53,5.0
1680,1680,São Paulo,Bairro 53,24.6
1681,1681,São Paulo,Bairro 51,38.9
1682,1682,São Paulo,Bairro 14,17.4
1683,1683,São Paulo,Bairro 39,14.4
1684,1684,São Paulo,Bairro 50,35.4
1685,1685,São Paulo,Bairro 38,37.4
1686,1686,São Paulo,Bairro 35,43.6
1687,1687,São Paulo,Bairro 32,21.1
1688,1688,São Paulo,Bairro 4,31.3
1689,1689,São Paulo,Bairro 38,28.1
1690,1690,São Paulo,Bairro 9,39.9
1691,1691,São Paulo,Bairro 27,27.2
1692,1692,São Paulo,Bairro 43,5.4
1693,1693,São Paulo,Bairro 24,17.8
1694,1694,São Paulo,Bairro 44,30.4
1695,1695,São Paulo,Bairro 17,27.1
1696,1696,São Paulo,Bairro 28,39.9
1697,1697,São Paulo,Bairro 55,23.8
1698,1698,São Paulo,Bairro 12,22.6
1699,1699,São Paulo,Bairro 8,1.4
1700,1700,São Paulo,Bairro 11,32.2
1701,1701,São Paulo,Bairro 23,36.7
1702,1702,São Paulo,Bairro 43,6.6
1703,1703,São Paulo,Bairro 60,28.3
1704,1704,São Paulo,Bairro 56,12.0
1705,1705,São Paulo,Bairro 38,32.0
1706,1706,São Paulo,Bairro 25,26.5
1707,1707,São Paulo,Bairro 22,42.8
1708,1708,São Paulo,Bairro 31,9.6
1709,1709,São Paulo,Bairro 17,27.2
1710,1710,São Paulo,Bairro 57,9.2
1711,1711,São Paulo,Bairro 23,41.8
1712,1712,São Paulo,Bairro 43,19.3
1713,1713,São Paulo,Bairro 14,21.7
1714,1714,São Paulo,Bairro 37,39.1
1715,1715,São Paulo,Bairro 45,32.6
1716,1716,São Paulo,Bairro 38,31.3
1717,1717,São Paulo,Bairro 16,33.1
1718,1718,São Paulo,Bairro 48,21.6
1719,1719,São Paulo,Bairro 46,24.0
1720,1720,São Paulo,Bairro 56,0.6
1721,1721,São Paulo,Bairro 36,23.5
1722,1722,São Paulo,Bairro 41,35.4
1723,1723,São Paulo,Bairro 45,38.6
1724,1724,São Paulo,Bairro 44,4.4
1725,1725,São Paulo,Bairro 47,10.8
1726,1726,São Paulo,Bairro 51,21.6
1727,1727,São Paulo,Bairro 21,39.5
1728,1728,São Paulo,Bairro 60,7.6
1729,1729,São Paulo,Bairro 13,4.7
1730,1730,São Paulo,Bairro 16,7.9
1731,1731,São Paulo,Bairro 6,28.5
1732,1732,São Paulo,Bairro 29,1.1
1733,1733,São Paulo,Bairro 30,39.6
1734,1734,São Paulo,Bairro 49,4.9
1735,1735,São Paulo,Bairro 32,22.9
1736,1736,São Paulo,Bairro 50,27.3
1737,1737,São Paulo,Bairro 16,11.4
1738,1738,São Paulo,Bairro 33,22.1
1739,1739,São Paulo,Bairro 53,27.9
1740,1740,São Paulo,Bairro 3,38.0
1741,1741,São Paulo,Bairro 47,3.6
1742,1742,São Paulo,Bairro 44,42.7
1743,1743,São Paulo,Bairro 12,33.3
1744,1744,São Paulo,Bairro 54,23.1
1745,1745,São Paulo,Bairro 10,8.6
1746,1746,São Paulo,Bairro 4,14.1
1747,1747,São Paulo,Bairro 34,13.6
1748,1748,São Paulo,Bairro 53,32.4
1749,1749,São Paulo,Bairro 56,14.7
1750,1750,São Paulo,Bairro 39,22.3
1751,1751,São Paulo,Bairro 50,39.5
1752,1752,São Paulo,Bairro 36,4.9
1753,1753,São Paulo,Bairro 57,11.9
1754,1754,São Paulo,Bairro 23,21.7
1755,1755,São Paulo,Bairro 52,34.3
1756,1756,São Paulo,Bairro 52,13.4
1757,1757,São Paulo,Bairro 10,30.3
1758,1758,São Paulo,Bairro 22,44.6
1759,1759,São Paulo,Bairro 38,1.3
1760,1760,São Paulo,Bairro 46,35.3
1761,1761,São Paulo,Bairro 41,8.8
1762,1762,São Paulo,Bairro 19,7.8
1763,1763,São Paulo,Bairro 18,34.5
1764,1764,São Paulo,Bairro 32,2.4
1765,1765,São Paulo,Bairro 8,24.5
1766,1766,São Paulo,Bairro 50,29.6
1767,1767,São Paulo,Bairro 15,38.4
1768,1768,São Paulo,Bairro 51,4.8
1769,1769,São Paulo,Bairro 32,22.4
1770,1770,São Paulo,Bairro 18,9.8
1771,1771,São Paulo,Bairro 3,10.5
1772,1772,São Paulo,Bairro 57,40.9
1773,1773,São Paulo,Bairro 54,15.7
1774,1774,São Paulo,Bairro 43,21.5
1775,1775,São Paulo,Bairro 11,15.3
1776,1776,São Paulo,Bairro 52,28.9
1777,1777,São Paulo,Bairro 32,10.4
1778,1778,São Paulo,Bairro 16,41.5
1779,1779,São Paulo,Bairro 34,5.6
1780,1780,São Paulo,Bairro 27,22.8
1781,1781,São Paulo,Bairro 49,7.7
1782,1782,São Paulo,Bairro 6,28.5
1783,1783,São Paulo,Bairro 22,38.6
1784,1784,São Paulo,Bairro 40,43.0
1785,1785,São Paulo,Bairro 45,22.1
1786,1786,São Paulo,Bairro 27,25.1
1787,1787,São Paulo,Bairro 19,18.5
1788,1788,São Paulo,Bairro 6,4.6
1789,1789,São Paulo,Bairro 29,0.9
1790,1790,São Paulo,Bairro 4,19.1
1791,1791,São Paulo,Bairro 3,23.4
1792,1792,São Paulo,Bairro 7,37.1
1793,1793,São Paulo,Bairro 18,0.9
1794,1794,São Paulo,Bairro 54,35.0
1795,1795,São Paulo,Bairro 25,19.8
1796,1796,São Paulo,Bairro 47,28.8
1797,1797,São Paulo,Bairro 22,30.2
1798,1798,São Paulo,Bairro 14,17.8
1799,1799,São Paulo,Bairro 54,26.1
1800,1800,São Paulo,Bairro 8,34.2
1801,1801,São Paulo,Bairro 16,40.0
1802,1802,São Paulo,Bairro 22,2.5
1803,1803,São Paulo,Bairro 55,5.0
1804,1804,São Paulo,Bairro 16,12.6
1805,1805,São Paulo,Bairro 60,27.5
1806,1806,São Paulo,Bairro 35,41.4
1807,1807,São Paulo,Bairro 57,37.0
1808,1808,São Paulo,Bairro 21,1.7
1809,1809,São Paulo,Bairro 9,37.0
1810,1810,São Paulo,Bairro 6,38.0
1811,1811,São Paulo,Bairro 34,13.2
1812,1812,São Paulo,Bairro 38,41.9
1813,1813,São Paulo,Bairro 17,16.3
1814,1814,São Paulo,Bairro 43,41.1
1815,1815,São Paulo,Bairro 38,12.9
1816,1816,São Paulo,Bairro 39,20.0
1817,1817,São Paulo,Bairro 23,13.6
1818,1818,São Paulo,Bairro 54,7.0
1819,1819,São Paulo,Bairro 58,34.5
1820,1820,São Paulo,Bairro 19,22.3
1821,1821,São Paulo,Bairro 51,37.6
1822,1822,São Paulo,Bairro 9,30.7
1823,1823,São Paulo,Bairro 29,37.7
1824,1824,São Paulo,Bairro 27,10.8
1825,1825,São Paulo,Bairro 17,26.6
1826,1826,São Paulo,Bairro 17,36.7
1827,1827,São Paulo,Bairro 21,5.0
1828,1828,São Paulo,Bairro 19,13.9
1829,1829,São Paulo,Bairro 20,19.2
1830,1830,São Paulo,Bairro 52,16.7
1831,1831,São Paulo,Bairro 20,23.5
1832,1832,São Paulo,Bairro 52,13.5
1833,1833,São Paulo,Bairro 21,7.6
1834,1834,São Paulo,Bairro 9,31.8
1835,1835,São Paulo,Bairro 33,34.2
1836,1836,São Paulo,Bairro 35,30.2
1837,1837,São Paulo,Bairro 26,13.8
1838,1838,São Paulo,Bairro 21,39.0
1839,1839,São Paulo,Bairro 57,25.4
1840,1840,São Paulo,Bairro 15,40.3
1841,1841,São Paulo,Bairro 17,11.1
1842,1842,São Paulo,Bairro 6,21.7
1843,1843,São Paulo,Bairro 36,13.6
1844,1844,São Paulo,Bairro 5,11.1
1845,1845,São Paulo,Bairro 39,4.9
1846,1846,São Paulo,Bairro 50,19.9
1847,1847,São Paulo,Bairro 39,28.0
1848,1848,São Paulo,Bairro 32,15.6
1849,1849,São Paulo,Bairro 34,10.2
1850,1850,São Paulo,Bairro 14,22.2
1851,1851,São Paulo,Bairro 31,40.3
1852,1852,São Paulo,Bairro 9,33.8
1853,1853,São Paulo,Bairro 29,33.3
1854,1854,São Paulo,Bairro 24,11.7
1855,1855,São Paulo,Bairro 10,7.8
1856,1856,São Paulo,Bairro 8,7.8
1857,1857,São Paulo,Bairro 21,43.7
1858,1858,São Paulo,Bairro 51,0.6
1859,1859,São Paulo,Bairro 14,38.4
1860,1860,São Paulo,Bairro 44,9.9
1861,1861,São Paulo,Bairro 49,4.9
1862,1862,São Paulo,Bairro 19,21.6
1863,1863,São Paulo,Bairro 12,10.7
1864,1864,São Paulo,Bairro 56,38.6
1865,1865,São Paulo,Bairro 59,7.0
1866,1866,São Paulo,Bairro 29,13.7
1867,1867,São Paulo,Bairro 5,27.2
1868,1868,São Paulo,Bairro 23,10.1
1869,1869,São Paulo,Bairro 31,2.7
1870,1870,São Paulo,Bairro 44,2.8
1871,1871,São Paulo,Bairro 28,11.0
1872,1872,São Paulo,Bairro 16,27.0
1873,1873,São Paulo,Bairro 60,27.4
1874,1874,São Paulo,Bairro 43,28.4
1875,1875,São Paulo,Bairro 58,22.3
1876,1876,São Paulo,Bairro 30,9.8
1877,1877,São Paulo,Bairro 24,7.6
1878,1878,São Paulo,Bairro 1,24.1
1879,1879,São Paulo,Bairro 59,24.1
1880,1880,São Paulo,Bairro 41,21.0
1881,1881,São Paulo,Bairro 23,30.9
1882,1882,São Paulo,Bairro 35,40.2
1883,1883,São Paulo,Bairro 51,8.5
1884,1884,São Paulo,Bairro 27,42.5
1885,1885,São Paulo,Bairro 11,42.7
1886,1886,São Paulo,Bairro 34,27.4
1887,1887,São Paulo,Bairro 52,44.5
1888,1888,São Paulo,Bairro 50,16.9
1889,1889,São Paulo,Bairro 7,32.9
1890,1890,São Paulo,Bairro 36,23.8
1891,1891,São Paulo,Bairro 49,23.1
1892,1892,São Paulo,Bairro 46,31.2
1893,1893,São Paulo,Bairro 34,43.8
1894,1894,São Paulo,Bairro 43,4.7
1895,1895,São Paulo,Bairro 8,41.1
1896,1896,São Paulo,Bairro 52,43.0
1897,1897,São Paulo,Bairro 40,12.5
1898,1898,São Paulo,Bairro 36,5.8
1899,1899,São Paulo,Bairro 53,40.1
1900,1900,São Paulo,Bairro 36,11.0
1901,1901,São Paulo,Bairro 9,35.2
1902,1902,São Paulo,Bairro 1,18.8
1903,1903,São Paulo,Bairro 13,9.4
1904,1904,São Paulo,Bairro 59,26.7
1905,1905,São Paulo,Bairro 42,40.2
1906,1906,São Paulo,Bairro 21,15.6
1907,1907,São Paulo,Bairro 52,14.2
1908,1908,São Paulo,Bairro 13,13.1
1909,1909,São Paulo,Bairro 44,20.7
1910,1910,São Paulo,Bairro 7,34.7
1911,1911,São Paulo,Bairro 29,6.2
1912,1912,São Paulo,Bairro 1,12.5
1913,1913,São Paulo,Bairro 54,41.7
1914,1914,São Paulo,Bairro 37,30.5
1915,1915,São Paulo,Bairro 14,8.7
1916,1916,São Paulo,Bairro 10,12.8
1917,1917,São Paulo,Bairro 13,37.3
1918,1918,São Paulo,Bairro 50,37.7
1919,1919,São Paulo,Bairro 3,39.0
1920,1920,São Paulo,Bairro 40,29.2
1921,1921,São Paulo,Bairro 44,33.5
1922,1922,São Paulo,Bairro 49,20.9
1923,1923,São Paulo,Bairro 8,17.2
1924,1924,São Paulo,Bairro 15,6.5
1925,1925,São Paulo,Bairro 42,10.6
1926,1926,São Paulo,Bairro 43,23.5
1927,1927,São Paulo,Bairro 51,30.1
1928,1928,São Paulo,Bairro 49,43.3
1929,1929,São Paulo,Bairro 20,11.8
1930,1930,São Paulo,Bairro 33,11.1
1931,1931,São Paulo,Bairro 37,33.3
1932,1932,São Paulo,Bairro 60,22.1
1933,1933,São Paulo,Bairro 58,6.5
1934,1934,São Paulo,Bairro 59,40.8
1935,1935,São Paulo,Bairro 24,22.6
1936,1936,São Paulo,Bairro 52,24.5
1937,1937,São Paulo,Bairro 38,19.7
1938,1938,São Paulo,Bairro 39,44.3
1939,1939,São Paulo,Bairro 4,7.0
1940,1940,São Paulo,Bairro 55,5.5
1941,1941,São Paulo,Bairro 33,37.7
1942,1942,São Paulo,Bairro 43,8.5
1943,1943,São Paulo,Bairro 49,7.7
1944,1944,São Paulo,Bairro 18,13.4
1945,1945,São Paulo,Bairro 40,16.5
1946,1946,São Paulo,Bairro 3,20.1
1947,1947,São Paulo,Bairro 37,26.4
1948,1948,São Paulo,Bairro 53,3.9
1949,1949,São Paulo,Bairro 10,36.8
1950,1950,São Paulo,Bairro 35,9.9
1951,1951,São Paulo,Bairro 6,42.1
1952,1952,São Paulo,Bairro 37,21.1
1953,1953,São Paulo,Bairro 33,26.1
1954,1954,São Paulo,Bairro 7,19.5
1955,1955,São Paulo,Bairro 23,38.5
1956,1956,São Paulo,Bairro 4,41.9
1957,1957,São Paulo,Bairro 57,24.3
1958,1958,São Paulo,Bairro 4,17.1
1959,1959,São Paulo,Bairro 19,43.8
1960,1960,São Paulo,Bairro 49,6.9
1961,1961,São Paulo,Bairro 29,17.8
1962,1962,São Paulo,Bairro 8,30.1
1963,1963,São Paulo,Bairro 9,10.4
1964,1964,São Paulo,Bairro 25,6.6
1965,1965,São Paulo,Bairro 54,21.5
1966,1966,São Paulo,Bairro 6,1.6
1967,1967,São Paulo,Bairro 3,1.4
1968,1968,São Paulo,Bairro 25,38.8
1969,1969,São Paulo,Bairro 49,24.4
1970,1970,São Paulo,Bairro 31,38.8
1971,1971,São Paulo,Bairro 16,26.6
1972,1972,São Paulo,Bairro 60,44.4
1973,1973,São Paulo,Bairro 42,11.0
1974,1974,São Paulo,Bairro 18,38.7
1975,1975,São Paulo,Bairro 29,43.7
1976,1976,São Paulo,Bairro 53,35.8
1977,1977,São Paulo,Bairro 48,31.3
1978,1978,São Paulo,Bairro 18,36.2
1979,1979,São Paulo,Bairro 24,22.9
1980,1980,São Paulo,Bairro 56,17.8
1981,1981,São Paulo,Bairro 56,2.6
1982,1982,São Paulo,Bairro 12,5.3
1983,1983,São Paulo,Bairro 38,36.3
1984,1984,São Paulo,Bairro 35,7.6
1985,1985,São Paulo,Bairro 27,9.1
1986,1986,São Paulo,Bairro 55,21.6
1987,1987,São Paulo,Bairro 9,15.2
1988,1988,São Paulo,Bairro 8,4.7
1989,1989,São Paulo,Bairro 39,30.0
1990,1990,São Paulo,Bairro 60,1.9
1991,1991,São Paulo,Bairro 56,9.6
1992,1992,São Paulo,Bairro 49,32.5
1993,1993,São Paulo,Bairro 4,7.4
1994,1994,São Paulo,Bairro 10,10.8
1995,1995,São Paulo,Bairro 2,16.7
1996,1996,São Paulo,Bairro 25,35.3
1997,1997,São Paulo,Bairro 44,13.6
1998,1998,São Paulo,Bairro 47,42.0
1999,1999,São Paulo,Bairro 44,16.1
2000,2000,São Paulo,Bairro 56,44.8
2001,2001,São Paulo,Bairro 37,7.6
2002,2002,São Paulo,Bairro 19,38.3
2003,2003,São Paulo,Bairro 52,18.0
2004,2004,São Paulo,Bairro 53,34.1
2005,2005,São Paulo,Bairro 44,12.9
2006,2006,São Paulo,Bairro 25,10.4
2007,2007,São Paulo,Bairro 5,19.7
2008,2008,São Paulo,Bairro 6,13.7
2009,2009,São Paulo,Bairro 23,40.5
2010,2010,São Paulo,Bairro 54,2.9
2011,2011,São Paulo,Bairro 25,15.6
2012,2012,São Paulo,Bairro 23,45.0
2013,2013,São Paulo,Bairro 60,38.5
2014,2014,São Paulo,Bairro 19,7.6
2015,2015,São Paulo,Bairro 60,9.6
2016,2016,São Paulo,Bairro 11,44.5
2017,2017,São Paulo,Bairro 17,19.9
2018,2018,São Paulo,Bairro 29,39.1
2019,2019,São Paulo,Bairro 48,38.1
2020,2020,São Paulo,Bairro 11,18.7
2021,2021,São Paulo,Bairro 45,21.9
2022,2022,São Paulo,Bairro 5,22.4
2023,2023,São Paulo,Bairro 42,20.1
2024,2024,São Paulo,Bairro 1,12.8
2025,2025,São Paulo,Bairro 23,44.8
2026,2026,São Paulo,Bairro 22,42.3
2027,2027,São Paulo,Bairro 49,6.9
2028,2028,São Paulo,Bairro 47,34.2
2029,2029,São Paulo,Bairro 45,2.4
2030,2030,São Paulo,Bairro 39,35.3
2031,2031,São Paulo,Bairro 17,43.7
2032,2032,São Paulo,Bairro 10,16.8
2033,2033,São Paulo,Bairro 39,20.5
2034,2034,São Paulo,Bairro 4,17.2
2035,2035,São Paulo,Bairro 15,22.0
2036,2036,São Paulo,Bairro 40,38.0
2037,2037,São Paulo,Bairro 42,41.7
2038,2038,São Paulo,Bairro 3,31.4
2039,2039,São Paulo,Bairro 13,13.4
2040,2040,São Paulo,Bairro 49,36.3
2041,2041,São Paulo,Bairro 40,22.1
2042,2042,São Paulo,Bairro 15,3.6
2043,2043,São Paulo,Bairro 28,2.6
2044,2044,São Paulo,Bairro 23,17.4
2045,2045,São Paulo,Bairro 22,10.9
2046,2046,São Paulo,Bairro 57,25.7
2047,2047,São Paulo,Bairro 24,8.7
2048,2048,São Paulo,Bairro 6,4.8
2049,2049,São Paulo,Bairro 48,28.9
2050,2050,São Paulo,Bairro 44,14.6
2051,2051,São Paulo,Bairro 52,8.7
2052,2052,São Paulo,Bairro 1,4.7
2053,2053,São Paulo,Bairro 2,30.6
2054,2054,São Paulo,Bairro 17,10.0
2055,2055,São Paulo,Bairro 41,21.2
2056,2056,São Paulo,Bairro 51,3.2
2057,2057,São Paulo,Bairro 34,19.0
2058,2058,São Paulo,Bairro 36,1.7
2059,2059,São Paulo,Bairro 52,23.3
2060,2060,São Paulo,Bairro 22,24.0
2061,2061,São Paulo,Bairro 48,16.9
2062,2062,São Paulo,Bairro 23,44.4
2063,2063,São Paulo,Bairro 42,42.7
2064,2064,São Paulo,Bairro 15,19.5
2065,2065,São Paulo,Bairro 21,12.2
2066,2066,São Paulo,Bairro 36,20.5
2067,2067,São Paulo,Bairro 49,27.8
2068,2068,São Paulo,Bairro 37,25.6
2069,2069,São Paulo,Bairro 49,32.2
2070,2070,São Paulo,Bairro 17,6.4
2071,2071,São Paulo,Bairro 47,13.5
2072,2072,São Paulo,Bairro 11,28.6
2073,2073,São Paulo,Bairro 42,44.3
2074,2074,São Paulo,Bairro 47,34.7
2075,2075,São Paulo,Bairro 20,10.0
2076,2076,São Paulo,Bairro 34,8.0
2077,2077,São Paulo,Bairro 31,15.0
2078,2078,São Paulo,Bairro 33,11.9
2079,2079,São Paulo,Bairro 32,39.9
2080,2080,São Paulo,Bairro 34,15.1
2081,2081,São Paulo,Bairro 52,31.3
2082,2082,São Paulo,Bairro 59,20.7
2083,2083,São Paulo,Bairro 56,29.0
2084,2084,São Paulo,Bairro 28,40.9
2085,2085,São Paulo,Bairro 31,41.7
2086,2086,São Paulo,Bairro 49,14.6
2087,2087,São Paulo,Bairro 4,34.3
2088,2088,São Paulo,Bairro 7,15.3
2089,2089,São Paulo,Bairro 1,24.7
2090,2090,São Paulo,Bairro 26,43.4
2091,2091,São Paulo,Bairro 34,30.5
2092,2092,São Paulo,Bairro 60,39.9
2093,2093,São Paulo,Bairro 17,17.1
2094,2094,São Paulo,Bairro 7,38.2
2095,2095,São Paulo,Bairro 58,27.3
2096,2096,São Paulo,Bairro 15,30.7
2097,2097,São Paulo,Bairro 55,7.6
2098,2098,São Paulo,Bairro 19,18.9
2099,2099,São Paulo,Bairro 5,29.2
2100,2100,São Paulo,Bairro 42,25.5
2101,2101,São Paulo,Bairro 38,7.4
2102,2102,São Paulo,Bairro 22,8.1
2103,2103,São Paulo,Bairro 29,40.5
2104,2104,São Paulo,Bairro 2,39.5
2105,2105,São Paulo,Bairro 47,7.0
2106,2106,São Paulo,Bairro 51,28.2
2107,2107,São Paulo,Bairro 51,16.9
2108,2108,São Paulo,Bairro 40,29.0
2109,2109,São Paulo,Bairro 13,14.7
2110,2110,São Paulo,Bairro 52,34.6
2111,2111,São Paulo,Bairro 55,22.1
2112,2112,São Paulo,Bairro 29,3.0
2113,2113,São Paulo,Bairro 14,36.8
2114,2114,São Paulo,Bairro 3,25.5
2115,2115,São Paulo,Bairro 16,17.2
2116,2116,São Paulo,Bairro 15,30.9
2117,2117,São Paulo,Bairro 2,3.4
2118,2118,São Paulo,Bairro 20,36.4
2119,2119,São Paulo,Bairro 18,35.7
2120,2120,São Paulo,Bairro 7,28.2
2121,2121,São Paulo,Bairro 31,7.5
2122,2122,São Paulo,Bairro 37,37.5
2123,2123,São Paulo,Bairro 43,13.4
2124,2124,São Paulo,Bairro 43,3.1
2125,2125,São Paulo,Bairro 28,22.4
2126,2126,São Paulo,Bairro 34,42.9
2127,2127,São Paulo,Bairro 25,25.8
2128,2128,São Paulo,Bairro 47,10.4
2129,2129,São Paulo,Bairro 46,33.0
2130,2130,São Paulo,Bairro 50,32.7
2131,2131,São Paulo,Bairro 58,26.8
2132,2132,São Paulo,Bairro 3,3.7
2133,2133,São Paulo,Bairro 6,20.8
2134,2134,São Paulo,Bairro 54,8.9
2135,2135,São Paulo,Bairro 3,33.9
2136,2136,São Paulo,Bairro 46,22.1
2137,2137,São Paulo,Bairro 40,21.0
2138,2138,São Paulo,Bairro 34,12.3
2139,2139,São Paulo,Bairro 54,20.9
2140,2140,São Paulo,Bairro 4,25.1
2141,2141,São Paulo,Bairro 31,36.1
2142,2142,São Paulo,Bairro 15,21.7
2143,2143,São Paulo,Bairro 41,5.2
2144,2144,São Paulo,Bairro 27,36.2
2145,2145,São Paulo,Bairro 51,6.9
2146,2146,São Paulo,Bairro 23,27.6
2147,2147,São Paulo,Bairro 32,14.3
2148,2148,São Paulo,Bairro 60,2.6
2149,2149,São Paulo,Bairro 3,1.2
2150,2150,São Paulo,Bairro 26,28.9
2151,2151,São Paulo,Bairro 59,29.5
2152,2152,São Paulo,Bairro 29,21.4
2153,2153,São Paulo,Bairro 4,0.6
2154,2154,São Paulo,Bairro 45,21.1
2155,2155,São Paulo,Bairro 5,23.4
2156,2156,São Paulo,Bairro 9,17.0
2157,2157,São Paulo,Bairro 44,31.2
2158,2158,São Paulo,Bairro 26,17.5
2159,2159,São Paulo,Bairro 56,3.7
2160,2160,São Paulo,Bairro 1,17.3
2161,2161,São Paulo,Bairro 1,23.9
2162,2162,São Paulo,Bairro 22,35.5
2163,2163,São Paulo,Bairro 52,20.7
2164,2164,São Paulo,Bairro 1,22.7
2165,2165,São Paulo,Bairro 54,1.4
2166,2166,São Paulo,Bairro 1,41.4
2167,2167,São Paulo,Bairro 49,6.8
2168,2168,São Paulo,Bairro 47,5.7
2169,2169,São Paulo,Bairro 45,18.1
2170,2170,São Paulo,Bairro 54,10.2
2171,2171,São Paulo,Bairro 40,2.4
2172,2172,São Paulo,Bairro 7,38.1
2173,2173,São Paulo,Bairro 3,5.9
2174,2174,São Paulo,Bairro 54,3.9
2175,2175,São Paulo,Bairro 59,40.2
2176,2176,São Paulo,Bairro 59,3.5
2177,2177,São Paulo,Bairro 25,25.7
2178,2178,São Paulo,Bairro 51,12.5
2179,2179,São Paulo,Bairro 38,5.5
2180,2180,São Paulo,Bairro 51,17.5
2181,2181,São Paulo,Bairro 30,19.9
2182,2182,São Paulo,Bairro 34,40.6
2183,2183,São Paulo,Bairro 54,3.4
2184,2184,São Paulo,Bairro 54,44.1
2185,2185,São Paulo,Bairro 19,27.8
2186,2186,São Paulo,Bairro 6,4.1
2187,2187,São Paulo,Bairro 52,42.3
2188,2188,São Paulo,Bairro 28,10.7
2189,2189,São Paulo,Bairro 12,25.4
2190,2190,São Paulo,Bairro 48,7.3
2191,2191,São Paulo,Bairro 8,25.8
2192,2192,São Paulo,Bairro 17,34.9
2193,2193,São Paulo,Bairro 59,43.7
2194,2194,São Paulo,Bairro 38,42.2
2195,2195,São Paulo,Bairro 33,28.6
2196,2196,São Paulo,Bairro 8,19.8
2197,2197,São Paulo,Bairro 10,5.3
2198,2198,São Paulo,Bairro 58,39.4
2199,2199,São Paulo,Bairro 2,39.1
2200,2200,São Paulo,Bairro 10,36.7
2201,2201,São Paulo,Bairro 17,38.5
2202,2202,São Paulo,Bairro 51,36.7
2203,2203,São Paulo,Bairro 25,14.6
2204,2204,São Paulo,Bairro 3,43.8
2205,2205,São Paulo,Bairro 46,12.8
2206,2206,São Paulo,Bairro 48,7.5
2207,2207,São Paulo,Bairro 46,4.2
2208,2208,São Paulo,Bairro 34,30.0
2209,2209,São Paulo,Bairro 51,6.8
2210,2210,São Paulo,Bairro 21,37.6
2211,2211,São Paulo,Bairro 17,28.8
2212,2212,São Paulo,Bairro 4,15.2
2213,2213,São Paulo,Bairro 30,42.7
2214,2214,São Paulo,Bairro 40,37.8
2215,2215,São Paulo,Bairro 22,0.6
2216,2216,São Paulo,Bairro 57,8.1
2217,2217,São Paulo,Bairro 10,43.6
2218,2218,São Paulo,Bairro 42,34.6
2219,2219,São Paulo,Bairro 27,10.1
2220,2220,São Paulo,Bairro 24,8.5
2221,2221,São Paulo,Bairro 8,29.8
2222,2222,São Paulo,Bairro 41,14.8
2223,2223,São Paulo,Bairro 33,20.2
2224,2224,São Paulo,Bairro 8,38.1
2225,2225,São Paulo,Bairro 13,7.3
2226,2226,São Paulo,Bairro 10,1.2
2227,2227,São Paulo,Bairro 6,31.2
2228,2228,São Paulo,Bairro 40,36.2
2229,2229,São Paulo,Bairro 9,1.1
2230,2230,São Paulo,Bairro 7,35.1
2231,2231,São Paulo,Bairro 27,20.5
2232,2232,São Paulo,Bairro 54,33.1
2233,2233,São Paulo,Bairro 53,21.1
2234,2234,São Paulo,Bairro 20,23.6
2235,2235,São Paulo,Bairro 11,8.4
2236,2236,São Paulo,Bairro 48,22.3
2237,2237,São Paulo,Bairro 1,22.7
2238,2238,São Paulo,Bairro 13,27.9
2239,2239,São Paulo,Bairro 3,41.5
2240,2240,São Paulo,Bairro 58,13.8
2241,2241,São Paulo,Bairro 28,10.8
2242,2242,São Paulo,Bairro 45,26.2
2243,2243,São Paulo,Bairro 25,19.1
2244,2244,São Paulo,Bairro 56,20.5
2245,2245,São Paulo,Bairro 54,19.9
2246,2246,São Paulo,Bairro 37,17.3
2247,2247,São Paulo,Bairro 41,7.5
2248,2248,São Paulo,Bairro 51,32.1
2249,2249,São Paulo,Bairro 55,19.8
2250,2250,São Paulo,Bairro 42,14.4
2251,2251,São Paulo,Bairro 40,27.1
2252,2252,São Paulo,Bairro 59,44.1
2253,2253,São Paulo,Bairro 3,11.9
2254,2254,São Paulo,Bairro 46,22.4
2255,2255,São Paulo,Bairro 27,13.8
2256,2256,São Paulo,Bairro 39,15.1
2257,2257,São Paulo,Bairro 17,44.4
2258,2258,São Paulo,Bairro 21,28.9
2259,2259,São Paulo,Bairro 55,12.3
2260,2260,São Paulo,Bairro 20,41.0
2261,2261,São Paulo,Bairro 23,21.3
2262,2262,São Paulo,Bairro 46,42.6
2263,2263,São Paulo,Bairro 16,31.1
2264,2264,São Paulo,Bairro 58,28.7
2265,2265,São Paulo,Bairro 8,15.8
2266,2266,São Paulo,Bairro 17,7.9
2267,2267,São Paulo,Bairro 33,33.7
2268,2268,São Paulo,Bairro 14,28.8
2269,2269,São Paulo,Bairro 12,23.7
2270,2270,São Paulo,Bairro 55,21.2
2271,2271,São Paulo,Bairro 14,7.0
2272,2272,São Paulo,Bairro 51,35.1
2273,2273,São Paulo,Bairro 52,21.3
2274,2274,São Paulo,Bairro 25,19.5
2275,2275,São Paulo,Bairro 21,11.9
2276,2276,São Paulo,Bairro 47,24.3
2277,2277,São Paulo,Bairro 19,6.2
2278,2278,São Paulo,Bairro 56,14.1
2279,2279,São Paulo,Bairro 39,34.8
2280,2280,São Paulo,Bairro 19,44.1
2281,2281,São Paulo,Bairro 45,14.1
2282,2282,São Paulo,Bairro 41,12.7
2283,2283,São Paulo,Bairro 4,8.9
2284,2284,São Paulo,Bairro 47,1.8
2285,2285,São Paulo,Bairro 2,7.4
2286,2286,São Paulo,Bairro 7,38.3
2287,2287,São Paulo,Bairro 15,17.6
2288,2288,São Paulo,Bairro 21,34.2
2289,2289,São Paulo,Bairro 58,43.4
2290,2290,São Paulo,Bairro 19,16.5
2291,2291,São Paulo,Bairro 59,9.5
2292,2292,São Paulo,Bairro 36,8.2
2293,2293,São Paulo,Bairro 14,6.6
2294,2294,São Paulo,Bairro 16,14.1
2295,2295,São Paulo,Bairro 22,32.7
2296,2296,São Paulo,Bairro 14,16.0
2297,2297,São Paulo,Bairro 27,23.4
2298,2298,São Paulo,Bairro 11,44.4
2299,2299,São Paulo,Bairro 50,34.4
2300,2300,São Paulo,Bairro 39,43.4
2301,2301,São Paulo,Bairro 49,19.0
2302,2302,São Paulo,Bairro 24,34.8
2303,2303,São Paulo,Bairro 43,16.9
2304,2304,São Paulo,Bairro 39,40.6
2305,2305,São Paulo,Bairro 10,30.1
2306,2306,São Paulo,Bairro 51,44.0
2307,2307,São Paulo,Bairro 54,31.6
2308,2308,São Paulo,Bairro 36,0.5
2309,2309,São Paulo,Bairro 13,10.9
2310,2310,São Paulo,Bairro 41,21.3
2311,2311,São Paulo,Bairro 26,3.8
2312,2312,São Paulo,Bairro 40,4.0
2313,2313,São Paulo,Bairro 24,30.4
2314,2314,São Paulo,Bairro 31,43.7
2315,2315,São Paulo,Bairro 7,41.2
2316,2316,São Paulo,Bairro 57,4.5
2317,2317,São Paulo,Bairro 60,4.0
2318,2318,São Paulo,Bairro 48,34.9
2319,2319,São Paulo,Bairro 7,28.8
2320,2320,São Paulo,Bairro 54,7.3
2321,2321,São Paulo,Bairro 5,16.2
2322,2322,São Paulo,Bairro 40,12.7
2323,2323,São Paulo,Bairro 36,3.8
2324,2324,São Paulo,Bairro 23,24.8
2325,2325,São Paulo,Bairro 57,32.6
2326,2326,São Paulo,Bairro 26,15.5
2327,2327,São Paulo,Bairro 37,35.0
2328,2328,São Paulo,Bairro 25,9.5
2329,2329,São Paulo,Bairro 39,20.5
2330,2330,São Paulo,Bairro 41,16.7
2331,2331,São Paulo,Bairro 24,40.0
2332,2332,São Paulo,Bairro 53,33.5
2333,2333,São Paulo,Bairro 49,35.5
2334,2334,São Paulo,Bairro 9,5.9
2335,2335,São Paulo,Bairro 52,17.0
2336,2336,São Paulo,Bairro 3,29.7
2337,2337,São Paulo,Bairro 39,25.3
2338,2338,São Paulo,Bairro 6,3.3
2339,2339,São Paulo,Bairro 42,26.2
2340,2340,São Paulo,Bairro 17,13.6
2341,2341,São Paulo,Bairro 1,2.1
2342,2342,São Paulo,Bairro 30,22.2
2343,2343,São Paulo,Bairro 9,33.9
2344,2344,São Paulo,Bairro 44,17.2
2345,2345,São Paulo,Bairro 26,25.7
2346,2346,São Paulo,Bairro 10,20.4
2347,2347,São Paulo,Bairro 27,28.5
2348,2348,São Paulo,Bairro 36,0.9
2349,2349,São Paulo,Bairro 41,23.9
2350,2350,São Paulo,Bairro 25,38.9
2351,2351,São Paulo,Bairro 60,7.8
2352,2352,São Paulo,Bairro 26,36.5
2353,2353,São Paulo,Bairro 27,33.3
2354,2354,São Paulo,Bairro 45,29.0
2355,2355,São Paulo,Bairro 6,14.3
2356,2356,São Paulo,Bairro 6,33.7
2357,2357,São Paulo,Bairro 30,15.6
2358,2358,São Paulo,Bairro 56,27.1
2359,2359,São Paulo,Bairro 56,38.5
2360,2360,São Paulo,Bairro 56,21.7
2361,2361,São Paulo,Bairro 6,12.8
2362,2362,São Paulo,Bairro 18,38.3
2363,2363,São Paulo,Bairro 12,19.7
2364,2364,São Paulo,Bairro 58,13.5
2365,2365,São Paulo,Bairro 38,10.3
2366,2366,São Paulo,Bairro 51,17.2
2367,2367,São Paulo,Bairro 52,11.9
2368,2368,São Paulo,Bairro 25,40.0
2369,2369,São Paulo,Bairro 19,42.4
2370,2370,São Paulo,Bairro 33,33.1
2371,2371,São Paulo,Bairro 54,40.8
2372,2372,São Paulo,Bairro 33,39.3
2373,2373,São Paulo,Bairro 5,18.9
2374,2374,São Paulo,Bairro 20,32.0
2375,2375,São Paulo,Bairro 9,31.2
2376,2376,São Paulo,Bairro 47,27.0
2377,2377,São Paulo,Bairro 21,40.9
2378,2378,São Paulo,Bairro 56,2.8
2379,2379,São Paulo,Bairro 35,13.2
2380,2380,São Paulo,Bairro 31,12.1
2381,2381,São Paulo,Bairro 36,35.7
2382,2382,São Paulo,Bairro 19,22.2
2383,2383,São Paulo,Bairro 22,6.4
2384,2384,São Paulo,Bairro 33,42.7
2385,2385,São Paulo,Bairro 31,36.2
2386,2386,São Paulo,Bairro 11,29.5
2387,2387,São Paulo,Bairro 22,36.8
2388,2388,São Paulo,Bairro 30,41.1
2389,2389,São Paulo,Bairro 36,42.4
2390,2390,São Paulo,Bairro 35,8.4
2391,2391,São Paulo,Bairro 60,36.0
2392,2392,São Paulo,Bairro 22,15.8
2393,2393,São Paulo,Bairro 19,1.7
2394,2394,São Paulo,Bairro 42,42.2
2395,2395,São Paulo,Bairro 10,5.9
2396,2396,São Paulo,Bairro 1,5.5
2397,2397,São Paulo,Bairro 41,26.8
2398,2398,São Paulo,Bairro 26,5.8
2399,2399,São Paulo,Bairro 49,37.4
2400,2400,São Paulo,Bairro 31,20.3
2401,2401,São Paulo,Bairro 21,36.1
2402,2402,São Paulo,Bairro 24,9.8
2403,2403,São Paulo,Bairro 48,37.7
2404,2404,São Paulo,Bairro 3,32.6
2405,2405,São Paulo,Bairro 29,31.8
2406,2406,São Paulo,Bairro 35,17.4
2407,2407,São Paulo,Bairro 60,6.2
2408,2408,São Paulo,Bairro 48,19.7
2409,2409,São Paulo,Bairro 12,38.3
2410,2410,São Paulo,Bairro 14,11.0
2411,2411,São Paulo,Bairro 22,36.2
2412,2412,São Paulo,Bairro 60,41.9
2413,2413,São Paulo,Bairro 54,0.9
2414,2414,São Paulo,Bairro 48,30.4
2415,2415,São Paulo,Bairro 58,6.2
2416,2416,São Paulo,Bairro 23,33.4
2417,2417,São Paulo,Bairro 13,27.0
2418,2418,São Paulo,Bairro 56,29.8
2419,2419,São Paulo,Bairro 56,29.0
2420,2420,São Paulo,Bairro 26,31.3
2421,2421,São Paulo,Bairro 30,38.0
2422,2422,São Paulo,Bairro 32,30.2
2423,2423,São Paulo,Bairro 14,5.2
2424,2424,São Paulo,Bairro 53,16.5
2425,2425,São Paulo,Bairro 20,16.6
2426,2426,São Paulo,Bairro 47,37.9
2427,2427,São Paulo,Bairro 52,1.9
2428,2428,São Paulo,Bairro 15,45.0
2429,2429,São Paulo,Bairro 48,36.7
2430,2430,São Paulo,Bairro 5,20.3
2431,2431,São Paulo,Bairro 8,22.3
2432,2432,São Paulo,Bairro 43,9.7
2433,2433,São Paulo,Bairro 36,9.2
2434,2434,São Paulo,Bairro 10,40.2
2435,2435,São Paulo,Bairro 54,25.6
2436,2436,São Paulo,Bairro 12,6.0
2437,2437,São Paulo,Bairro 6,15.6
2438,2438,São Paulo,Bairro 38,14.3
2439,2439,São Paulo,Bairro 15,25.1
2440,2440,São Paulo,Bairro 57,24.9
2441,2441,São Paulo,Bairro 5,20.9
2442,2442,São Paulo,Bairro 5,10.8
2443,2443,São Paulo,Bairro 44,39.8
2444,2444,São Paulo,Bairro 14,16.0
2445,2445,São Paulo,Bairro 45,30.3
2446,2446,São Paulo,Bairro 44,26.5
2447,2447,São Paulo,Bairro 59,3.0
2448,2448,São Paulo,Bairro 23,35.4
2449,2449,São Paulo,Bairro 18,24.5
2450,2450,São Paulo,Bairro 50,35.0
2451,2451,São Paulo,Bairro 12,15.2
2452,2452,São Paulo,Bairro 11,32.6
2453,2453,São Paulo,Bairro 31,10.0
2454,2454,São Paulo,Bairro 28,35.5
2455,2455,São Paulo,Bairro 13,30.5
2456,2456,São Paulo,Bairro 13,38.6
2457,2457,São Paulo,Bairro 28,4.2
2458,2458,São Paulo,Bairro 10,0.5
2459,2459,São Paulo,Bairro 39,27.9
2460,2460,São Paulo,Bairro 60,24.9
2461,2461,São Paulo,Bairro 43,24.2
2462,2462,São Paulo,Bairro 47,31.8
2463,2463,São Paulo,Bairro 36,13.6
2464,2464,São Paulo,Bairro 43,31.4
2465,2465,São Paulo,Bairro 31,15.2
2466,2466,São Paulo,Bairro 21,10.4
2467,2467,São Paulo,Bairro 43,20.1
2468,2468,São Paulo,Bairro 9,2.6
2469,2469,São Paulo,Bairro 38,20.1
2470,2470,São Paulo,Bairro 48,42.5
2471,2471,São Paulo,Bairro 3,37.3
2472,2472,São Paulo,Bairro 25,27.9
2473,2473,São Paulo,Bairro 7,30.9
2474,2474,São Paulo,Bairro 42,6.2
2475,2475,São Paulo,Bairro 47,24.8
2476,2476,São Paulo,Bairro 55,33.4
2477,2477,São Paulo,Bairro 34,15.2
2478,2478,São Paulo,Bairro 56,12.8
2479,2479,São Paulo,Bairro 6,19.2
2480,2480,São Paulo,Bairro 53,25.9
2481,2481,São Paulo,Bairro 14,4.9
2482,2482,São Paulo,Bairro 58,4.2
2483,2483,São Paulo,Bairro 21,17.5
2484,2484,São Paulo,Bairro 41,32.0
2485,2485,São Paulo,Bairro 21,14.4
2486,2486,São Paulo,Bairro 2,8.1
2487,2487,São Paulo,Bairro 48,38.0
2488,2488,São Paulo,Bairro 7,23.5
2489,2489,São Paulo,Bairro 26,32.4
2490,2490,São Paulo,Bairro 43,35.4
2491,2491,São Paulo,Bairro 46,11.4
2492,2492,São Paulo,Bairro 27,11.6
2493,2493,São Paulo,Bairro 15,31.0
2494,2494,São Paulo,Bairro 48,5.9
2495,2495,São Paulo,Bairro 21,39.1
2496,2496,São Paulo,Bairro 10,27.0
2497,2497,São Paulo,Bairro 6,19.5
2498,2498,São Paulo,Bairro 23,18.3
2499,2499,São Paulo,Bairro 13,31.4
2500,2500,São Paulo,Bairro 4,37.7
2501,2501,São Paulo,Bairro 48,36.6
2502,2502,São Paulo,Bairro 52,28.1
2503,2503,São Paulo,Bairro 29,4.0
2504,2504,São Paulo,Bairro 43,13.4
2505,2505,São Paulo,Bairro 19,30.8
2506,2506,São Paulo,Bairro 18,14.2
2507,2507,São Paulo,Bairro 56,9.3
2508,2508,São Paulo,Bairro 1,21.2
2509,2509,São Paulo,Bairro 19,35.3
2510,2510,São Paulo,Bairro 53,30.6
2511,2511,São Paulo,Bairro 58,43.5
2512,2512,São Paulo,Bairro 48,22.2
2513,2513,São Paulo,Bairro 59,13.4
2514,2514,São Paulo,Bairro 42,40.0
2515,2515,São Paulo,Bairro 58,19.2
2516,2516,São Paulo,Bairro 54,33.8
2517,2517,São Paulo,Bairro 51,15.9
2518,2518,São Paulo,Bairro 7,22.8
2519,2519,São Paulo,Bairro 7,18.4
2520,2520,São Paulo,Bairro 13,34.2
2521,2521,São Paulo,Bairro 57,16.8
2522,2522,São Paulo,Bairro 55,35.4
2523,2523,São Paulo,Bairro 57,11.3
2524,2524,São Paulo,Bairro 28,9.3
2525,2525,São Paulo,Bairro 22,20.8
2526,2526,São Paulo,Bairro 23,21.1
2527,2527,São Paulo,Bairro 33,36.7
2528,2528,São Paulo,Bairro 26,39.4
2529,2529,São Paulo,Bairro 30,45.0
2530,2530,São Paulo,Bairro 12,37.3
2531,2531,São Paulo,Bairro 56,15.5
2532,2532,São Paulo,Bairro 30,32.5
2533,2533,São Paulo,Bairro 25,19.5
2534,2534,São Paulo,Bairro 3,42.2
2535,2535,São Paulo,Bairro 37,29.0
2536,2536,São Paulo,Bairro 23,1.4
2537,2537,São Paulo,Bairro 60,16.6
2538,2538,São Paulo,Bairro 10,19.5
2539,2539,São Paulo,Bairro 4,19.2
2540,2540,São Paulo,Bairro 40,18.7
2541,2541,São Paulo,Bairro 23,38.7
2542,2542,São Paulo,Bairro 48,9.8
2543,2543,São Paulo,Bairro 25,34.5
2544,2544,São Paulo,Bairro 17,22.6
2545,2545,São Paulo,Bairro 56,5.3
2546,2546,São Paulo,Bairro 46,12.1
2547,2547,São Paulo,Bairro 12,30.4
2548,2548,São Paulo,Bairro 1,30.5
2549,2549,São Paulo,Bairro 54,12.1
2550,2550,São Paulo,Bairro 37,19.9
2551,2551,São Paulo,Bairro 19,23.4
2552,2552,São Paulo,Bairro 14,14.7
2553,2553,São Paulo,Bairro 51,34.9
2554,2554,São Paulo,Bairro 4,0.8
2555,2555,São Paulo,Bairro 57,3.5
2556,2556,São Paulo,Bairro 43,31.0
2557,2557,São Paulo,Bairro 1,40.6
2558,2558,São Paulo,Bairro 32,5.2
2559,2559,São Paulo,Bairro 41,10.1
2560,2560,São Paulo,Bairro 57,25.0
2561,2561,São Paulo,Bairro 38,10.1
2562,2562,São Paulo,Bairro 44,26.4
2563,2563,São Paulo,Bairro 42,7.0
2564,2564,São Paulo,Bairro 6,25.7
2565,2565,São Paulo,Bairro 33,26.9
2566,2566,São Paulo,Bairro 52,10.3
2567,2567,São Paulo,Bairro 54,38.6
2568,2568,São Paulo,Bairro 40,24.3
2569,2569,São Paulo,Bairro 57,27.4
2570,2570,São Paulo,Bairro 7,18.9
2571,2571,São Paulo,Bairro 1,4.8
2572,2572,São Paulo,Bairro 34,43.0
2573,2573,São Paulo,Bairro 30,33.3
2574,2574,São Paulo,Bairro 30,19.2
2575,2575,São Paulo,Bairro 1,5.1
2576,2576,São Paulo,Bairro 3,43.5
2577,2577,São Paulo,Bairro 28,32.2
2578,2578,São Paulo,Bairro 44,38.0
2579,2579,São Paulo,Bairro 48,6.1
2580,2580,São Paulo,Bairro 27,6.3
2581,2581,São Paulo,Bairro 39,35.3
2582,2582,São Paulo,Bairro 22,6.2
2583,2583,São Paulo,Bairro 34,27.9
2584,2584,São Paulo,Bairro 11,23.2
2585,2585,São Paulo,Bairro 59,35.9
2586,2586,São Paulo,Bairro 54,18.5
2587,2587,São Paulo,Bairro 28,15.5
2588,2588,São Paulo,Bairro 48,4.1
2589,2589,São Paulo,Bairro 32,9.4
2590,2590,São Paulo,Bairro 14,4.2
2591,2591,São Paulo,Bairro 40,34.7
2592,2592,São Paulo,Bairro 30,40.6
2593,2593,São Paulo,Bairro 37,11.4
2594,2594,São Paulo,Bairro 16,15.0
2595,2595,São Paulo,Bairro 46,43.7
2596,2596,São Paulo,Bairro 48,22.3
2597,2597,São Paulo,Bairro 28,36.1
2598,2598,São Paulo,Bairro 51,36.2
2599,2599,São Paulo,Bairro 22,27.9
2600,2600,São Paulo,Bairro 32,19.3
2601,2601,São Paulo,Bairro 24,3.3
2602,2602,São Paulo,Bairro 56,23.6
2603,2603,São Paulo,Bairro 9,14.8
2604,2604,São Paulo,Bairro 49,39.5
2605,2605,São Paulo,Bairro 41,34.9
2606,2606,São Paulo,Bairro 8,17.6
2607,2607,São Paulo,Bairro 39,5.4
2608,2608,São Paulo,Bairro 11,21.4
2609,2609,São Paulo,Bairro 50,15.2
2610,2610,São Paulo,Bairro 35,31.3
2611,2611,São Paulo,Bairro 27,8.2
2612,2612,São Paulo,Bairro 6,39.1
2613,2613,São Paulo,Bairro 13,13.3
2614,2614,São Paulo,Bairro 15,35.4
2615,2615,São Paulo,Bairro 2,8.9
2616,2616,São Paulo,Bairro 19,18.4
2617,2617,São Paulo,Bairro 46,21.6
2618,2618,São Paulo,Bairro 38,19.0
2619,2619,São Paulo,Bairro 41,43.3
2620,2620,São Paulo,Bairro 29,15.0
2621,2621,São Paulo,Bairro 20,29.2
2622,2622,São Paulo,Bairro 19,19.5
2623,2623,São Paulo,Bairro 21,14.1
2624,2624,São Paulo,Bairro 17,24.5
2625,2625,São Paulo,Bairro 8,23.4
2626,2626,São Paulo,Bairro 57,38.5
2627,2627,São Paulo,Bairro 32,10.2
2628,2628,São Paulo,Bairro 36,29.8
2629,2629,São Paulo,Bairro 7,34.2
2630,2630,São Paulo,Bairro 58,15.2
2631,2631,São Paulo,Bairro 21,23.2
2632,2632,São Paulo,Bairro 32,43.1
2633,2633,São Paulo,Bairro 18,37.1
2634,2634,São Paulo,Bairro 58,35.2
2635,2635,São Paulo,Bairro 4,10.2
2636,2636,São Paulo,Bairro 5,15.6
2637,2637,São Paulo,Bairro 14,14.3
2638,2638,São Paulo,Bairro 43,17.4
2639,2639,São Paulo,Bairro 4,24.8
2640,2640,São Paulo,Bairro 43,19.0
2641,2641,São Paulo,Bairro 45,19.1
2642,2642,São Paulo,Bairro 37,41.4
2643,2643,São Paulo,Bairro 45,33.7
2644,2644,São Paulo,Bairro 35,22.3
2645,2645,São Paulo,Bairro 18,13.5
2646,2646,São Paulo,Bairro 57,22.4
2647,2647,São Paulo,Bairro 15,14.2
2648,2648,São Paulo,Bairro 11,15.6
2649,2649,São Paulo,Bairro 16,29.0
2650,2650,São Paulo,Bairro 34,37.7
2651,2651,São Paulo,Bairro 60,40.6
2652,2652,São Paulo,Bairro 41,11.6
2653,2653,São Paulo,Bairro 56,37.5
2654,2654,São Paulo,Bairro 2,19.4
2655,2655,São Paulo,Bairro 50,20.9
2656,2656,São Paulo,Bairro 58,6.5
2657,2657,São Paulo,Bairro 47,32.8
2658,2658,São Paulo,Bairro 40,42.5
2659,2659,São Paulo,Bairro 27,37.8
2660,2660,São Paulo,Bairro 24,19.3
2661,2661,São Paulo,Bairro 11,42.7
2662,2662,São Paulo,Bairro 50,2.4
2663,2663,São Paulo,Bairro 27,36.9
2664,2664,São Paulo,Bairro 41,2.7
2665,2665,São Paulo,Bairro 16,40.2
2666,2666,São Paulo,Bairro 15,10.0
2667,2667,São Paulo,Bairro 25,20.1
2668,2668,São Paulo,Bairro 44,22.2
2669,2669,São Paulo,Bairro 17,14.4
2670,2670,São Paulo,Bairro 7,2.0
2671,2671,São Paulo,Bairro 48,40.4
2672,2672,São Paulo,Bairro 44,25.4
2673,2673,São Paulo,Bairro 13,26.6
2674,2674,São Paulo,Bairro 58,5.9
2675,2675,São Paulo,Bairro 50,34.4
2676,2676,São Paulo,Bairro 34,8.8
2677,2677,São Paulo,Bairro 46,2.9
2678,2678,São Paulo,Bairro 1,10.2
2679,2679,São Paulo,Bairro 59,41.2
2680,2680,São Paulo,Bairro 3,28.2
2681,2681,São Paulo,Bairro 16,15.4
2682,2682,São Paulo,Bairro 49,23.2
2683,2683,São Paulo,Bairro 31,33.3
2684,2684,São Paulo,Bairro 8,41.4
2685,2685,São Paulo,Bairro 32,9.3
2686,2686,São Paulo,Bairro 47,41.5
2687,2687,São Paulo,Bairro 53,43.2
2688,2688,São Paulo,Bairro 4,9.9
2689,2689,São Paulo,Bairro 43,1.0
2690,2690,São Paulo,Bairro 26,18.1
2691,2691,São Paulo,Bairro 58,19.9
2692,2692,São Paulo,Bairro 24,4.8
2693,2693,São Paulo,Bairro 33,42.0
2694,2694,São Paulo,Bairro 31,23.1
2695,2695,São Paulo,Bairro 33,22.7
2696,2696,São Paulo,Bairro 58,29.1
2697,2697,São Paulo,Bairro 30,23.9
2698,2698,São Paulo,Bairro 33,44.5
2699,2699,São Paulo,Bairro 23,38.5
2700,2700,São Paulo,Bairro 41,31.9
2701,2701,São Paulo,Bairro 32,28.1
2702,2702,São Paulo,Bairro 57,16.3
2703,2703,São Paulo,Bairro 45,26.4
2704,2704,São Paulo,Bairro 6,4.9
2705,2705,São Paulo,Bairro 56,27.1
2706,2706,São Paulo,Bairro 30,41.3
2707,2707,São Paulo,Bairro 39,38.0
2708,2708,São Paulo,Bairro 27,3.5
2709,2709,São Paulo,Bairro 56,27.7
2710,2710,São Paulo,Bairro 60,17.2
2711,2711,São Paulo,Bairro 46,40.9
2712,2712,São Paulo,Bairro 12,36.1
2713,2713,São Paulo,Bairro 41,32.4
2714,2714,São Paulo,Bairro 52,16.3
2715,2715,São Paulo,Bairro 2,24.5
2716,2716,São Paulo,Bairro 42,43.3
2717,2717,São Paulo,Bairro 47,35.3
2718,2718,São Paulo,Bairro 59,9.6
2719,2719,São Paulo,Bairro 9,34.4
2720,2720,São Paulo,Bairro 43,23.5
2721,2721,São Paulo,Bairro 26,18.0
2722,2722,São Paulo,Bairro 55,19.4
2723,2723,São Paulo,Bairro 43,44.2
2724,2724,São Paulo,Bairro 37,23.9
2725,2725,São Paulo,Bairro 10,1.3
2726,2726,São Paulo,Bairro 15,8.8
2727,2727,São Paulo,Bairro 25,42.3
2728,2728,São Paulo,Bairro 22,3.2
2729,2729,São Paulo,Bairro 15,44.8
2730,2730,São Paulo,Bairro 57,14.6
2731,2731,São Paulo,Bairro 9,12.1
2732,2732,São Paulo,Bairro 7,12.6
2733,2733,São Paulo,Bairro 11,2.3
2734,2734,São Paulo,Bairro 29,44.9
2735,2735,São Paulo,Bairro 24,38.1
2736,2736,São Paulo,Bairro 52,10.4
2737,2737,São Paulo,Bairro 22,8.4
2738,2738,São Paulo,Bairro 37,13.1
2739,2739,São Paulo,Bairro 24,21.7
2740,2740,São Paulo,Bairro 4,11.6
2741,2741,São Paulo,Bairro 41,34.0
2742,2742,São Paulo,Bairro 27,38.9
2743,2743,São Paulo,Bairro 5,44.7
2744,2744,São Paulo,Bairro 35,12.5
2745,2745,São Paulo,Bairro 41,30.7
2746,2746,São Paulo,Bairro 11,34.1
2747,2747,São Paulo,Bairro 38,21.8
2748,2748,São Paulo,Bairro 20,34.9
2749,2749,São Paulo,Bairro 14,23.7
2750,2750,São Paulo,Bairro 28,24.7
2751,2751,São Paulo,Bairro 26,3.6
2752,2752,São Paulo,Bairro 45,33.9
2753,2753,São Paulo,Bairro 29,18.8
2754,2754,São Paulo,Bairro 25,7.3
2755,2755,São Paulo,Bairro 41,42.3
2756,2756,São Paulo,Bairro 13,15.4
2757,2757,São Paulo,Bairro 41,14.8
2758,2758,São Paulo,Bairro 49,3.5
2759,2759,São Paulo,Bairro 18,32.6
2760,2760,São Paulo,Bairro 55,5.9
2761,2761,São Paulo,Bairro 48,9.3
2762,2762,São Paulo,Bairro 43,41.3
2763,2763,São Paulo,Bairro 41,9.0
2764,2764,São Paulo,Bairro 57,14.0
2765,2765,São Paulo,Bairro 53,37.7
2766,2766,São Paulo,Bairro 37,39.1
2767,2767,São Paulo,Bairro 46,39.0
2768,2768,São Paulo,Bairro 16,44.1
2769,2769,São Paulo,Bairro 5,8.4
2770,2770,São Paulo,Bairro 59,2.7
2771,2771,São Paulo,Bairro 34,34.6
2772,2772,São Paulo,Bairro 37,41.6
2773,2773,São Paulo,Bairro 20,2.6
2774,2774,São Paulo,Bairro 50,1.8
2775,2775,São Paulo,Bairro 12,12.9
2776,2776,São Paulo,Bairro 44,20.6
2777,2777,São Paulo,Bairro 14,18.5
2778,2778,São Paulo,Bairro 17,8.7
2779,2779,São Paulo,Bairro 16,36.0
2780,2780,São Paulo,Bairro 47,11.5
2781,2781,São Paulo,Bairro 5,9.6
2782,2782,São Paulo,Bairro 53,28.7
2783,2783,São Paulo,Bairro 20,3.3
2784,2784,São Paulo,Bairro 57,28.4
2785,2785,São Paulo,Bairro 8,36.2
2786,2786,São Paulo,Bairro 37,40.5
2787,2787,São Paulo,Bairro 56,37.3
2788,2788,São Paulo,Bairro 11,38.1
2789,2789,São Paulo,Bairro 49,21.9
2790,2790,São Paulo,Bairro 57,21.4
2791,2791,São Paulo,Bairro 55,41.8
2792,2792,São Paulo,Bairro 53,33.1
2793,2793,São Paulo,Bairro 19,32.9
2794,2794,São Paulo,Bairro 42,27.6
2795,2795,São Paulo,Bairro 7,2.1
2796,2796,São Paulo,Bairro 7,22.5
2797,2797,São Paulo,Bairro 32,40.2
2798,2798,São Paulo,Bairro 35,34.6
2799,2799,São Paulo,Bairro 6,32.0
2800,2800,São Paulo,Bairro 58,4.4
2801,2801,São Paulo,Bairro 31,34.6
2802,2802,São Paulo,Bairro 2,33.1
2803,2803,São Paulo,Bairro 32,30.9
2804,2804,São Paulo,Bairro 27,11.0
2805,2805,São Paulo,Bairro 15,6.9
2806,2806,São Paulo,Bairro 44,3.2
2807,2807,São Paulo,Bairro 56,32.8
2808,2808,São Paulo,Bairro 18,26.6
2809,2809,São Paulo,Bairro 53,4.1
2810,2810,São Paulo,Bairro 58,19.2
2811,2811,São Paulo,Bairro 42,43.8
2812,2812,São Paulo,Bairro 21,4.6
2813,2813,São Paulo,Bairro 26,18.0
2814,2814,São Paulo,Bairro 31,4.6
2815,2815,São Paulo,Bairro 23,22.0
2816,2816,São Paulo,Bairro 28,14.6
2817,2817,São Paulo,Bairro 45,24.1
2818,2818,São Paulo,Bairro 45,19.8
2819,2819,São Paulo,Bairro 33,19.9
2820,2820,São Paulo,Bairro 54,34.8
2821,2821,São Paulo,Bairro 55,10.0
2822,2822,São Paulo,Bairro 33,17.1
2823,2823,São Paulo,Bairro 49,20.5
2824,2824,São Paulo,Bairro 7,30.6
2825,2825,São Paulo,Bairro 30,6.0
2826,2826,São Paulo,Bairro 5,26.1
2827,2827,São Paulo,Bairro 37,43.5
2828,2828,São Paulo,Bairro 55,31.4
2829,2829,São Paulo,Bairro 56,27.4
2830,2830,São Paulo,Bairro 6,22.4
2831,2831,São Paulo,Bairro 47,33.6
2832,2832,São Paulo,Bairro 1,30.1
2833,2833,São Paulo,Bairro 49,44.1
2834,2834,São Paulo,Bairro 41,1.0
2835,2835,São Paulo,Bairro 9,8.1
2836,2836,São Paulo,Bairro 29,26.2
2837,2837,São Paulo,Bairro 28,35.0
2838,2838,São Paulo,Bairro 48,12.8
2839,2839,São Paulo,Bairro 22,8.6
2840,2840,São Paulo,Bairro 33,44.6
2841,2841,São Paulo,Bairro 19,42.7
2842,2842,São Paulo,Bairro 1,31.6
2843,2843,São Paulo,Bairro 1,10.3
2844,2844,São Paulo,Bairro 35,22.6
2845,2845,São Paulo,Bairro 41,34.1
2846,2846,São Paulo,Bairro 27,44.4
2847,2847,São Paulo,Bairro 19,19.4
2848,2848,São Paulo,Bairro 22,37.6
2849,2849,São Paulo,Bairro 20,33.3
2850,2850,São Paulo,Bairro 6,29.8
2851,2851,São Paulo,Bairro 55,24.6
2852,2852,São Paulo,Bairro 35,29.2
2853,2853,São Paulo,Bairro 53,37.5
2854,2854,São Paulo,Bairro 39,29.5
2855,2855,São Paulo,Bairro 32,31.5
2856,2856,São Paulo,Bairro 39,32.1
2857,2857,São Paulo,Bairro 45,8.4
2858,2858,São Paulo,Bairro 14,32.6
2859,2859,São Paulo,Bairro 10,7.9
2860,2860,São Paulo,Bairro 36,38.7
2861,2861,São Paulo,Bairro 26,22.8
2862,2862,São Paulo,Bairro 2,29.3
2863,2863,São Paulo,Bairro 14,21.4
2864,2864,São Paulo,Bairro 24,43.7
2865,2865,São Paulo,Bairro 48,35.8
2866,2866,São Paulo,Bairro 35,16.9
2867,2867,São Paulo,Bairro 55,13.3
2868,2868,São Paulo,Bairro 31,31.9
2869,2869,São Paulo,Bairro 58,17.7
2870,2870,São Paulo,Bairro 21,10.0
2871,2871,São Paulo,Bairro 38,6.9
2872,2872,São Paulo,Bairro 48,42.9
2873,2873,São Paulo,Bairro 19,9.6
2874,2874,São Paulo,Bairro 59,23.0
2875,2875,São Paulo,Bairro 15,6.2
2876,2876,São Paulo,Bairro 12,15.9
2877,2877,São Paulo,Bairro 30,17.0
2878,2878,São Paulo,Bairro 17,3.9
2879,2879,São Paulo,Bairro 11,19.3
2880,2880,São Paulo,Bairro 20,34.0
2881,2881,São Paulo,Bairro 45,36.0
2882,2882,São Paulo,Bairro 47,34.3
2883,2883,São Paulo,Bairro 37,13.0
2884,2884,São Paulo,Bairro 58,14.5
2885,2885,São Paulo,Bairro 48,29.3
2886,2886,São Paulo,Bairro 29,10.8
2887,2887,São Paulo,Bairro 19,34.8
2888,2888,São Paulo,Bairro 10,29.8
2889,2889,São Paulo,Bairro 28,19.3
2890,2890,São Paulo,Bairro 10,36.5
2891,2891,São Paulo,Bairro 17,22.4
2892,2892,São Paulo,Bairro 28,0.6
2893,2893,São Paulo,Bairro 36,7.3
2894,2894,São Paulo,Bairro 44,43.5
2895,2895,São Paulo,Bairro 4,21.9
2896,2896,São Paulo,Bairro 5,3.2
2897,2897,São Paulo,Bairro 10,11.9
2898,2898,São Paulo,Bairro 34,34.9
2899,2899,São Paulo,Bairro 46,24.0
2900,2900,São Paulo,Bairro 49,19.6
2901,2901,São Paulo,Bairro 8,28.5
2902,2902,São Paulo,Bairro 42,26.6
2903,2903,São Paulo,Bairro 39,27.3
2904,2904,São Paulo,Bairro 25,27.8
2905,2905,São Paulo,Bairro 39,11.4
2906,2906,São Paulo,Bairro 56,34.2
2907,2907,São Paulo,Bairro 51,29.0
2908,2908,São Paulo,Bairro 49,35.9
2909,2909,São Paulo,Bairro 50,9.5
2910,2910,São Paulo,Bairro 33,9.2
2911,2911,São Paulo,Bairro 13,24.0
2912,2912,São Paulo,Bairro 53,19.6
2913,2913,São Paulo,Bairro 33,9.9
2914,2914,São Paulo,Bairro 47,35.9
2915,2915,São Paulo,Bairro 34,26.3
2916,2916,São Paulo,Bairro 34,7.2
2917,2917,São Paulo,Bairro 33,6.0
2918,2918,São Paulo,Bairro 29,9.9
2919,2919,São Paulo,Bairro 56,32.5
2920,2920,São Paulo,Bairro 35,5.1
2921,2921,São Paulo,Bairro 25,16.0
2922,2922,São Paulo,Bairro 48,6.8
2923,2923,São Paulo,Bairro 22,2.2
2924,2924,São Paulo,Bairro 52,37.3
2925,2925,São Paulo,Bairro 39,37.6
2926,2926,São Paulo,Bairro 41,27.9
2927,2927,São Paulo,Bairro 31,24.7
2928,2928,São Paulo,Bairro 32,10.9
2929,2929,São Paulo,Bairro 41,16.5
2930,2930,São Paulo,Bairro 8,26.3
2931,2931,São Paulo,Bairro 34,1.6
2932,2932,São Paulo,Bairro 34,11.9
2933,2933,São Paulo,Bairro 59,27.1
2934,2934,São Paulo,Bairro 2,30.2
2935,2935,São Paulo,Bairro 60,9.8
2936,2936,São Paulo,Bairro 19,8.4
2937,2937,São Paulo,Bairro 59,37.8
2938,2938,São Paulo,Bairro 40,32.7
2939,2939,São Paulo,Bairro 4,24.6
2940,2940,São Paulo,Bairro 30,7.4
2941,2941,São Paulo,Bairro 47,7.4
2942,2942,São Paulo,Bairro 43,28.6
2943,2943,São Paulo,Bairro 12,24.3
2944,2944,São Paulo,Bairro 58,3.0
2945,2945,São Paulo,Bairro 26,20.1
2946,2946,São Paulo,Bairro 48,44.2
2947,2947,São Paulo,Bairro 52,34.9
2948,2948,São Paulo,Bairro 55,18.9
2949,2949,São Paulo,Bairro 29,30.3
2950,2950,São Paulo,Bairro 15,31.7
2951,2951,São Paulo,Bairro 31,3.8
2952,2952,São Paulo,Bairro 5,44.3
2953,2953,São Paulo,Bairro 3,16.5
2954,2954,São Paulo,Bairro 37,20.0
2955,2955,São Paulo,Bairro 59,19.6
2956,2956,São Paulo,Bairro 51,26.1
2957,2957,São Paulo,Bairro 37,10.6
2958,2958,São Paulo,Bairro 3,16.6
2959,2959,São Paulo,Bairro 45,22.1
2960,2960,São Paulo,Bairro 3,30.3
2961,2961,São Paulo,Bairro 11,43.9
2962,2962,São Paulo,Bairro 9,17.8
2963,2963,São Paulo,Bairro 4,32.1
2964,2964,São Paulo,Bairro 16,7.2
2965,2965,São Paulo,Bairro 36,31.3
2966,2966,São Paulo,Bairro 32,8.9
2967,2967,São Paulo,Bairro 23,5.3
2968,2968,São Paulo,Bairro 35,12.7
2969,2969,São Paulo,Bairro 39,5.4
2970,2970,São Paulo,Bairro 35,37.2
2971,2971,São Paulo,Bairro 49,18.0
2972,2972,São Paulo,Bairro 14,6.8
2973,2973,São Paulo,Bairro 20,1.5
2974,2974,São Paulo,Bairro 16,42.5
2975,2975,São Paulo,Bairro 31,8.6
2976,2976,São Paulo,Bairro 30,18.4
2977,2977,São Paulo,Bairro 14,27.2
2978,2978,São Paulo,Bairro 23,21.7
2979,2979,São Paulo,Bairro 10,36.5
2980,2980,São Paulo,Bairro 43,31.6
2981,2981,São Paulo,Bairro 21,2.0
2982,2982,São Paulo,Bairro 30,6.7
2983,2983,São Paulo,Bairro 60,30.6
2984,2984,São Paulo,Bairro 20,38.0
2985,2985,São Paulo,Bairro 33,29.4
2986,2986,São Paulo,Bairro 45,16.3
2987,2987,São Paulo,Bairro 50,39.4
2988,2988,São Paulo,Bairro 1,1.7
2989,2989,São Paulo,Bairro 40,36.6
2990,2990,São Paulo,Bairro 59,23.2
2991,2991,São Paulo,Bairro 28,40.5
2992,2992,São Paulo,Bairro 60,31.7
2993,2993,São Paulo,Bairro 11,35.4
2994,2994,São Paulo,Bairro 18,29.2
2995,2995,São Paulo,Bairro 57,44.5
2996,2996,São Paulo,Bairro 45,1.2
2997,2997,São Paulo,Bairro 21,3.4
2998,2998,São Paulo,Bairro 18,27.9
2999,2999,São Paulo,Bairro 20,22.9
3000,3000,São Paulo,Bairro 30,33.8
3001,3001,São Paulo,Bairro 23,32.6
3002,3002,São Paulo,Bairro 32,17.2
3003,3003,São Paulo,Bairro 15,37.7
3004,3004,São Paulo,Bairro 51,14.8
3005,3005,São Paulo,Bairro 25,37.9
3006,3006,São Paulo,Bairro 40,25.7
3007,3007,São Paulo,Bairro 7,32.4
3008,3008,São Paulo,Bairro 32,22.7
3009,3009,São Paulo,Bairro 59,26.0
3010,3010,São Paulo,Bairro 41,20.3
3011,3011,São Paulo,Bairro 10,7.2
3012,3012,São Paulo,Bairro 10,31.5
3013,3013,São Paulo,Bairro 20,39.2
3014,3014,São Paulo,Bairro 25,33.0
3015,3015,São Paulo,Bairro 6,34.2
3016,3016,São Paulo,Bairro 21,42.1
3017,3017,São Paulo,Bairro 16,42.8
3018,3018,São Paulo,Bairro 1,7.1
3019,3019,São Paulo,Bairro 1,6.5
3020,3020,São Paulo,Bairro 50,16.7
3021,3021,São Paulo,Bairro 4,38.6
3022,3022,São Paulo,Bairro 31,38.0
3023,3023,São Paulo,Bairro 52,39.4
3024,3024,São Paulo,Bairro 40,21.4
3025,3025,São Paulo,Bairro 58,31.3
3026,3026,São Paulo,Bairro 45,25.6
3027,3027,São Paulo,Bairro 55,24.4
3028,3028,São Paulo,Bairro 3,40.4
3029,3029,São Paulo,Bairro 7,11.7
3030,3030,São Paulo,Bairro 16,39.3
3031,3031,São Paulo,Bairro 25,29.4
3032,3032,São Paulo,Bairro 44,0.9
3033,3033,São Paulo,Bairro 60,19.9
3034,3034,São Paulo,Bairro 58,39.3
3035,3035,São Paulo,Bairro 10,34.4
3036,3036,São Paulo,Bairro 57,2.2
3037,3037,São Paulo,Bairro 22,39.3
3038,3038,São Paulo,Bairro 4,1.6
3039,3039,São Paulo,Bairro 40,38.7
3040,3040,São Paulo,Bairro 58,28.0
3041,3041,São Paulo,Bairro 6,42.8
3042,3042,São Paulo,Bairro 24,24.1
3043,3043,São Paulo,Bairro 60,15.9
3044,3044,São Paulo,Bairro 37,10.2
3045,3045,São Paulo,Bairro 38,40.3
3046,3046,São Paulo,Bairro 11,39.0
3047,3047,São Paulo,Bairro 56,12.0
3048,3048,São Paulo,Bairro 21,16.3
3049,3049,São Paulo,Bairro 28,15.6
3050,3050,São Paulo,Bairro 14,8.6
3051,3051,São Paulo,Bairro 7,14.0
3052,3052,São Paulo,Bairro 35,44.4
3053,3053,São Paulo,Bairro 20,12.9
3054,3054,São Paulo,Bairro 6,8.9
3055,3055,São Paulo,Bairro 52,34.9
3056,3056,São Paulo,Bairro 37,17.1
3057,3057,São Paulo,Bairro 6,41.0
3058,3058,São Paulo,Bairro 26,25.6
3059,3059,São Paulo,Bairro 13,9.8
3060,3060,São Paulo,Bairro 4,11.1
3061,3061,São Paulo,Bairro 6,14.6
3062,3062,São Paulo,Bairro 38,15.1
3063,3063,São Paulo,Bairro 59,2.4
3064,3064,São Paulo,Bairro 1,16.0
3065,3065,São Paulo,Bairro 43,30.5
3066,3066,São Paulo,Bairro 28,27.1
3067,3067,São Paulo,Bairro 46,3.4
3068,3068,São Paulo,Bairro 54,19.7
3069,3069,São Paulo,Bairro 53,9.8
3070,3070,São Paulo,Bairro 58,5.5
3071,3071,São Paulo,Bairro 51,3.3
3072,3072,São Paulo,Bairro 9,23.6
3073,3073,São Paulo,Bairro 32,13.5
3074,3074,São Paulo,Bairro 46,36.4
3075,3075,São Paulo,Bairro 42,5.5
3076,3076,São Paulo,Bairro 30,37.3
3077,3077,São Paulo,Bairro 2,31.1
3078,3078,São Paulo,Bairro 37,35.9
3079,3079,São Paulo,Bairro 15,37.6
3080,3080,São Paulo,Bairro 10,3.6
3081,3081,São Paulo,Bairro 21,6.4
3082,3082,São Paulo,Bairro 29,40.1
3083,3083,São Paulo,Bairro 52,23.6
3084,3084,São Paulo,Bairro 39,34.2
3085,3085,São Paulo,Bairro 57,25.6
3086,3086,São Paulo,Bairro 9,23.0
3087,3087,São Paulo,Bairro 16,0.8
3088,3088,São Paulo,Bairro 42,8.8
3089,3089,São Paulo,Bairro 19,3.0
3090,3090,São Paulo,Bairro 10,3.8
3091,3091,São Paulo,Bairro 23,2.6
3092,3092,São Paulo,Bairro 25,39.0
3093,3093,São Paulo,Bairro 36,42.1
3094,3094,São Paulo,Bairro 48,5.3
3095,3095,São Paulo,Bairro 7,7.2
3096,3096,São Paulo,Bairro 27,2.9
3097,3097,São Paulo,Bairro 45,33.0
3098,3098,São Paulo,Bairro 23,33.6
3099,3099,São Paulo,Bairro 34,25.7
3100,3100,São Paulo,Bairro 21,12.2
3101,3101,São Paulo,Bairro 60,25.0
3102,3102,São Paulo,Bairro 36,43.8
3103,3103,São Paulo,Bairro 18,43.3
3104,3104,São Paulo,Bairro 39,39.4
3105,3105,São Paulo,Bairro 35,42.5
3106,3106,São Paulo,Bairro 54,19.5
3107,3107,São Paulo,Bairro 20,20.9
3108,3108,São Paulo,Bairro 40,34.8
3109,3109,São Paulo,Bairro 58,22.7
3110,3110,São Paulo,Bairro 55,42.4
3111,3111,São Paulo,Bairro 44,42.9
3112,3112,São Paulo,Bairro 17,23.2
3113,3113,São Paulo,Bairro 20,24.1
3114,3114,São Paulo,Bairro 3,15.5
3115,3115,São Paulo,Bairro 25,7.3
3116,3116,São Paulo,Bairro 2,38.7
3117,3117,São Paulo,Bairro 60,32.8
3118,3118,São Paulo,Bairro 54,17.0
3119,3119,São Paulo,Bairro 1,26.5
3120,3120,São Paulo,Bairro 20,12.6
3121,3121,São Paulo,Bairro 26,39.3
3122,3122,São Paulo,Bairro 24,1.0
3123,3123,São Paulo,Bairro 7,6.7
3124,3124,São Paulo,Bairro 57,40.9
3125,3125,São Paulo,Bairro 44,35.1
3126,3126,São Paulo,Bairro 15,41.3
3127,3127,São Paulo,Bairro 4,19.1
3128,3128,São Paulo,Bairro 41,17.2
3129,3129,São Paulo,Bairro 25,19.8
3130,3130,São Paulo,Bairro 4,38.2
3131,3131,São Paulo,Bairro 54,16.5
3132,3132,São Paulo,Bairro 23,28.0
3133,3133,São Paulo,Bairro 54,23.3
3134,3134,São Paulo,Bairro 24,29.2
3135,3135,São Paulo,Bairro 45,20.9
3136,3136,São Paulo,Bairro 22,22.1
3137,3137,São Paulo,Bairro 58,26.1
3138,3138,São Paulo,Bairro 53,36.3
3139,3139,São Paulo,Bairro 37,31.6
3140,3140,São Paulo,Bairro 16,26.5
3141,3141,São Paulo,Bairro 60,27.3
3142,3142,São Paulo,Bairro 32,12.4
3143,3143,São Paulo,Bairro 30,7.3
3144,3144,São Paulo,Bairro 37,38.0
3145,3145,São Paulo,Bairro 3,31.9
3146,3146,São Paulo,Bairro 21,39.2
3147,3147,São Paulo,Bairro 6,31.4
3148,3148,São Paulo,Bairro 50,35.0
3149,3149,São Paulo,Bairro 47,41.8
3150,3150,São Paulo,Bairro 25,36.5
3151,3151,São Paulo,Bairro 2,26.9
3152,3152,São Paulo,Bairro 2,6.6
3153,3153,São Paulo,Bairro 28,40.8
3154,3154,São Paulo,Bairro 18,22.6
3155,3155,São Paulo,Bairro 59,34.5
3156,3156,São Paulo,Bairro 56,14.2
3157,3157,São Paulo,Bairro 17,30.6
3158,3158,São Paulo,Bairro 15,8.0
3159,3159,São Paulo,Bairro 7,3.8
3160,3160,São Paulo,Bairro 41,26.3
3161,3161,São Paulo,Bairro 9,19.9
3162,3162,São Paulo,Bairro 27,34.4
3163,3163,São Paulo,Bairro 9,10.9
3164,3164,São Paulo,Bairro 29,9.1
3165,3165,São Paulo,Bairro 41,42.0
3166,3166,São Paulo,Bairro 7,35.3
3167,3167,São Paulo,Bairro 55,35.6
3168,3168,São Paulo,Bairro 1,27.7
3169,3169,São Paulo,Bairro 35,11.3
3170,3170,São Paulo,Bairro 17,17.0
3171,3171,São Paulo,Bairro 11,11.6
3172,3172,São Paulo,Bairro 35,41.5
3173,3173,São Paulo,Bairro 51,1.1
3174,3174,São Paulo,Bairro 20,17.7
3175,3175,São Paulo,Bairro 52,9.2
3176,3176,São Paulo,Bairro 57,8.5
3177,3177,São Paulo,Bairro 29,12.3
3178,3178,São Paulo,Bairro 10,36.2
3179,3179,São Paulo,Bairro 27,14.7
3180,3180,São Paulo,Bairro 58,40.9
3181,3181,São Paulo,Bairro 26,18.9
3182,3182,São Paulo,Bairro 35,2.0
3183,3183,São Paulo,Bairro 43,43.2
3184,3184,São Paulo,Bairro 59,25.1
3185,3185,São Paulo,Bairro 3,2.7
3186,3186,São Paulo,Bairro 24,40.9
3187,3187,São Paulo,Bairro 37,29.8
3188,3188,São Paulo,Bairro 59,39.7
3189,3189,São Paulo,Bairro 49,10.1
3190,3190,São Paulo,Bairro 8,15.1
3191,3191,São Paulo,Bairro 54,17.1
3192,3192,São Paulo,Bairro 58,2.9
3193,3193,São Paulo,Bairro 6,38.5
3194,3194,São Paulo,Bairro 18,10.3
3195,3195,São Paulo,Bairro 35,44.4
3196,3196,São Paulo,Bairro 48,36.3
3197,3197,São Paulo,Bairro 22,20.7
3198,3198,São Paulo,Bairro 7,25.4
3199,3199,São Paulo,Bairro 4,43.3
3200,3200,São Paulo,Bairro 30,28.1
3201,3201,São Paulo,Bairro 59,32.2
3202,3202,São Paulo,Bairro 18,28.1
3203,3203,São Paulo,Bairro 47,41.4
3204,3204,São Paulo,Bairro 52,13.1
3205,3205,São Paulo,Bairro 34,44.1
3206,3206,São Paulo,Bairro 56,36.4
3207,3207,São Paulo,Bairro 23,30.3
3208,3208,São Paulo,Bairro 54,28.7
3209,3209,São Paulo,Bairro 51,37.9
3210,3210,São Paulo,Bairro 19,12.6
3211,3211,São Paulo,Bairro 27,4.6
3212,3212,São Paulo,Bairro 39,29.8
3213,3213,São Paulo,Bairro 22,11.7
3214,3214,São Paulo,Bairro 30,4.6
3215,3215,São Paulo,Bairro 1,39.1
3216,3216,São Paulo,Bairro 27,41.4
3217,3217,São Paulo,Bairro 27,38.0
3218,3218,São Paulo,Bairro 59,18.1
3219,3219,São Paulo,Bairro 28,24.4
3220,3220,São Paulo,Bairro 24,13.4
3221,3221,São Paulo,Bairro 51,14.5
3222,3222,São Paulo,Bairro 22,11.0
3223,3223,São Paulo,Bairro 56,28.7
3224,3224,São Paulo,Bairro 26,10.3
3225,3225,São Paulo,Bairro 60,36.2
3226,3226,São Paulo,Bairro 28,19.8
3227,3227,São Paulo,Bairro 39,28.1
3228,3228,São Paulo,Bairro 23,28.0
3229,3229,São Paulo,Bairro 3,8.0
3230,3230,São Paulo,Bairro 15,12.8
3231,3231,São Paulo,Bairro 60,34.9
3232,3232,São Paulo,Bairro 9,10.9
3233,3233,São Paulo,Bairro 52,25.5
3234,3234,São Paulo,Bairro 54,19.5
3235,3235,São Paulo,Bairro 12,17.5
3236,3236,São Paulo,Bairro 18,23.2
3237,3237,São Paulo,Bairro 20,27.8
3238,3238,São Paulo,Bairro 7,23.9
3239,3239,São Paulo,Bairro 26,4.8
3240,3240,São Paulo,Bairro 25,39.9
3241,3241,São Paulo,Bairro 36,23.5
3242,3242,São Paulo,Bairro 26,10.2
3243,3243,São Paulo,Bairro 22,24.4
3244,3244,São Paulo,Bairro 4,29.8
3245,3245,São Paulo,Bairro 49,9.7
3246,3246,São Paulo,Bairro 6,29.8
3247,3247,São Paulo,Bairro 6,28.5
3248,3248,São Paulo,Bairro 5,30.7
3249,3249,São Paulo,Bairro 13,15.9
3250,3250,São Paulo,Bairro 8,36.8
3251,3251,São Paulo,Bairro 29,40.4
3252,3252,São Paulo,Bairro 11,22.1
3253,3253,São Paulo,Bairro 19,21.6
3254,3254,São Paulo,Bairro 20,14.1
3255,3255,São Paulo,Bairro 54,26.2
3256,3256,São Paulo,Bairro 13,20.3
3257,3257,São Paulo,Bairro 48,8.3
3258,3258,São Paulo,Bairro 50,28.1
3259,3259,São Paulo,Bairro 52,33.8
3260,3260,São Paulo,Bairro 31,34.5
3261,3261,São Paulo,Bairro 5,27.7
3262,3262,São Paulo,Bairro 56,18.6
3263,3263,São Paulo,Bairro 11,39.7
3264,3264,São Paulo,Bairro 23,23.7
3265,3265,São Paulo,Bairro 22,30.1
3266,3266,São Paulo,Bairro 34,44.5
3267,3267,São Paulo,Bairro 60,36.7
3268,3268,São Paulo,Bairro 43,9.3
3269,3269,São Paulo,Bairro 14,28.7
3270,3270,São Paulo,Bairro 49,14.5
3271,3271,São Paulo,Bairro 44,30.8
3272,3272,São Paulo,Bairro 20,1.2
3273,3273,São Paulo,Bairro 29,14.2
3274,3274,São Paulo,Bairro 18,1.7
3275,3275,São Paulo,Bairro 29,9.2
3276,3276,São Paulo,Bairro 31,7.2
3277,3277,São Paulo,Bairro 41,19.2
3278,3278,São Paulo,Bairro 48,22.2
3279,3279,São Paulo,Bairro 27,15.7
3280,3280,São Paulo,Bairro 32,26.7
3281,3281,São Paulo,Bairro 52,38.3
3282,3282,São Paulo,Bairro 25,6.0
3283,3283,São Paulo,Bairro 58,11.3
3284,3284,São Paulo,Bairro 19,12.2
3285,3285,São Paulo,Bairro 22,6.0
3286,3286,São Paulo,Bairro 33,2.2
3287,3287,São Paulo,Bairro 21,12.1
3288,3288,São Paulo,Bairro 21,4.0
3289,3289,São Paulo,Bairro 58,42.7
3290,3290,São Paulo,Bairro 9,13.4
3291,3291,São Paulo,Bairro 24,41.5
3292,3292,São Paulo,Bairro 33,43.1
3293,3293,São Paulo,Bairro 16,14.4
3294,3294,São Paulo,Bairro 17,0.8
3295,3295,São Paulo,Bairro 28,38.1
3296,3296,São Paulo,Bairro 6,30.4
3297,3297,São Paulo,Bairro 4,40.1
3298,3298,São Paulo,Bairro 42,30.2
3299,3299,São Paulo,Bairro 17,27.5
3300,3300,São Paulo,Bairro 8,14.0
3301,3301,São Paulo,Bairro 21,9.9
3302,3302,São Paulo,Bairro 16,22.4
3303,3303,São Paulo,Bairro 23,38.0
3304,3304,São Paulo,Bairro 2,4.8
3305,3305,São Paulo,Bairro 24,17.5
3306,3306,São Paulo,Bairro 7,12.8
3307,3307,São Paulo,Bairro 44,5.4
3308,3308,São Paulo,Bairro 44,42.6
3309,3309,São Paulo,Bairro 5,16.1
3310,3310,São Paulo,Bairro 31,10.6
3311,3311,São Paulo,Bairro 31,19.4
3312,3312,São Paulo,Bairro 34,12.5
3313,3313,São Paulo,Bairro 47,28.0
3314,3314,São Paulo,Bairro 13,12.4
3315,3315,São Paulo,Bairro 41,22.4
3316,3316,São Paulo,Bairro 5,1.2
3317,3317,São Paulo,Bairro 1,22.2
3318,3318,São Paulo,Bairro 37,17.2
3319,3319,São Paulo,Bairro 42,5.0
3320,3320,São Paulo,Bairro 20,40.7
3321,3321,São Paulo,Bairro 7,14.4
3322,3322,São Paulo,Bairro 23,4.9
3323,3323,São Paulo,Bairro 38,38.6
3324,3324,São Paulo,Bairro 42,16.5
3325,3325,São Paulo,Bairro 35,35.0
3326,3326,São Paulo,Bairro 35,22.1
3327,3327,São Paulo,Bairro 14,17.6
3328,3328,São Paulo,Bairro 3,43.0
3329,3329,São Paulo,Bairro 30,8.3
3330,3330,São Paulo,Bairro 26,19.5
3331,3331,São Paulo,Bairro 5,38.1
3332,3332,São Paulo,Bairro 34,2.7
3333,3333,São Paulo,Bairro 17,11.2
3334,3334,São Paulo,Bairro 34,23.6
3335,3335,São Paulo,Bairro 5,17.5
3336,3336,São Paulo,Bairro 35,14.3
3337,3337,São Paulo,Bairro 9,38.7
3338,3338,São Paulo,Bairro 46,8.1
3339,3339,São Paulo,Bairro 13,29.5
3340,3340,São Paulo,Bairro 2,37.1
3341,3341,São Paulo,Bairro 39,1.9
3342,3342,São Paulo,Bairro 60,1.3
3343,3343,São Paulo,Bairro 20,32.7
3344,3344,São Paulo,Bairro 25,12.8
3345,3345,São Paulo,Bairro 22,0.6
3346,3346,São Paulo,Bairro 2,30.0
3347,3347,São Paulo,Bairro 25,30.4
3348,3348,São Paulo,Bairro 17,16.4
3349,3349,São Paulo,Bairro 47,6.0
3350,3350,São Paulo,Bairro 40,27.9
3351,3351,São Paulo,Bairro 33,4.2
3352,3352,São Paulo,Bairro 33,21.8
3353,3353,São Paulo,Bairro 14,2.8
3354,3354,São Paulo,Bairro 12,22.4
3355,3355,São Paulo,Bairro 53,17.3
3356,3356,São Paulo,Bairro 46,44.8
3357,3357,São Paulo,Bairro 52,44.9
3358,3358,São Paulo,Bairro 12,7.9
3359,3359,São Paulo,Bairro 51,22.6
3360,3360,São Paulo,Bairro 54,19.5
3361,3361,São Paulo,Bairro 55,14.9
3362,3362,São Paulo,Bairro 17,37.5
3363,3363,São Paulo,Bairro 10,41.3
3364,3364,São Paulo,Bairro 25,40.1
3365,3365,São Paulo,Bairro 22,26.5
3366,3366,São Paulo,Bairro 17,21.2
3367,3367,São Paulo,Bairro 23,9.9
3368,3368,São Paulo,Bairro 54,6.8
3369,3369,São Paulo,Bairro 27,34.2
3370,3370,São Paulo,Bairro 43,41.0
3371,3371,São Paulo,Bairro 17,26.7
3372,3372,São Paulo,Bairro 4,43.5
3373,3373,São Paulo,Bairro 53,34.4
3374,3374,São Paulo,Bairro 56,9.8
3375,3375,São Paulo,Bairro 37,21.3
3376,3376,São Paulo,Bairro 13,34.7
3377,3377,São Paulo,Bairro 54,16.9
3378,3378,São Paulo,Bairro 13,30.6
3379,3379,São Paulo,Bairro 23,36.5
3380,3380,São Paulo,Bairro 38,19.8
3381,3381,São Paulo,Bairro 10,19.2
3382,3382,São Paulo,Bairro 41,17.4
3383,3383,São Paulo,Bairro 4,32.3
3384,3384,São Paulo,Bairro 40,25.5
3385,3385,São Paulo,Bairro 46,20.9
3386,3386,São Paulo,Bairro 30,11.9
3387,3387,São Paulo,Bairro 1,31.7
3388,3388,São Paulo,Bairro 6,12.0
3389,3389,São Paulo,Bairro 45,11.3
3390,3390,São Paulo,Bairro 59,38.4
3391,3391,São Paulo,Bairro 19,4.6
3392,3392,São Paulo,Bairro 5,27.6
3393,3393,São Paulo,Bairro 55,4.5
3394,3394,São Paulo,Bairro 13,19.8
3395,3395,São Paulo,Bairro 27,14.3
3396,3396,São Paulo,Bairro 4,43.8
3397,3397,São Paulo,Bairro 49,7.5
3398,3398,São Paulo,Bairro 24,41.6
3399,3399,São Paulo,Bairro 57,37.3
3400,3400,São Paulo,Bairro 28,2.3
3401,3401,São Paulo,Bairro 27,6.2
3402,3402,São Paulo,Bairro 49,29.2
3403,3403,São Paulo,Bairro 43,8.7
3404,3404,São Paulo,Bairro 13,23.7
3405,3405,São Paulo,Bairro 14,16.5
3406,3406,São Paulo,Bairro 30,27.6
3407,3407,São Paulo,Bairro 40,8.8
3408,3408,São Paulo,Bairro 42,27.1
3409,3409,São Paulo,Bairro 60,26.0
3410,3410,São Paulo,Bairro 24,39.5
3411,3411,São Paulo,Bairro 36,25.7
3412,3412,São Paulo,Bairro 10,15.0
3413,3413,São Paulo,Bairro 42,22.0
3414,3414,São Paulo,Bairro 56,22.1
3415,3415,São Paulo,Bairro 12,27.0
3416,3416,São Paulo,Bairro 40,20.3
3417,3417,São Paulo,Bairro 23,18.2
3418,3418,São Paulo,Bairro 21,5.0
3419,3419,São Paulo,Bairro 33,38.1
3420,3420,São Paulo,Bairro 52,23.3
3421,3421,São Paulo,Bairro 57,28.0
3422,3422,São Paulo,Bairro 22,44.8
3423,3423,São Paulo,Bairro 13,24.4
3424,3424,São Paulo,Bairro 28,22.3
3425,3425,São Paulo,Bairro 28,15.9
3426,3426,São Paulo,Bairro 30,3.1
3427,3427,São Paulo,Bairro 6,33.2
3428,3428,São Paulo,Bairro 6,8.0
3429,3429,São Paulo,Bairro 41,3.7
3430,3430,São Paulo,Bairro 15,29.2
3431,3431,São Paulo,Bairro 60,31.6
3432,3432,São Paulo,Bairro 34,22.4
3433,3433,São Paulo,Bairro 51,9.9
3434,3434,São Paulo,Bairro 50,30.8
3435,3435,São Paulo,Bairro 17,8.4
3436,3436,São Paulo,Bairro 20,13.3
3437,3437,São Paulo,Bairro 33,10.0
3438,3438,São Paulo,Bairro 51,15.4
3439,3439,São Paulo,Bairro 44,35.0
3440,3440,São Paulo,Bairro 22,34.1
3441,3441,São Paulo,Bairro 30,13.3
3442,3442,São Paulo,Bairro 33,23.9
3443,3443,São Paulo,Bairro 41,10.8
3444,3444,São Paulo,Bairro 28,39.9
3445,3445,São Paulo,Bairro 13,25.5
3446,3446,São Paulo,Bairro 9,16.6
3447,3447,São Paulo,Bairro 24,39.1
3448,3448,São Paulo,Bairro 14,2.1
3449,3449,São Paulo,Bairro 55,9.1
3450,3450,São Paulo,Bairro 22,31.2
3451,3451,São Paulo,Bairro 60,34.1
3452,3452,São Paulo,Bairro 12,43.4
3453,3453,São Paulo,Bairro 23,3.3
3454,3454,São Paulo,Bairro 13,30.8
3455,3455,São Paulo,Bairro 19,35.6
3456,3456,São Paulo,Bairro 27,42.6
3457,3457,São Paulo,Bairro 2,42.3
3458,3458,São Paulo,Bairro 28,42.9
3459,3459,São Paulo,Bairro 47,26.0
3460,3460,São Paulo,Bairro 37,36.5
3461,3461,São Paulo,Bairro 48,44.2
3462,3462,São Paulo,Bairro 48,11.9
3463,3463,São Paulo,Bairro 7,43.3
3464,3464,São Paulo,Bairro 31,35.2
3465,3465,São Paulo,Bairro 27,40.2
3466,3466,São Paulo,Bairro 2,24.8
3467,3467,São Paulo,Bairro 43,41.0
3468,3468,São Paulo,Bairro 3,36.1
3469,3469,São Paulo,Bairro 53,1.4
3470,3470,São Paulo,Bairro 12,40.1
3471,3471,São Paulo,Bairro 46,6.7
3472,3472,São Paulo,Bairro 38,15.6
3473,3473,São Paulo,Bairro 24,5.2
3474,3474,São Paulo,Bairro 7,38.8
3475,3475,São Paulo,Bairro 27,27.0
3476,3476,São Paulo,Bairro 15,6.6
3477,3477,São Paulo,Bairro 10,25.2
3478,3478,São Paulo,Bairro 59,12.0
3479,3479,São Paulo,Bairro 17,43.9
3480,3480,São Paulo,Bairro 60,7.8
3481,3481,São Paulo,Bairro 53,10.8
3482,3482,São Paulo,Bairro 9,18.9
3483,3483,São Paulo,Bairro 48,6.2
3484,3484,São Paulo,Bairro 19,12.3
3485,3485,São Paulo,Bairro 13,40.9
3486,3486,São Paulo,Bairro 7,15.5
3487,3487,São Paulo,Bairro 3,12.4
3488,3488,São Paulo,Bairro 8,37.6
3489,3489,São Paulo,Bairro 26,22.2
3490,3490,São Paulo,Bairro 56,20.1
3491,3491,São Paulo,Bairro 36,22.8
3492,3492,São Paulo,Bairro 3,34.6
3493,3493,São Paulo,Bairro 6,30.7
3494,3494,São Paulo,Bairro 41,16.2
3495,3495,São Paulo,Bairro 39,5.0
3496,3496,São Paulo,Bairro 12,19.3
3497,3497,São Paulo,Bairro 20,8.8
3498,3498,São Paulo,Bairro 59,8.3
3499,3499,São Paulo,Bairro 44,18.0
3500,3500,São Paulo,Bairro 22,16.3
3501,3501,São Paulo,Bairro 18,18.9
3502,3502,São Paulo,Bairro 44,2.3
3503,3503,São Paulo,Bairro 13,32.4
3504,3504,São Paulo,Bairro 53,33.3
3505,3505,São Paulo,Bairro 46,8.9
3506,3506,São Paulo,Bairro 3,39.5
3507,3507,São Paulo,Bairro 55,15.7
3508,3508,São Paulo,Bairro 6,25.8
3509,3509,São Paulo,Bairro 16,8.3
3510,3510,São Paulo,Bairro 46,24.9
3511,3511,São Paulo,Bairro 23,13.6
3512,3512,São Paulo,Bairro 22,6.6
3513,3513,São Paulo,Bairro 36,33.0
3514,3514,São Paulo,Bairro 28,28.9
3515,3515,São Paulo,Bairro 11,28.5
3516,3516,São Paulo,Bairro 1,39.6
3517,3517,São Paulo,Bairro 57,10.1
3518,3518,São Paulo,Bairro 28,13.1
3519,3519,São Paulo,Bairro 44,26.5
3520,3520,São Paulo,Bairro 1,28.2
3521,3521,São Paulo,Bairro 49,27.9
3522,3522,São Paulo,Bairro 28,23.1
3523,3523,São Paulo,Bairro 6,27.2
3524,3524,São Paulo,Bairro 24,1.1
3525,3525,São Paulo,Bairro 45,25.5
3526,3526,São Paulo,Bairro 32,42.2
3527,3527,São Paulo,Bairro 26,25.8
3528,3528,São Paulo,Bairro 39,25.7
3529,3529,São Paulo,Bairro 43,23.8
3530,3530,São Paulo,Bairro 7,44.9
3531,3531,São Paulo,Bairro 42,6.0
3532,3532,São Paulo,Bairro 58,28.4
3533,3533,São Paulo,Bairro 19,25.5
3534,3534,São Paulo,Bairro 53,41.0
3535,3535,São Paulo,Bairro 30,12.6
3536,3536,São Paulo,Bairro 8,8.2
3537,3537,São Paulo,Bairro 43,4.2
3538,3538,São Paulo,Bairro 45,30.0
3539,3539,São Paulo,Bairro 3,6.8
3540,3540,São Paulo,Bairro 6,16.6
3541,3541,São Paulo,Bairro 8,22.5
3542,3542,São Paulo,Bairro 59,15.0
3543,3543,São Paulo,Bairro 49,18.1
3544,3544,São Paulo,Bairro 14,40.5
3545,3545,São Paulo,Bairro 59,20.7
3546,3546,São Paulo,Bairro 22,9.6
3547,3547,São Paulo,Bairro 11,39.6
3548,3548,São Paulo,Bairro 3,6.3
3549,3549,São Paulo,Bairro 50,36.8
3550,3550,São Paulo,Bairro 39,18.4
3551,3551,São Paulo,Bairro 28,22.8
3552,3552,São Paulo,Bairro 52,40.0
3553,3553,São Paulo,Bairro 35,16.9
3554,3554,São Paulo,Bairro 35,37.6
3555,3555,São Paulo,Bairro 18,10.0
3556,3556,São Paulo,Bairro 6,17.6
3557,3557,São Paulo,Bairro 59,3.5
3558,3558,São Paulo,Bairro 46,30.4
3559,3559,São Paulo,Bairro 26,16.3
3560,3560,São Paulo,Bairro 55,34.1
3561,3561,São Paulo,Bairro 20,31.7
3562,3562,São Paulo,Bairro 17,38.0
3563,3563,São Paulo,Bairro 14,35.5
3564,3564,São Paulo,Bairro 60,18.4
3565,3565,São Paulo,Bairro 24,31.0
3566,3566,São Paulo,Bairro 19,33.8
3567,3567,São Paulo,Bairro 6,1.3
3568,3568,São Paulo,Bairro 23,20.0
3569,3569,São Paulo,Bairro 5,30.0
3570,3570,São Paulo,Bairro 60,9.6
3571,3571,São Paulo,Bairro 4,44.9
3572,3572,São Paulo,Bairro 50,6.9
3573,3573,São Paulo,Bairro 22,26.0
3574,3574,São Paulo,Bairro 3,25.3
3575,3575,São Paulo,Bairro 41,24.8
3576,3576,São Paulo,Bairro 38,34.5
3577,3577,São Paulo,Bairro 36,17.5
3578,3578,São Paulo,Bairro 29,27.6
3579,3579,São Paulo,Bairro 22,39.1
3580,3580,São Paulo,Bairro 20,9.6
3581,3581,São Paulo,Bairro 58,7.7
3582,3582,São Paulo,Bairro 7,12.1
3583,3583,São Paulo,Bairro 18,34.7
3584,3584,São Paulo,Bairro 11,33.5
3585,3585,São Paulo,Bairro 11,15.9
3586,3586,São Paulo,Bairro 56,43.5
3587,3587,São Paulo,Bairro 36,19.8
3588,3588,São Paulo,Bairro 28,6.7
3589,3589,São Paulo,Bairro 49,0.7
3590,3590,São Paulo,Bairro 40,40.3
3591,3591,São Paulo,Bairro 7,25.0
3592,3592,São Paulo,Bairro 44,12.6
3593,3593,São Paulo,Bairro 42,26.1
3594,3594,São Paulo,Bairro 56,32.6
3595,3595,São Paulo,Bairro 47,37.4
3596,3596,São Paulo,Bairro 38,5.6
3597,3597,São Paulo,Bairro 8,36.0
3598,3598,São Paulo,Bairro 20,33.7
3599,3599,São Paulo,Bairro 19,0.6
3600,3600,São Paulo,Bairro 51,3.2
3601,3601,São Paulo,Bairro 23,1.1
3602,3602,São Paulo,Bairro 6,31.8
3603,3603,São Paulo,Bairro 44,12.3
3604,3604,São Paulo,Bairro 41,12.6
3605,3605,São Paulo,Bairro 11,43.7
3606,3606,São Paulo,Bairro 45,18.4
3607,3607,São Paulo,Bairro 15,35.4
3608,3608,São Paulo,Bairro 17,3.7
3609,3609,São Paulo,Bairro 12,8.1
3610,3610,São Paulo,Bairro 27,14.0
3611,3611,São Paulo,Bairro 9,14.8
3612,3612,São Paulo,Bairro 18,31.2
3613,3613,São Paulo,Bairro 45,26.1
3614,3614,São Paulo,Bairro 56,8.4
3615,3615,São Paulo,Bairro 22,9.9
3616,3616,São Paulo,Bairro 60,32.7
3617,3617,São Paulo,Bairro 1,38.2
3618,3618,São Paulo,Bairro 9,11.8
3619,3619,São Paulo,Bairro 35,43.0
3620,3620,São Paulo,Bairro 30,13.1
3621,3621,São Paulo,Bairro 41,12.8
3622,3622,São Paulo,Bairro 24,30.4
3623,3623,São Paulo,Bairro 60,25.9
3624,3624,São Paulo,Bairro 45,37.1
3625,3625,São Paulo,Bairro 52,38.4
3626,3626,São Paulo,Bairro 34,29.5
3627,3627,São Paulo,Bairro 49,28.3
3628,3628,São Paulo,Bairro 29,35.8
3629,3629,São Paulo,Bairro 28,22.9
3630,3630,São Paulo,Bairro 12,1.4
3631,3631,São Paulo,Bairro 7,24.9
3632,3632,São Paulo,Bairro 36,5.0
3633,3633,São Paulo,Bairro 10,14.1
3634,3634,São Paulo,Bairro 50,17.6
3635,3635,São Paulo,Bairro 8,42.1
3636,3636,São Paulo,Bairro 57,7.6
3637,3637,São Paulo,Bairro 50,24.4
3638,3638,São Paulo,Bairro 39,36.3
3639,3639,São Paulo,Bairro 1,7.7
3640,3640,São Paulo,Bairro 39,34.4
3641,3641,São Paulo,Bairro 30,26.6
3642,3642,São Paulo,Bairro 1,27.5
3643,3643,São Paulo,Bairro 44,11.5
3644,3644,São Paulo,Bairro 56,41.2
3645,3645,São Paulo,Bairro 54,37.5
3646,3646,São Paulo,Bairro 21,28.2
3647,3647,São Paulo,Bairro 5,21.4
3648,3648,São Paulo,Bairro 42,10.0
3649,3649,São Paulo,Bairro 8,20.1
3650,3650,São Paulo,Bairro 9,30.3
3651,3651,São Paulo,Bairro 23,40.3
3652,3652,São Paulo,Bairro 16,22.7
3653,3653,São Paulo,Bairro 31,0.6
3654,3654,São Paulo,Bairro 25,2.8
3655,3655,São Paulo,Bairro 58,29.3
3656,3656,São Paulo,Bairro 30,34.5
3657,3657,São Paulo,Bairro 59,15.9
3658,3658,São Paulo,Bairro 30,8.5
3659,3659,São Paulo,Bairro 24,9.3
3660,3660,São Paulo,Bairro 6,22.4
3661,3661,São Paulo,Bairro 3,31.0
3662,3662,São Paulo,Bairro 21,10.8
3663,3663,São Paulo,Bairro 15,1.6
3664,3664,São Paulo,Bairro 13,41.7
3665,3665,São Paulo,Bairro 12,15.5
3666,3666,São Paulo,Bairro 25,26.1
3667,3667,São Paulo,Bairro 52,19.0
3668,3668,São Paulo,Bairro 29,34.5
3669,3669,São Paulo,Bairro 59,40.6
3670,3670,São Paulo,Bairro 13,41.6
3671,3671,São Paulo,Bairro 16,3.6
3672,3672,São Paulo,Bairro 7,16.4
3673,3673,São Paulo,Bairro 39,18.9
3674,3674,São Paulo,Bairro 15,27.7
3675,3675,São Paulo,Bairro 35,33.9
3676,3676,São Paulo,Bairro 45,13.9
3677,3677,São Paulo,Bairro 10,18.8
3678,3678,São Paulo,Bairro 28,9.3
3679,3679,São Paulo,Bairro 24,14.0
3680,3680,São Paulo,Bairro 14,1.3
3681,3681,São Paulo,Bairro 57,37.6
3682,3682,São Paulo,Bairro 2,44.9
3683,3683,São Paulo,Bairro 42,43.4
3684,3684,São Paulo,Bairro 20,31.3
3685,3685,São Paulo,Bairro 8,11.5
3686,3686,São Paulo,Bairro 23,37.0
3687,3687,São Paulo,Bairro 41,15.7
3688,3688,São Paulo,Bairro 55,37.0
3689,3689,São Paulo,Bairro 25,19.7
3690,3690,São Paulo,Bairro 6,9.7
3691,3691,São Paulo,Bairro 20,19.1
3692,3692,São Paulo,Bairro 59,31.9
3693,3693,São Paulo,Bairro 22,4.2
3694,3694,São Paulo,Bairro 60,13.9
3695,3695,São Paulo,Bairro 11,8.7
3696,3696,São Paulo,Bairro 49,28.9
3697,3697,São Paulo,Bairro 14,6.7
3698,3698,São Paulo,Bairro 21,31.1
3699,3699,São Paulo,Bairro 54,14.2
3700,3700,São Paulo,Bairro 43,14.8
3701,3701,São Paulo,Bairro 12,37.2
3702,3702,São Paulo,Bairro 39,20.4
3703,3703,São Paulo,Bairro 40,25.8
3704,3704,São Paulo,Bairro 46,11.9
3705,3705,São Paulo,Bairro 55,18.6
3706,3706,São Paulo,Bairro 29,20.8
3707,3707,São Paulo,Bairro 36,11.2
3708,3708,São Paulo,Bairro 42,10.3
3709,3709,São Paulo,Bairro 12,5.8
3710,3710,São Paulo,Bairro 39,22.6
3711,3711,São Paulo,Bairro 44,17.7
3712,3712,São Paulo,Bairro 1,43.0
3713,3713,São Paulo,Bairro 19,4.4
3714,3714,São Paulo,Bairro 13,41.9
3715,3715,São Paulo,Bairro 51,33.3
3716,3716,São Paulo,Bairro 5,14.9
3717,3717,São Paulo,Bairro 3,7.4
3718,3718,São Paulo,Bairro 17,44.1
3719,3719,São Paulo,Bairro 33,9.6
3720,3720,São Paulo,Bairro 57,42.6
3721,3721,São Paulo,Bairro 57,15.4
3722,3722,São Paulo,Bairro 7,18.3
3723,3723,São Paulo,Bairro 10,22.6
3724,3724,São Paulo,Bairro 2,43.2
3725,3725,São Paulo,Bairro 42,12.5
3726,3726,São Paulo,Bairro 8,11.7
3727,3727,São Paulo,Bairro 56,1.2
3728,3728,São Paulo,Bairro 23,6.1
3729,3729,São Paulo,Bairro 39,28.5
3730,3730,São Paulo,Bairro 13,37.0
3731,3731,São Paulo,Bairro 27,42.1
3732,3732,São Paulo,Bairro 11,21.2
3733,3733,São Paulo,Bairro 10,33.0
3734,3734,São Paulo,Bairro 12,41.0
3735,3735,São Paulo,Bairro 26,42.7
3736,3736,São Paulo,Bairro 17,30.9
3737,3737,São Paulo,Bairro 19,9.5
3738,3738,São Paulo,Bairro 32,19.1
3739,3739,São Paulo,Bairro 42,42.5
3740,3740,São Paulo,Bairro 31,27.7
3741,3741,São Paulo,Bairro 28,21.8
3742,3742,São Paulo,Bairro 20,17.8
3743,3743,São Paulo,Bairro 41,38.6
3744,3744,São Paulo,Bairro 12,17.7
3745,3745,São Paulo,Bairro 33,18.7
3746,3746,São Paulo,Bairro 13,0.7
3747,3747,São Paulo,Bairro 51,4.5
3748,3748,São Paulo,Bairro 15,9.7
3749,3749,São Paulo,Bairro 9,22.2
3750,3750,São Paulo,Bairro 50,25.5
3751,3751,São Paulo,Bairro 52,42.5
3752,3752,São Paulo,Bairro 36,42.7
3753,3753,São Paulo,Bairro 52,4.7
3754,3754,São Paulo,Bairro 29,0.6
3755,3755,São Paulo,Bairro 42,42.8
3756,3756,São Paulo,Bairro 43,38.8
3757,3757,São Paulo,Bairro 8,27.3
3758,3758,São Paulo,Bairro 25,3.6
3759,3759,São Paulo,Bairro 55,27.3
3760,3760,São Paulo,Bairro 40,4.7
3761,3761,São Paulo,Bairro 35,16.2
3762,3762,São Paulo,Bairro 20,33.2
3763,3763,São Paulo,Bairro 23,19.3
3764,3764,São Paulo,Bairro 8,43.9
3765,3765,São Paulo,Bairro 48,2.4
3766,3766,São Paulo,Bairro 14,24.7
3767,3767,São Paulo,Bairro 38,42.7
3768,3768,São Paulo,Bairro 45,7.2
3769,3769,São Paulo,Bairro 2,37.0
3770,3770,São Paulo,Bairro 33,39.7
3771,3771,São Paulo,Bairro 54,7.5
3772,3772,São Paulo,Bairro 33,20.9
3773,3773,São Paulo,Bairro 21,32.1
3774,3774,São Paulo,Bairro 5,14.2
3775,3775,São Paulo,Bairro 6,34.0
3776,3776,São Paulo,Bairro 37,41.2
3777,3777,São Paulo,Bairro 25,3.6
3778,3778,São Paulo,Bairro 60,16.9
3779,3779,São Paulo,Bairro 11,28.1
3780,3780,São Paulo,Bairro 13,7.5
3781,3781,São Paulo,Bairro 22,42.9
3782,3782,São Paulo,Bairro 29,24.0
3783,3783,São Paulo,Bairro 3,41.0
3784,3784,São Paulo,Bairro 33,15.4
3785,3785,São Paulo,Bairro 57,2.4
3786,3786,São Paulo,Bairro 37,1.2
3787,3787,São Paulo,Bairro 4,36.7
3788,3788,São Paulo,Bairro 57,34.8
3789,3789,São Paulo,Bairro 19,33.2
3790,3790,São Paulo,Bairro 31,33.3
3791,3791,São Paulo,Bairro 53,32.9
3792,3792,São Paulo,Bairro 49,33.2
3793,3793,São Paulo,Bairro 6,8.7
3794,3794,São Paulo,Bairro 9,21.4
3795,3795,São Paulo,Bairro 2,37.5
3796,3796,São Paulo,Bairro 42,6.7
3797,3797,São Paulo,Bairro 15,39.4
3798,3798,São Paulo,Bairro 41,36.8
3799,3799,São Paulo,Bairro 24,28.9
3800,3800,São Paulo,Bairro 54,15.2
3801,3801,São Paulo,Bairro 56,37.0
3802,3802,São Paulo,Bairro 45,31.1
3803,3803,São Paulo,Bairro 38,28.4
3804,3804,São Paulo,Bairro 3,21.2
3805,3805,São Paulo,Bairro 10,9.3
3806,3806,São Paulo,Bairro 51,9.6
3807,3807,São Paulo,Bairro 24,33.3
3808,3808,São Paulo,Bairro 10,10.4
3809,3809,São Paulo,Bairro 37,24.6
3810,3810,São Paulo,Bairro 44,16.5
3811,3811,São Paulo,Bairro 7,31.6
3812,3812,São Paulo,Bairro 16,28.4
3813,3813,São Paulo,Bairro 40,26.4
3814,3814,São Paulo,Bairro 49,33.5
3815,3815,São Paulo,Bairro 59,35.9
3816,3816,São Paulo,Bairro 35,37.2
3817,3817,São Paulo,Bairro 30,27.3
3818,3818,São Paulo,Bairro 29,25.0
3819,3819,São Paulo,Bairro 30,17.9
3820,3820,São Paulo,Bairro 29,42.4
3821,3821,São Paulo,Bairro 53,7.5
3822,3822,São Paulo,Bairro 26,0.8
3823,3823,São Paulo,Bairro 36,32.3
3824,3824,São Paulo,Bairro 12,6.3
3825,3825,São Paulo,Bairro 50,17.6
3826,3826,São Paulo,Bairro 56,34.2
3827,3827,São Paulo,Bairro 54,18.7
3828,3828,São Paulo,Bairro 7,14.1
3829,3829,São Paulo,Bairro 44,12.1
3830,3830,São Paulo,Bairro 33,17.3
3831,3831,São Paulo,Bairro 30,12.5
3832,3832,São Paulo,Bairro 2,40.5
3833,3833,São Paulo,Bairro 10,37.0
3834,3834,São Paulo,Bairro 25,24.0
3835,3835,São Paulo,Bairro 20,30.6
3836,3836,São Paulo,Bairro 55,25.3
3837,3837,São Paulo,Bairro 20,36.5
3838,3838,São Paulo,Bairro 40,28.4
3839,3839,São Paulo,Bairro 38,23.0
3840,3840,São Paulo,Bairro 29,6.8
3841,3841,São Paulo,Bairro 12,38.0
3842,3842,São Paulo,Bairro 33,4.0
3843,3843,São Paulo,Bairro 14,0.9
3844,3844,São Paulo,Bairro 1,23.5
3845,3845,São Paulo,Bairro 16,41.5
3846,3846,São Paulo,Bairro 14,26.5
3847,3847,São Paulo,Bairro 19,40.5
3848,3848,São Paulo,Bairro 38,31.9
3849,3849,São Paulo,Bairro 8,34.1
3850,3850,São Paulo,Bairro 5,31.7
3851,3851,São Paulo,Bairro 41,20.0
3852,3852,São Paulo,Bairro 27,11.6
3853,3853,São Paulo,Bairro 13,1.4
3854,3854,São Paulo,Bairro 22,44.8
3855,3855,São Paulo,Bairro 30,34.0
3856,3856,São Paulo,Bairro 18,25.9
3857,3857,São Paulo,Bairro 22,2.8
3858,3858,São Paulo,Bairro 19,13.1
3859,3859,São Paulo,Bairro 55,39.4
3860,3860,São Paulo,Bairro 29,4.8
3861,3861,São Paulo,Bairro 54,26.8
3862,3862,São Paulo,Bairro 37,25.4
3863,3863,São Paulo,Bairro 42,43.4
3864,3864,São Paulo,Bairro 10,31.9
3865,3865,São Paulo,Bairro 18,44.0
3866,3866,São Paulo,Bairro 42,12.2
3867,3867,São Paulo,Bairro 60,5.5
3868,3868,São Paulo,Bairro 51,18.7
3869,3869,São Paulo,Bairro 44,17.3
3870,3870,São Paulo,Bairro 14,44.1
3871,3871,São Paulo,Bairro 27,36.5
3872,3872,São Paulo,Bairro 18,37.5
3873,3873,São Paulo,Bairro 34,33.5
3874,3874,São Paulo,Bairro 50,15.2
3875,3875,São Paulo,Bairro 56,5.6
3876,3876,São Paulo,Bairro 58,29.6
3877,3877,São Paulo,Bairro 28,10.9
3878,3878,São Paulo,Bairro 16,23.0
3879,3879,São Paulo,Bairro 13,22.3
3880,3880,São Paulo,Bairro 58,33.3
3881,3881,São Paulo,Bairro 31,32.2
3882,3882,São Paulo,Bairro 19,3.9
3883,3883,São Paulo,Bairro 16,21.7
3884,3884,São Paulo,Bairro 60,7.6
3885,3885,São Paulo,Bairro 27,38.5
3886,3886,São Paulo,Bairro 22,27.2
3887,3887,São Paulo,Bairro 8,32.5
3888,3888,São Paulo,Bairro 9,16.5
3889,3889,São Paulo,Bairro 57,35.9
3890,3890,São Paulo,Bairro 14,23.9
3891,3891,São Paulo,Bairro 6,36.2
3892,3892,São Paulo,Bairro 15,14.5
3893,3893,São Paulo,Bairro 34,3.8
3894,3894,São Paulo,Bairro 52,5.8
3895,3895,São Paulo,Bairro 19,35.5
3896,3896,São Paulo,Bairro 18,32.3
3897,3897,São Paulo,Bairro 27,37.1
3898,3898,São Paulo,Bairro 18,36.4
3899,3899,São Paulo,Bairro 7,37.1
3900,3900,São Paulo,Bairro 11,31.0
3901,3901,São Paulo,Bairro 40,3.1
3902,3902,São Paulo,Bairro 58,5.0
3903,3903,São Paulo,Bairro 4,40.0
3904,3904,São Paulo,Bairro 54,27.4
3905,3905,São Paulo,Bairro 7,42.3
3906,3906,São Paulo,Bairro 34,34.9
3907,3907,São Paulo,Bairro 60,38.6
3908,3908,São Paulo,Bairro 56,15.7
3909,3909,São Paulo,Bairro 8,37.8
3910,3910,São Paulo,Bairro 36,16.9
3911,3911,São Paulo,Bairro 6,41.2
3912,3912,São Paulo,Bairro 53,42.5
3913,3913,São Paulo,Bairro 7,13.2
3914,3914,São Paulo,Bairro 3,6.4
3915,3915,São Paulo,Bairro 50,33.7
3916,3916,São Paulo,Bairro 16,40.1
3917,3917,São Paulo,Bairro 41,35.5
3918,3918,São Paulo,Bairro 26,23.2
3919,3919,São Paulo,Bairro 33,26.9
3920,3920,São Paulo,Bairro 7,35.4
3921,3921,São Paulo,Bairro 4,24.4
3922,3922,São Paulo,Bairro 55,6.8
3923,3923,São Paulo,Bairro 16,15.5
3924,3924,São Paulo,Bairro 15,36.6
3925,3925,São Paulo,Bairro 26,22.5
3926,3926,São Paulo,Bairro 25,18.1
3927,3927,São Paulo,Bairro 10,20.7
3928,3928,São Paulo,Bairro 26,25.5
3929,3929,São Paulo,Bairro 12,21.1
3930,3930,São Paulo,Bairro 58,28.7
3931,3931,São Paulo,Bairro 36,12.7
3932,3932,São Paulo,Bairro 30,23.3
3933,3933,São Paulo,Bairro 44,35.7
3934,3934,São Paulo,Bairro 6,24.8
3935,3935,São Paulo,Bairro 55,27.9
3936,3936,São Paulo,Bairro 55,43.0
3937,3937,São Paulo,Bairro 15,14.2
3938,3938,São Paulo,Bairro 43,40.5
3939,3939,São Paulo,Bairro 48,2.5
3940,3940,São Paulo,Bairro 6,1.1
3941,3941,São Paulo,Bairro 53,34.4
3942,3942,São Paulo,Bairro 46,11.9
3943,3943,São Paulo,Bairro 15,44.6
3944,3944,São Paulo,Bairro 41,25.2
3945,3945,São Paulo,Bairro 12,44.9
3946,3946,São Paulo,Bairro 11,42.4
3947,3947,São Paulo,Bairro 14,5.6
3948,3948,São Paulo,Bairro 6,31.5
3949,3949,São Paulo,Bairro 54,23.2
3950,3950,São Paulo,Bairro 20,28.5
3951,3951,São Paulo,Bairro 55,4.6
3952,3952,São Paulo,Bairro 48,13.9
3953,3953,São Paulo,Bairro 15,1.4
3954,3954,São Paulo,Bairro 49,13.7
3955,3955,São Paulo,Bairro 25,25.7
3956,3956,São Paulo,Bairro 35,28.4
3957,3957,São Paulo,Bairro 19,7.0
3958,3958,São Paulo,Bairro 21,25.5
3959,3959,São Paulo,Bairro 15,13.9
3960,3960,São Paulo,Bairro 60,37.7
3961,3961,São Paulo,Bairro 2,34.4
3962,3962,São Paulo,Bairro 60,4.6
3963,3963,São Paulo,Bairro 29,19.2
3964,3964,São Paulo,Bairro 47,33.0
3965,3965,São Paulo,Bairro 15,11.5
3966,3966,São Paulo,Bairro 24,0.8
3967,3967,São Paulo,Bairro 17,5.1
3968,3968,São Paulo,Bairro 24,4.5
3969,3969,São Paulo,Bairro 6,9.3
3970,3970,São Paulo,Bairro 3,10.0
3971,3971,São Paulo,Bairro 29,35.0
3972,3972,São Paulo,Bairro 55,17.9
3973,3973,São Paulo,Bairro 31,0.7
3974,3974,São Paulo,Bairro 45,41.9
3975,3975,São Paulo,Bairro 25,31.0
3976,3976,São Paulo,Bairro 26,25.3
3977,3977,São Paulo,Bairro 18,38.5
3978,3978,São Paulo,Bairro 20,35.9
3979,3979,São Paulo,Bairro 35,30.5
3980,3980,São Paulo,Bairro 9,35.9
3981,3981,São Paulo,Bairro 2,41.9
3982,3982,São Paulo,Bairro 34,22.2
3983,3983,São Paulo,Bairro 34,14.3
3984,3984,São Paulo,Bairro 34,41.4
3985,3985,São Paulo,Bairro 57,3.7
3986,3986,São Paulo,Bairro 7,24.3
3987,3987,São Paulo,Bairro 37,18.0
3988,3988,São Paulo,Bairro 9,10.6
3989,3989,São Paulo,Bairro 18,11.8
3990,3990,São Paulo,Bairro 17,3.0
3991,3991,São Paulo,Bairro 24,20.1
3992,3992,São Paulo,Bairro 55,41.6
3993,3993,São Paulo,Bairro 32,34.1
3994,3994,São Paulo,Bairro 11,4.2
3995,3995,São Paulo,Bairro 15,35.2
3996,3996,São Paulo,Bairro 27,38.5
3997,3997,São Paulo,Bairro 42,43.4
3998,3998,São Paulo,Bairro 10,1.6
3999,3999,São Paulo,Bairro 38,3.8
4000,4000,São Paulo,Bairro 1,42.8
4001,4001,São Paulo,Bairro 18,26.5
4002,4002,São Paulo,Bairro 59,13.6
4003,4003,São Paulo,Bairro 8,21.7
4004,4004,São Paulo,Bairro 45,7.5
4005,4005,São Paulo,Bairro 13,3.5
4006,4006,São Paulo,Bairro 40,1.8
4007,4007,São Paulo,Bairro 29,3.0
4008,4008,São Paulo,Bairro 52,17.9
4009,4009,São Paulo,Bairro 53,24.0
4010,4010,São Paulo,Bairro 25,11.3
4011,4011,São Paulo,Bairro 29,6.5
4012,4012,São Paulo,Bairro 45,24.8
4013,4013,São Paulo,Bairro 24,35.5
4014,4014,São Paulo,Bairro 37,10.1
4015,4015,São Paulo,Bairro 23,23.4
4016,4016,São Paulo,Bairro 17,32.8
4017,4017,São Paulo,Bairro 60,33.9
4018,4018,São Paulo,Bairro 4,36.4
4019,4019,São Paulo,Bairro 20,21.9
4020,4020,São Paulo,Bairro 50,39.0
4021,4021,São Paulo,Bairro 24,31.4
4022,4022,São Paulo,Bairro 6,37.3
4023,4023,São Paulo,Bairro 52,7.6
4024,4024,São Paulo,Bairro 27,14.6
4025,4025,São Paulo,Bairro 23,17.6
4026,4026,São Paulo,Bairro 59,31.3
4027,4027,São Paulo,Bairro 7,30.8
4028,4028,São Paulo,Bairro 21,18.1
4029,4029,São Paulo,Bairro 27,20.9
4030,4030,São Paulo,Bairro 22,20.9
4031,4031,São Paulo,Bairro 51,42.5
4032,4032,São Paulo,Bairro 6,37.1
4033,4033,São Paulo,Bairro 9,2.2
4034,4034,São Paulo,Bairro 32,1.3
4035,4035,São Paulo,Bairro 34,31.2
4036,4036,São Paulo,Bairro 2,31.3
4037,4037,São Paulo,Bairro 41,23.9
4038,4038,São Paulo,Bairro 37,9.0
4039,4039,São Paulo,Bairro 24,25.9
4040,4040,São Paulo,Bairro 32,28.6
4041,4041,São Paulo,Bairro 52,8.8
4042,4042,São Paulo,Bairro 57,18.7
4043,4043,São Paulo,Bairro 24,32.6
4044,4044,São Paulo,Bairro 22,6.6
4045,4045,São Paulo,Bairro 30,19.2
4046,4046,São Paulo,Bairro 23,1.8
4047,4047,São Paulo,Bairro 46,41.2
4048,4048,São Paulo,Bairro 57,11.1
4049,4049,São Paulo,Bairro 23,39.3
4050,4050,São Paulo,Bairro 39,36.0
4051,4051,São Paulo,Bairro 33,29.2
4052,4052,São Paulo,Bairro 35,2.6
4053,4053,São Paulo,Bairro 34,19.1
4054,4054,São Paulo,Bairro 33,19.7
4055,4055,São Paulo,Bairro 49,30.3
4056,4056,São Paulo,Bairro 41,23.5
4057,4057,São Paulo,Bairro 13,34.0
4058,4058,São Paulo,Bairro 53,11.8
4059,4059,São Paulo,Bairro 18,42.9
4060,4060,São Paulo,Bairro 11,26.9
4061,4061,São Paulo,Bairro 56,30.1
4062,4062,São Paulo,Bairro 32,24.5
4063,4063,São Paulo,Bairro 14,6.3
4064,4064,São Paulo,Bairro 56,6.0
4065,4065,São Paulo,Bairro 45,0.6
4066,4066,São Paulo,Bairro 46,11.2
4067,4067,São Paulo,Bairro 58,26.4
4068,4068,São Paulo,Bairro 37,37.3
4069,4069,São Paulo,Bairro 1,25.6
4070,4070,São Paulo,Bairro 18,0.8
4071,4071,São Paulo,Bairro 16,22.3
4072,4072,São Paulo,Bairro 53,39.4
4073,4073,São Paulo,Bairro 23,25.2
4074,4074,São Paulo,Bairro 54,33.2
4075,4075,São Paulo,Bairro 58,29.7
4076,4076,São Paulo,Bairro 43,37.6
4077,4077,São Paulo,Bairro 7,40.2
4078,4078,São Paulo,Bairro 3,39.5
4079,4079,São Paulo,Bairro 28,15.3
4080,4080,São Paulo,Bairro 1,7.1
4081,4081,São Paulo,Bairro 23,20.5
4082,4082,São Paulo,Bairro 32,2.2
4083,4083,São Paulo,Bairro 48,36.9
4084,4084,São Paulo,Bairro 39,2.6
4085,4085,São Paulo,Bairro 21,27.7
4086,4086,São Paulo,Bairro 10,30.9
4087,4087,São Paulo,Bairro 30,33.2
4088,4088,São Paulo,Bairro 37,0.8
4089,4089,São Paulo,Bairro 26,9.1
4090,4090,São Paulo,Bairro 39,38.7
4091,4091,São Paulo,Bairro 50,27.0
4092,4092,São Paulo,Bairro 37,41.0
4093,4093,São Paulo,Bairro 34,34.5
4094,4094,São Paulo,Bairro 50,23.7
4095,4095,São Paulo,Bairro 57,12.4
4096,4096,São Paulo,Bairro 49,24.6
4097,4097,São Paulo,Bairro 25,6.4
4098,4098,São Paulo,Bairro 38,41.0
4099,4099,São Paulo,Bairro 27,4.0
4100,4100,São Paulo,Bairro 45,9.1
4101,4101,São Paulo,Bairro 29,30.4
4102,4102,São Paulo,Bairro 31,39.9
4103,4103,São Paulo,Bairro 30,41.3
4104,4104,São Paulo,Bairro 30,14.7
4105,4105,São Paulo,Bairro 39,18.8
4106,4106,São Paulo,Bairro 60,30.8
4107,4107,São Paulo,Bairro 46,13.8
4108,4108,São Paulo,Bairro 44,35.6
4109,4109,São Paulo,Bairro 45,17.6
4110,4110,São Paulo,Bairro 7,16.4
4111,4111,São Paulo,Bairro 18,32.0
4112,4112,São Paulo,Bairro 41,27.8
4113,4113,São Paulo,Bairro 60,24.5
4114,4114,São Paulo,Bairro 47,4.4
4115,4115,São Paulo,Bairro 41,12.3
4116,4116,São Paulo,Bairro 45,6.7
4117,4117,São Paulo,Bairro 21,37.5
4118,4118,São Paulo,Bairro 51,20.3
4119,4119,São Paulo,Bairro 53,21.5
4120,4120,São Paulo,Bairro 24,2.2
4121,4121,São Paulo,Bairro 35,36.3
4122,4122,São Paulo,Bairro 31,15.5
4123,4123,São Paulo,Bairro 22,2.3
4124,4124,São Paulo,Bairro 28,7.8
4125,4125,São Paulo,Bairro 19,38.0
4126,4126,São Paulo,Bairro 35,4.1
4127,4127,São Paulo,Bairro 48,42.9
4128,4128,São Paulo,Bairro 56,33.7
4129,4129,São Paulo,Bairro 47,44.1
4130,4130,São Paulo,Bairro 35,29.8
4131,4131,São Paulo,Bairro 59,17.7
4132,4132,São Paulo,Bairro 34,43.3
4133,4133,São Paulo,Bairro 46,16.9
4134,4134,São Paulo,Bairro 2,5.0
4135,4135,São Paulo,Bairro 57,26.0
4136,4136,São Paulo,Bairro 59,26.2
4137,4137,São Paulo,Bairro 34,21.0
4138,4138,São Paulo,Bairro 29,41.5
4139,4139,São Paulo,Bairro 54,32.3
4140,4140,São Paulo,Bairro 20,39.5
4141,4141,São Paulo,Bairro 2,5.0
4142,4142,São Paulo,Bairro 18,37.7
4143,4143,São Paulo,Bairro 53,29.7
4144,4144,São Paulo,Bairro 35,38.7
4145,4145,São Paulo,Bairro 14,25.1
4146,4146,São Paulo,Bairro 57,33.7
4147,4147,São Paulo,Bairro 35,30.0
4148,4148,São Paulo,Bairro 60,3.8
4149,4149,São Paulo,Bairro 58,14.3
4150,4150,São Paulo,Bairro 19,17.9
4151,4151,São Paulo,Bairro 20,21.6
4152,4152,São Paulo,Bairro 28,31.1
4153,4153,São Paulo,Bairro 13,35.9
4154,4154,São Paulo,Bairro 54,20.1
4155,4155,São Paulo,Bairro 49,8.7
4156,4156,São Paulo,Bairro 27,30.0
4157,4157,São Paulo,Bairro 31,41.2
4158,4158,São Paulo,Bairro 15,2.6
4159,4159,São Paulo,Bairro 43,25.9
4160,4160,São Paulo,Bairro 16,14.1
4161,4161,São Paulo,Bairro 50,13.7
4162,4162,São Paulo,Bairro 26,29.7
4163,4163,São Paulo,Bairro 19,36.3
4164,4164,São Paulo,Bairro 16,43.4
4165,4165,São Paulo,Bairro 12,37.7
4166,4166,São Paulo,Bairro 48,42.4
4167,4167,São Paulo,Bairro 3,39.0
4168,4168,São Paulo,Bairro 39,14.8
4169,4169,São Paulo,Bairro 39,17.7
4170,4170,São Paulo,Bairro 27,5.0
4171,4171,São Paulo,Bairro 30,36.2
4172,4172,São Paulo,Bairro 43,8.9
4173,4173,São Paulo,Bairro 51,40.7
4174,4174,São Paulo,Bairro 37,42.0
4175,4175,São Paulo,Bairro 37,28.1
4176,4176,São Paulo,Bairro 45,39.2
4177,4177,São Paulo,Bairro 37,27.7
4178,4178,São Paulo,Bairro 60,43.7
4179,4179,São Paulo,Bairro 42,35.7
4180,4180,São Paulo,Bairro 53,22.8
4181,4181,São Paulo,Bairro 52,37.2
4182,4182,São Paulo,Bairro 58,12.9
4183,4183,São Paulo,Bairro 29,19.2
4184,4184,São Paulo,Bairro 30,1.4
4185,4185,São Paulo,Bairro 37,17.1
4186,4186,São Paulo,Bairro 6,34.0
4187,4187,São Paulo,Bairro 14,32.3
4188,4188,São Paulo,Bairro 23,18.5
4189,4189,São Paulo,Bairro 11,14.7
4190,4190,São Paulo,Bairro 45,18.2
4191,4191,São Paulo,Bairro 5,3.0
4192,4192,São Paulo,Bairro 47,28.3
4193,4193,São Paulo,Bairro 3,6.8
4194,4194,São Paulo,Bairro 2,15.9
4195,4195,São Paulo,Bairro 49,41.2
4196,4196,São Paulo,Bairro 38,43.8
4197,4197,São Paulo,Bairro 22,17.1
4198,4198,São Paulo,Bairro 2,36.3
4199,4199,São Paulo,Bairro 49,11.9
4200,4200,São Paulo,Bairro 18,3.8
4201,4201,São Paulo,Bairro 28,38.4
4202,4202,São Paulo,Bairro 54,34.7
4203,4203,São Paulo,Bairro 44,11.1
4204,4204,São Paulo,Bairro 59,17.2
4205,4205,São Paulo,Bairro 29,40.4
4206,4206,São Paulo,Bairro 32,17.1
4207,4207,São Paulo,Bairro 10,36.2
4208,4208,São Paulo,Bairro 58,39.2
4209,4209,São Paulo,Bairro 2,7.8
4210,4210,São Paulo,Bairro 29,14.7
4211,4211,São Paulo,Bairro 37,8.5
4212,4212,São Paulo,Bairro 59,25.5
4213,4213,São Paulo,Bairro 37,31.7
4214,4214,São Paulo,Bairro 21,9.1
4215,4215,São Paulo,Bairro 2,5.7
4216,4216,São Paulo,Bairro 15,29.1
4217,4217,São Paulo,Bairro 46,18.0
4218,4218,São Paulo,Bairro 48,1.8
4219,4219,São Paulo,Bairro 43,20.8
4220,4220,São Paulo,Bairro 1,30.4
4221,4221,São Paulo,Bairro 14,7.3
4222,4222,São Paulo,Bairro 47,12.9
4223,4223,São Paulo,Bairro 39,9.1
4224,4224,São Paulo,Bairro 50,6.8
4225,4225,São Paulo,Bairro 42,21.2
4226,4226,São Paulo,Bairro 60,21.9
4227,4227,São Paulo,Bairro 24,19.2
4228,4228,São Paulo,Bairro 31,27.7
4229,4229,São Paulo,Bairro 18,42.1
4230,4230,São Paulo,Bairro 25,39.0
4231,4231,São Paulo,Bairro 21,9.6
4232,4232,São Paulo,Bairro 12,12.8
4233,4233,São Paulo,Bairro 49,13.6
4234,4234,São Paulo,Bairro 19,7.5
4235,4235,São Paulo,Bairro 42,44.0
4236,4236,São Paulo,Bairro 39,23.1
4237,4237,São Paulo,Bairro 36,32.9
4238,4238,São Paulo,Bairro 57,22.2
4239,4239,São Paulo,Bairro 23,21.7
4240,4240,São Paulo,Bairro 41,42.1
4241,4241,São Paulo,Bairro 28,35.8
4242,4242,São Paulo,Bairro 34,15.6
4243,4243,São Paulo,Bairro 48,20.0
4244,4244,São Paulo,Bairro 24,18.1
4245,4245,São Paulo,Bairro 20,16.8
4246,4246,São Paulo,Bairro 50,31.5
4247,4247,São Paulo,Bairro 12,12.8
4248,4248,São Paulo,Bairro 29,25.8
4249,4249,São Paulo,Bairro 17,17.7
4250,4250,São Paulo,Bairro 44,6.2
4251,4251,São Paulo,Bairro 42,28.0
4252,4252,São Paulo,Bairro 36,42.9
4253,4253,São Paulo,Bairro 6,18.2
4254,4254,São Paulo,Bairro 10,8.7
4255,4255,São Paulo,Bairro 34,22.3
4256,4256,São Paulo,Bairro 57,9.7
4257,4257,São Paulo,Bairro 7,4.3
4258,4258,São Paulo,Bairro 30,21.9
4259,4259,São Paulo,Bairro 26,11.2
4260,4260,São Paulo,Bairro 41,3.5
4261,4261,São Paulo,Bairro 19,25.4
4262,4262,São Paulo,Bairro 31,30.1
4263,4263,São Paulo,Bairro 29,13.9
4264,4264,São Paulo,Bairro 27,35.1
4265,4265,São Paulo,Bairro 38,20.3
4266,4266,São Paulo,Bairro 47,3.9
4267,4267,São Paulo,Bairro 2,9.1
4268,4268,São Paulo,Bairro 34,24.4
4269,4269,São Paulo,Bairro 55,35.0
4270,4270,São Paulo,Bairro 53,8.5
4271,4271,São Paulo,Bairro 32,39.4
4272,4272,São Paulo,Bairro 27,43.6
4273,4273,São Paulo,Bairro 56,18.7
4274,4274,São Paulo,Bairro 35,23.0
4275,4275,São Paulo,Bairro 34,30.3
4276,4276,São Paulo,Bairro 29,30.2
4277,4277,São Paulo,Bairro 51,13.1
4278,4278,São Paulo,Bairro 59,8.3
4279,4279,São Paulo,Bairro 1,15.2
4280,4280,São Paulo,Bairro 45,1.9
4281,4281,São Paulo,Bairro 53,37.9
4282,4282,São Paulo,Bairro 31,24.3
4283,4283,São Paulo,Bairro 19,18.5
4284,4284,São Paulo,Bairro 10,37.1
4285,4285,São Paulo,Bairro 26,9.8
4286,4286,São Paulo,Bairro 50,18.6
4287,4287,São Paulo,Bairro 6,24.1
4288,4288,São Paulo,Bairro 26,38.7
4289,4289,São Paulo,Bairro 50,5.5
4290,4290,São Paulo,Bairro 15,4.3
4291,4291,São Paulo,Bairro 5,13.5
4292,4292,São Paulo,Bairro 5,30.6
4293,4293,São Paulo,Bairro 15,32.2
4294,4294,São Paulo,Bairro 9,28.5
4295,4295,São Paulo,Bairro 33,29.1
4296,4296,São Paulo,Bairro 31,28.2
4297,4297,São Paulo,Bairro 35,33.8
4298,4298,São Paulo,Bairro 47,19.6
4299,4299,São Paulo,Bairro 33,19.5
4300,4300,São Paulo,Bairro 51,5.3
4301,4301,São Paulo,Bairro 41,11.8
4302,4302,São Paulo,Bairro 54,18.7
4303,4303,São Paulo,Bairro 4,35.4
4304,4304,São Paulo,Bairro 7,22.5
4305,4305,São Paulo,Bairro 52,34.6
4306,4306,São Paulo,Bairro 23,25.7
4307,4307,São Paulo,Bairro 40,19.0
4308,4308,São Paulo,Bairro 3,5.3
4309,4309,São Paulo,Bairro 58,36.8
4310,4310,São Paulo,Bairro 22,16.9
4311,4311,São Paulo,Bairro 56,7.8
4312,4312,São Paulo,Bairro 25,14.2
4313,4313,São Paulo,Bairro 48,6.5
4314,4314,São Paulo,Bairro 25,43.1
4315,4315,São Paulo,Bairro 24,15.4
4316,4316,São Paulo,Bairro 45,29.8
4317,4317,São Paulo,Bairro 48,27.2
4318,4318,São Paulo,Bairro 46,22.1
4319,4319,São Paulo,Bairro 29,43.5
4320,4320,São Paulo,Bairro 60,9.2
4321,4321,São Paulo,Bairro 21,5.6
4322,4322,São Paulo,Bairro 35,11.1
4323,4323,São Paulo,Bairro 1,42.4
4324,4324,São Paulo,Bairro 12,7.6
4325,4325,São Paulo,Bairro 57,21.1
4326,4326,São Paulo,Bairro 8,4.2
4327,4327,São Paulo,Bairro 42,4.1
4328,4328,São Paulo,Bairro 4,3.2
4329,4329,São Paulo,Bairro 6,33.7
4330,4330,São Paulo,Bairro 39,23.6
4331,4331,São Paulo,Bairro 3,32.5
4332,4332,São Paulo,Bairro 35,11.8
4333,4333,São Paulo,Bairro 44,14.5
4334,4334,São Paulo,Bairro 55,15.3
4335,4335,São Paulo,Bairro 29,31.0
4336,4336,São Paulo,Bairro 16,13.4
4337,4337,São Paulo,Bairro 42,10.1
4338,4338,São Paulo,Bairro 36,8.5
4339,4339,São Paulo,Bairro 57,27.5
4340,4340,São Paulo,Bairro 13,6.2
4341,4341,São Paulo,Bairro 43,31.9
4342,4342,São Paulo,Bairro 5,25.0
4343,4343,São Paulo,Bairro 53,28.7
4344,4344,São Paulo,Bairro 27,17.9
4345,4345,São Paulo,Bairro 52,32.8
4346,4346,São Paulo,Bairro 17,28.3
4347,4347,São Paulo,Bairro 16,16.4
4348,4348,São Paulo,Bairro 33,29.0
4349,4349,São Paulo,Bairro 34,12.6
4350,4350,São Paulo,Bairro 39,23.5
4351,4351,São Paulo,Bairro 49,22.6
4352,4352,São Paulo,Bairro 9,26.2
4353,4353,São Paulo,Bairro 51,20.7
4354,4354,São Paulo,Bairro 21,23.2
4355,4355,São Paulo,Bairro 49,15.4
4356,4356,São Paulo,Bairro 10,21.6
4357,4357,São Paulo,Bairro 58,29.3
4358,4358,São Paulo,Bairro 30,2.9
4359,4359,São Paulo,Bairro 10,12.0
4360,4360,São Paulo,Bairro 20,18.0
4361,4361,São Paulo,Bairro 40,23.9
4362,4362,São Paulo,Bairro 23,25.6
4363,4363,São Paulo,Bairro 40,32.8
4364,4364,São Paulo,Bairro 39,3.2
4365,4365,São Paulo,Bairro 26,41.9
4366,4366,São Paulo,Bairro 2,26.0
4367,4367,São Paulo,Bairro 30,23.8
4368,4368,São Paulo,Bairro 4,36.8
4369,4369,São Paulo,Bairro 10,41.5
4370,4370,São Paulo,Bairro 28,13.5
4371,4371,São Paulo,Bairro 47,44.3
4372,4372,São Paulo,Bairro 33,40.4
4373,4373,São Paulo,Bairro 60,25.7
4374,4374,São Paulo,Bairro 36,22.7
4375,4375,São Paulo,Bairro 18,12.4
4376,4376,São Paulo,Bairro 20,17.8
4377,4377,São Paulo,Bairro 16,4.2
4378,4378,São Paulo,Bairro 47,24.1
4379,4379,São Paulo,Bairro 18,36.0
4380,4380,São Paulo,Bairro 44,41.8
4381,4381,São Paulo,Bairro 38,42.6
4382,4382,São Paulo,Bairro 30,14.1
4383,4383,São Paulo,Bairro 16,31.0
4384,4384,São Paulo,Bairro 53,2.5
4385,4385,São Paulo,Bairro 34,4.6
4386,4386,São Paulo,Bairro 6,6.9
4387,4387,São Paulo,Bairro 3,8.6
4388,4388,São Paulo,Bairro 49,3.8
4389,4389,São Paulo,Bairro 42,4.8
4390,4390,São Paulo,Bairro 9,29.2
4391,4391,São Paulo,Bairro 33,16.3
4392,4392,São Paulo,Bairro 14,17.6
4393,4393,São Paulo,Bairro 18,1.9
4394,4394,São Paulo,Bairro 19,37.9
4395,4395,São Paulo,Bairro 46,17.8
4396,4396,São Paulo,Bairro 22,7.9
4397,4397,São Paulo,Bairro 15,22.2
4398,4398,São Paulo,Bairro 1,34.6
4399,4399,São Paulo,Bairro 56,40.8
4400,4400,São Paulo,Bairro 32,21.7
4401,4401,São Paulo,Bairro 5,27.8
4402,4402,São Paulo,Bairro 49,2.6
4403,4403,São Paulo,Bairro 12,7.5
4404,4404,São Paulo,Bairro 47,19.7
4405,4405,São Paulo,Bairro 31,11.3
4406,4406,São Paulo,Bairro 49,39.3
4407,4407,São Paulo,Bairro 33,33.7
4408,4408,São Paulo,Bairro 16,7.7
4409,4409,São Paulo,Bairro 30,43.0
4410,4410,São Paulo,Bairro 57,24.2
4411,4411,São Paulo,Bairro 28,12.6
4412,4412,São Paulo,Bairro 41,10.3
4413,4413,São Paulo,Bairro 50,3.3
4414,4414,São Paulo,Bairro 52,44.5
4415,4415,São Paulo,Bairro 9,10.2
4416,4416,São Paulo,Bairro 15,24.7
4417,4417,São Paulo,Bairro 43,36.5
4418,4418,São Paulo,Bairro 52,12.0
4419,4419,São Paulo,Bairro 29,32.3
4420,4420,São Paulo,Bairro 57,21.9
4421,4421,São Paulo,Bairro 4,33.7
4422,4422,São Paulo,Bairro 36,15.8
4423,4423,São Paulo,Bairro 12,3.9
4424,4424,São Paulo,Bairro 28,39.9
4425,4425,São Paulo,Bairro 18,34.4
4426,4426,São Paulo,Bairro 39,43.2
4427,4427,São Paulo,Bairro 27,24.8
4428,4428,São Paulo,Bairro 9,12.6
4429,4429,São Paulo,Bairro 6,41.1
4430,4430,São Paulo,Bairro 44,30.1
4431,4431,São Paulo,Bairro 6,7.1
4432,4432,São Paulo,Bairro 24,42.4
4433,4433,São Paulo,Bairro 33,27.8
4434,4434,São Paulo,Bairro 13,33.2
4435,4435,São Paulo,Bairro 11,31.2
4436,4436,São Paulo,Bairro 2,21.7
4437,4437,São Paulo,Bairro 8,12.4
4438,4438,São Paulo,Bairro 9,41.6
4439,4439,São Paulo,Bairro 50,15.2
4440,4440,São Paulo,Bairro 2,30.0
4441,4441,São Paulo,Bairro 29,40.7
4442,4442,São Paulo,Bairro 30,22.7
4443,4443,São Paulo,Bairro 40,31.8
4444,4444,São Paulo,Bairro 47,43.8
4445,4445,São Paulo,Bairro 42,36.9
4446,4446,São Paulo,Bairro 12,38.0
4447,4447,São Paulo,Bairro 20,11.8
4448,4448,São Paulo,Bairro 46,36.9
4449,4449,São Paulo,Bairro 20,33.3
4450,4450,São Paulo,Bairro 31,15.0
4451,4451,São Paulo,Bairro 39,43.4
4452,4452,São Paulo,Bairro 5,5.1
4453,4453,São Paulo,Bairro 54,5.4
4454,4454,São Paulo,Bairro 52,34.1
4455,4455,São Paulo,Bairro 27,36.1
4456,4456,São Paulo,Bairro 54,22.1
4457,4457,São Paulo,Bairro 8,30.5
4458,4458,São Paulo,Bairro 9,13.8
4459,4459,São Paulo,Bairro 25,36.3
4460,4460,São Paulo,Bairro 21,27.3
4461,4461,São Paulo,Bairro 52,19.6
4462,4462,São Paulo,Bairro 15,25.9
4463,4463,São Paulo,Bairro 18,43.5
4464,4464,São Paulo,Bairro 34,13.3
4465,4465,São Paulo,Bairro 33,10.0
4466,4466,São Paulo,Bairro 7,36.4
4467,4467,São Paulo,Bairro 52,26.0
4468,4468,São Paulo,Bairro 13,38.6
4469,4469,São Paulo,Bairro 36,30.7
4470,4470,São Paulo,Bairro 33,32.2
4471,4471,São Paulo,Bairro 9,17.3
4472,4472,São Paulo,Bairro 44,8.8
4473,4473,São Paulo,Bairro 52,21.6
4474,4474,São Paulo,Bairro 3,37.8
4475,4475,São Paulo,Bairro 32,28.7
4476,4476,São Paulo,Bairro 39,7.4
4477,4477,São Paulo,Bairro 20,8.7
4478,4478,São Paulo,Bairro 48,0.8
4479,4479,São Paulo,Bairro 16,25.0
4480,4480,São Paulo,Bairro 29,36.7
4481,4481,São Paulo,Bairro 60,38.5
4482,4482,São Paulo,Bairro 54,24.9
4483,4483,São Paulo,Bairro 32,11.6
4484,4484,São Paulo,Bairro 27,42.1
4485,4485,São Paulo,Bairro 58,35.1
4486,4486,São Paulo,Bairro 41,14.2
4487,4487,São Paulo,Bairro 32,2.4
4488,4488,São Paulo,Bairro 42,28.3
4489,4489,São Paulo,Bairro 21,26.3
4490,4490,São Paulo,Bairro 40,0.6
4491,4491,São Paulo,Bairro 47,30.9
4492,4492,São Paulo,Bairro 8,25.6
4493,4493,São Paulo,Bairro 26,30.0
4494,4494,São Paulo,Bairro 53,12.4
4495,4495,São Paulo,Bairro 48,30.0
4496,4496,São Paulo,Bairro 46,11.2
4497,4497,São Paulo,Bairro 27,6.9
4498,4498,São Paulo,Bairro 38,15.3
4499,4499,São Paulo,Bairro 2,8.2
4500,4500,São Paulo,Bairro 57,3.9
4501,4501,São Paulo,Bairro 8,39.8
4502,4502,São Paulo,Bairro 33,21.5
4503,4503,São Paulo,Bairro 44,2.5
4504,4504,São Paulo,Bairro 1,2.3
4505,4505,São Paulo,Bairro 56,6.7
4506,4506,São Paulo,Bairro 9,44.5
4507,4507,São Paulo,Bairro 23,11.0
4508,4508,São Paulo,Bairro 48,7.9
4509,4509,São Paulo,Bairro 35,26.6
4510,4510,São Paulo,Bairro 37,32.5
4511,4511,São Paulo,Bairro 25,44.4
4512,4512,São Paulo,Bairro 4,24.0
4513,4513,São Paulo,Bairro 34,1.8
4514,4514,São Paulo,Bairro 28,17.5
4515,4515,São Paulo,Bairro 55,20.4
4516,4516,São Paulo,Bairro 54,38.3
4517,4517,São Paulo,Bairro 56,4.6
4518,4518,São Paulo,Bairro 31,38.9
4519,4519,São Paulo,Bairro 12,12.2
4520,4520,São Paulo,Bairro 30,37.2
4521,4521,São Paulo,Bairro 58,25.7
4522,4522,São Paulo,Bairro 47,4.9
4523,4523,São Paulo,Bairro 8,40.8
4524,4524,São Paulo,Bairro 13,25.8
4525,4525,São Paulo,Bairro 51,18.0
4526,4526,São Paulo,Bairro 21,3.1
4527,4527,São Paulo,Bairro 26,23.4
4528,4528,São Paulo,Bairro 41,32.9
4529,4529,São Paulo,Bairro 24,21.1
4530,4530,São Paulo,Bairro 28,35.2
4531,4531,São Paulo,Bairro 12,21.2
4532,4532,São Paulo,Bairro 59,9.3
4533,4533,São Paulo,Bairro 28,1.4
4534,4534,São Paulo,Bairro 54,44.4
4535,4535,São Paulo,Bairro 4,7.3
4536,4536,São Paulo,Bairro 20,40.5
4537,4537,São Paulo,Bairro 22,1.2
4538,4538,São Paulo,Bairro 53,43.5
4539,4539,São Paulo,Bairro 13,6.1
4540,4540,São Paulo,Bairro 30,35.4
4541,4541,São Paulo,Bairro 4,42.0
4542,4542,São Paulo,Bairro 45,30.4
4543,4543,São Paulo,Bairro 10,38.1
4544,4544,São Paulo,Bairro 18,41.2
4545,4545,São Paulo,Bairro 43,43.7
4546,4546,São Paulo,Bairro 28,27.6
4547,4547,São Paulo,Bairro 17,35.1
4548,4548,São Paulo,Bairro 41,33.6
4549,4549,São Paulo,Bairro 28,40.4
4550,4550,São Paulo,Bairro 25,24.4
4551,4551,São Paulo,Bairro 25,21.3
4552,4552,São Paulo,Bairro 50,28.8
4553,4553,São Paulo,Bairro 43,33.1
4554,4554,São Paulo,Bairro 17,18.8
4555,4555,São Paulo,Bairro 55,42.2
4556,4556,São Paulo,Bairro 18,7.9
4557,4557,São Paulo,Bairro 33,14.1
4558,4558,São Paulo,Bairro 2,0.7
4559,4559,São Paulo,Bairro 58,37.7
4560,4560,São Paulo,Bairro 54,31.5
4561,4561,São Paulo,Bairro 14,34.3
4562,4562,São Paulo,Bairro 29,12.2
4563,4563,São Paulo,Bairro 29,23.2
4564,4564,São Paulo,Bairro 32,33.1
4565,4565,São Paulo,Bairro 2,34.2
4566,4566,São Paulo,Bairro 16,23.1
4567,4567,São Paulo,Bairro 12,9.0
4568,4568,São Paulo,Bairro 12,7.1
4569,4569,São Paulo,Bairro 55,32.7
4570,4570,São Paulo,Bairro 43,31.0
4571,4571,São Paulo,Bairro 45,10.4
4572,4572,São Paulo,Bairro 31,19.5
4573,4573,São Paulo,Bairro 50,40.7
4574,4574,São Paulo,Bairro 42,33.0
4575,4575,São Paulo,Bairro 56,44.8
4576,4576,São Paulo,Bairro 47,11.0
4577,4577,São Paulo,Bairro 22,2.5
4578,4578,São Paulo,Bairro 22,12.8
4579,4579,São Paulo,Bairro 31,22.5
4580,4580,São Paulo,Bairro 24,21.1
4581,4581,São Paulo,Bairro 27,44.9
4582,4582,São Paulo,Bairro 28,4.0
4583,4583,São Paulo,Bairro 45,29.5
4584,4584,São Paulo,Bairro 3,1.3
4585,4585,São Paulo,Bairro 23,27.1
4586,4586,São Paulo,Bairro 55,44.4
4587,4587,São Paulo,Bairro 34,40.4
4588,4588,São Paulo,Bairro 11,29.2
4589,4589,São Paulo,Bairro 18,22.7
4590,4590,São Paulo,Bairro 49,11.1
4591,4591,São Paulo,Bairro 14,28.3
4592,4592,São Paulo,Bairro 14,43.1
4593,4593,São Paulo,Bairro 33,30.1
4594,4594,São Paulo,Bairro 6,13.2
4595,4595,São Paulo,Bairro 9,18.1
4596,4596,São Paulo,Bairro 38,29.1
4597,4597,São Paulo,Bairro 25,43.4
4598,4598,São Paulo,Bairro 58,10.5
4599,4599,São Paulo,Bairro 21,43.7
4600,4600,São Paulo,Bairro 23,28.7
4601,4601,São Paulo,Bairro 44,23.9
4602,4602,São Paulo,Bairro 42,1.3
4603,4603,São Paulo,Bairro 31,17.0
4604,4604,São Paulo,Bairro 50,15.6
4605,4605,São Paulo,Bairro 22,4.9
4606,4606,São Paulo,Bairro 45,9.9
4607,4607,São Paulo,Bairro 33,41.8
4608,4608,São Paulo,Bairro 15,33.2
4609,4609,São Paulo,Bairro 36,6.5
4610,4610,São Paulo,Bairro 13,22.4
4611,4611,São Paulo,Bairro 43,33.5
4612,4612,São Paulo,Bairro 18,12.7
4613,4613,São Paulo,Bairro 25,24.4
4614,4614,São Paulo,Bairro 41,14.7
4615,4615,São Paulo,Bairro 7,30.2
4616,4616,São Paulo,Bairro 41,24.6
4617,4617,São Paulo,Bairro 16,23.0
4618,4618,São Paulo,Bairro 46,44.5
4619,4619,São Paulo,Bairro 44,13.8
4620,4620,São Paulo,Bairro 7,24.9
4621,4621,São Paulo,Bairro 20,8.4
4622,4622,São Paulo,Bairro 15,7.7
4623,4623,São Paulo,Bairro 26,33.4
4624,4624,São Paulo,Bairro 21,20.7
4625,4625,São Paulo,Bairro 5,21.4
4626,4626,São Paulo,Bairro 52,43.2
4627,4627,São Paulo,Bairro 29,11.6
4628,4628,São Paulo,Bairro 54,39.2
4629,4629,São Paulo,Bairro 43,2.2
4630,4630,São Paulo,Bairro 4,19.3
4631,4631,São Paulo,Bairro 13,18.4
4632,4632,São Paulo,Bairro 23,13.6
4633,4633,São Paulo,Bairro 47,37.3
4634,4634,São Paulo,Bairro 32,4.2
4635,4635,São Paulo,Bairro 31,26.2
4636,4636,São Paulo,Bairro 6,28.4
4637,4637,São Paulo,Bairro 35,7.4
4638,4638,São Paulo,Bairro 25,7.8
4639,4639,São Paulo,Bairro 42,21.9
4640,4640,São Paulo,Bairro 21,19.1
4641,4641,São Paulo,Bairro 50,41.6
4642,4642,São Paulo,Bairro 39,27.4
4643,4643,São Paulo,Bairro 40,33.9
4644,4644,São Paulo,Bairro 28,31.4
4645,4645,São Paulo,Bairro 20,5.7
4646,4646,São Paulo,Bairro 28,27.9
4647,4647,São Paulo,Bairro 25,1.0
4648,4648,São Paulo,Bairro 24,17.6
4649,4649,São Paulo,Bairro 56,37.9
4650,4650,São Paulo,Bairro 6,37.0
4651,4651,São Paulo,Bairro 56,25.2
4652,4652,São Paulo,Bairro 36,26.2
4653,4653,São Paulo,Bairro 56,4.4
4654,4654,São Paulo,Bairro 2,44.4
4655,4655,São Paulo,Bairro 21,22.9
4656,4656,São Paulo,Bairro 20,10.3
4657,4657,São Paulo,Bairro 36,36.5
4658,4658,São Paulo,Bairro 2,26.5
4659,4659,São Paulo,Bairro 21,10.4
4660,4660,São Paulo,Bairro 13,31.3
4661,4661,São Paulo,Bairro 13,5.5
4662,4662,São Paulo,Bairro 17,26.2
4663,4663,São Paulo,Bairro 9,22.8
4664,4664,São Paulo,Bairro 38,18.7
4665,4665,São Paulo,Bairro 38,4.7
4666,4666,São Paulo,Bairro 44,18.5
4667,4667,São Paulo,Bairro 43,21.6
4668,4668,São Paulo,Bairro 42,18.1
4669,4669,São Paulo,Bairro 28,10.2
4670,4670,São Paulo,Bairro 58,14.6
4671,4671,São Paulo,Bairro 18,36.0
4672,4672,São Paulo,Bairro 25,42.2
4673,4673,São Paulo,Bairro 43,30.9
4674,4674,São Paulo,Bairro 12,1.8
4675,4675,São Paulo,Bairro 52,37.3
4676,4676,São Paulo,Bairro 37,40.1
4677,4677,São Paulo,Bairro 37,30.1
4678,4678,São Paulo,Bairro 22,34.9
4679,4679,São Paulo,Bairro 34,34.9
4680,4680,São Paulo,Bairro 4,1.0
4681,4681,São Paulo,Bairro 52,37.6
4682,4682,São Paulo,Bairro 35,3.1
4683,4683,São Paulo,Bairro 45,32.0
4684,4684,São Paulo,Bairro 50,21.0
4685,4685,São Paulo,Bairro 26,28.4
4686,4686,São Paulo,Bairro 16,11.8
4687,4687,São Paulo,Bairro 19,28.0
4688,4688,São Paulo,Bairro 47,38.6
4689,4689,São Paulo,Bairro 3,23.1
4690,4690,São Paulo,Bairro 23,38.0
4691,4691,São Paulo,Bairro 19,44.2
4692,4692,São Paulo,Bairro 59,24.8
4693,4693,São Paulo,Bairro 59,4.3
4694,4694,São Paulo,Bairro 39,37.6
4695,4695,São Paulo,Bairro 58,8.8
4696,4696,São Paulo,Bairro 47,44.5
4697,4697,São Paulo,Bairro 60,20.6
4698,4698,São Paulo,Bairro 52,40.9
4699,4699,São Paulo,Bairro 33,35.4
4700,4700,São Paulo,Bairro 19,2.6
4701,4701,São Paulo,Bairro 38,37.7
4702,4702,São Paulo,Bairro 41,36.5
4703,4703,São Paulo,Bairro 9,42.3
4704,4704,São Paulo,Bairro 33,4.0
4705,4705,São Paulo,Bairro 36,4.5
4706,4706,São Paulo,Bairro 43,21.6
4707,4707,São Paulo,Bairro 58,43.9
4708,4708,São Paulo,Bairro 29,30.1
4709,4709,São Paulo,Bairro 8,0.8
4710,4710,São Paulo,Bairro 19,2.4
4711,4711,São Paulo,Bairro 4,43.4
4712,4712,São Paulo,Bairro 32,39.3
4713,4713,São Paulo,Bairro 28,3.4
4714,4714,São Paulo,Bairro 20,14.7
4715,4715,São Paulo,Bairro 49,44.8
4716,4716,São Paulo,Bairro 7,21.6
4717,4717,São Paulo,Bairro 40,3.5
4718,4718,São Paulo,Bairro 18,28.9
4719,4719,São Paulo,Bairro 1,1.3
4720,4720,São Paulo,Bairro 4,1.8
4721,4721,São Paulo,Bairro 1,39.5
4722,4722,São Paulo,Bairro 6,10.6
4723,4723,São Paulo,Bairro 4,37.6
4724,4724,São Paulo,Bairro 44,28.9
4725,4725,São Paulo,Bairro 47,5.7
4726,4726,São Paulo,Bairro 53,24.9
4727,4727,São Paulo,Bairro 2,11.9
4728,4728,São Paulo,Bairro 1,4.0
4729,4729,São Paulo,Bairro 47,37.0
4730,4730,São Paulo,Bairro 16,37.6
4731,4731,São Paulo,Bairro 50,29.1
4732,4732,São Paulo,Bairro 11,5.3
4733,4733,São Paulo,Bairro 43,28.8
4734,4734,São Paulo,Bairro 56,32.8
4735,4735,São Paulo,Bairro 5,26.3
4736,4736,São Paulo,Bairro 30,34.7
4737,4737,São Paulo,Bairro 10,12.4
4738,4738,São Paulo,Bairro 16,29.2
4739,4739,São Paulo,Bairro 46,19.2
4740,4740,São Paulo,Bairro 19,14.8
4741,4741,São Paulo,Bairro 5,23.5
4742,4742,São Paulo,Bairro 59,33.5
4743,4743,São Paulo,Bairro 59,14.3
4744,4744,São Paulo,Bairro 36,26.0
4745,4745,São Paulo,Bairro 7,17.1
4746,4746,São Paulo,Bairro 45,28.8
4747,4747,São Paulo,Bairro 48,37.4
4748,4748,São Paulo,Bairro 14,41.1
4749,4749,São Paulo,Bairro 22,28.1
4750,4750,São Paulo,Bairro 29,14.3
4751,4751,São Paulo,Bairro 57,2.5
4752,4752,São Paulo,Bairro 41,43.3
4753,4753,São Paulo,Bairro 7,13.5
4754,4754,São Paulo,Bairro 30,33.5
4755,4755,São Paulo,Bairro 45,5.8
4756,4756,São Paulo,Bairro 12,31.5
4757,4757,São Paulo,Bairro 39,34.0
4758,4758,São Paulo,Bairro 56,23.2
4759,4759,São Paulo,Bairro 15,10.4
4760,4760,São Paulo,Bairro 34,40.0
4761,4761,São Paulo,Bairro 54,33.7
4762,4762,São Paulo,Bairro 23,19.3
4763,4763,São Paulo,Bairro 37,21.4
4764,4764,São Paulo,Bairro 41,36.2
4765,4765,São Paulo,Bairro 38,17.3
4766,4766,São Paulo,Bairro 57,3.6
4767,4767,São Paulo,Bairro 25,18.4
4768,4768,São Paulo,Bairro 44,28.0
4769,4769,São Paulo,Bairro 8,17.6
4770,4770,São Paulo,Bairro 55,26.0
4771,4771,São Paulo,Bairro 37,39.3
4772,4772,São Paulo,Bairro 47,32.4
4773,4773,São Paulo,Bairro 30,39.2
4774,4774,São Paulo,Bairro 44,1.7
4775,4775,São Paulo,Bairro 54,22.9
4776,4776,São Paulo,Bairro 41,19.4
4777,4777,São Paulo,Bairro 51,17.3
4778,4778,São Paulo,Bairro 30,41.5
4779,4779,São Paulo,Bairro 51,13.7
4780,4780,São Paulo,Bairro 35,33.1
4781,4781,São Paulo,Bairro 24,37.9
4782,4782,São Paulo,Bairro 29,20.2
4783,4783,São Paulo,Bairro 21,27.2
4784,4784,São Paulo,Bairro 59,21.1
4785,4785,São Paulo,Bairro 28,22.0
4786,4786,São Paulo,Bairro 45,30.1
4787,4787,São Paulo,Bairro 52,28.4
4788,4788,São Paulo,Bairro 2,2.2
4789,4789,São Paulo,Bairro 30,14.7
4790,4790,São Paulo,Bairro 47,36.8
4791,4791,São Paulo,Bairro 34,6.4
4792,4792,São Paulo,Bairro 42,33.0
4793,4793,São Paulo,Bairro 50,21.6
4794,4794,São Paulo,Bairro 54,40.6
4795,4795,São Paulo,Bairro 37,11.1
4796,4796,São Paulo,Bairro 30,34.9
4797,4797,São Paulo,Bairro 45,4.7
4798,4798,São Paulo,Bairro 43,32.5
4799,4799,São Paulo,Bairro 28,22.7
4800,4800,São Paulo,Bairro 33,18.5
4801,4801,São Paulo,Bairro 22,20.5
4802,4802,São Paulo,Bairro 29,11.4
4803,4803,São Paulo,Bairro 53,24.7
4804,4804,São Paulo,Bairro 24,12.1
4805,4805,São Paulo,Bairro 26,0.6
4806,4806,São Paulo,Bairro 48,34.1
4807,4807,São Paulo,Bairro 10,4.1
4808,4808,São Paulo,Bairro 30,44.8
4809,4809,São Paulo,Bairro 14,6.5
4810,4810,São Paulo,Bairro 16,10.2
4811,4811,São Paulo,Bairro 41,15.3
4812,4812,São Paulo,Bairro 52,20.0
4813,4813,São Paulo,Bairro 36,26.5
4814,4814,São Paulo,Bairro 52,28.5
4815,4815,São Paulo,Bairro 34,40.0
4816,4816,São Paulo,Bairro 11,44.3
4817,4817,São Paulo,Bairro 50,30.6
4818,4818,São Paulo,Bairro 11,26.7
4819,4819,São Paulo,Bairro 53,15.9
4820,4820,São Paulo,Bairro 50,34.0
4821,4821,São Paulo,Bairro 53,22.7
4822,4822,São Paulo,Bairro 40,34.2
4823,4823,São Paulo,Bairro 4,23.3
4824,4824,São Paulo,Bairro 35,10.1
4825,4825,São Paulo,Bairro 53,30.9
4826,4826,São Paulo,Bairro 29,27.1
4827,4827,São Paulo,Bairro 38,32.8
4828,4828,São Paulo,Bairro 54,31.4
4829,4829,São Paulo,Bairro 39,35.4
4830,4830,São Paulo,Bairro 1,19.1
4831,4831,São Paulo,Bairro 13,31.0
4832,4832,São Paulo,Bairro 42,4.2
4833,4833,São Paulo,Bairro 48,13.1
4834,4834,São Paulo,Bairro 50,14.1
4835,4835,São Paulo,Bairro 40,4.0
4836,4836,São Paulo,Bairro 53,22.4
4837,4837,São Paulo,Bairro 58,38.3
4838,4838,São Paulo,Bairro 1,28.9
4839,4839,São Paulo,Bairro 57,13.2
4840,4840,São Paulo,Bairro 48,18.2
4841,4841,São Paulo,Bairro 8,5.5
4842,4842,São Paulo,Bairro 29,34.1
4843,4843,São Paulo,Bairro 11,13.5
4844,4844,São Paulo,Bairro 34,28.6
4845,4845,São Paulo,Bairro 54,26.6
4846,4846,São Paulo,Bairro 16,11.9
4847,4847,São Paulo,Bairro 28,17.1
4848,4848,São Paulo,Bairro 51,43.8
4849,4849,São Paulo,Bairro 55,2.6
4850,4850,São Paulo,Bairro 40,11.7
4851,4851,São Paulo,Bairro 27,42.0
4852,4852,São Paulo,Bairro 41,31.5
4853,4853,São Paulo,Bairro 45,34.9
4854,4854,São Paulo,Bairro 30,8.4
4855,4855,São Paulo,Bairro 1,23.0
4856,4856,São Paulo,Bairro 25,7.8
4857,4857,São Paulo,Bairro 43,22.4
4858,4858,São Paulo,Bairro 6,40.1
4859,4859,São Paulo,Bairro 16,6.8
4860,4860,São Paulo,Bairro 7,17.1
4861,4861,São Paulo,Bairro 55,18.2
4862,4862,São Paulo,Bairro 29,3.3
4863,4863,São Paulo,Bairro 44,39.0
4864,4864,São Paulo,Bairro 5,23.2
4865,4865,São Paulo,Bairro 8,21.2
4866,4866,São Paulo,Bairro 1,12.4
4867,4867,São Paulo,Bairro 22,32.4
4868,4868,São Paulo,Bairro 37,36.2
4869,4869,São Paulo,Bairro 11,32.4
4870,4870,São Paulo,Bairro 3,21.7
4871,4871,São Paulo,Bairro 6,41.0
4872,4872,São Paulo,Bairro 56,27.6
4873,4873,São Paulo,Bairro 60,30.2
4874,4874,São Paulo,Bairro 2,7.2
4875,4875,São Paulo,Bairro 6,11.3
4876,4876,São Paulo,Bairro 36,26.4
4877,4877,São Paulo,Bairro 26,1.9
4878,4878,São Paulo,Bairro 3,9.0
4879,4879,São Paulo,Bairro 20,17.6
4880,4880,São Paulo,Bairro 56,41.6
4881,4881,São Paulo,Bairro 6,21.6
4882,4882,São Paulo,Bairro 19,4.5
4883,4883,São Paulo,Bairro 31,40.5
4884,4884,São Paulo,Bairro 17,41.1
4885,4885,São Paulo,Bairro 18,18.6
4886,4886,São Paulo,Bairro 23,16.7
4887,4887,São Paulo,Bairro 21,4.3
4888,4888,São Paulo,Bairro 12,43.1
4889,4889,São Paulo,Bairro 56,9.7
4890,4890,São Paulo,Bairro 22,16.7
4891,4891,São Paulo,Bairro 5,19.0
4892,4892,São Paulo,Bairro 49,13.9
4893,4893,São Paulo,Bairro 40,4.4
4894,4894,São Paulo,Bairro 42,18.8
4895,4895,São Paulo,Bairro 13,1.5
4896,4896,São Paulo,Bairro 13,17.5
4897,4897,São Paulo,Bairro 15,23.3
4898,4898,São Paulo,Bairro 46,14.2
4899,4899,São Paulo,Bairro 26,15.3
4900,4900,São Paulo,Bairro 4,20.4
4901,4901,São Paulo,Bairro 19,12.2
4902,4902,São Paulo,Bairro 21,8.5
4903,4903,São Paulo,Bairro 52,14.6
4904,4904,São Paulo,Bairro 42,0.6
4905,4905,São Paulo,Bairro 37,4.4
4906,4906,São Paulo,Bairro 24,10.8
4907,4907,São Paulo,Bairro 17,21.0
4908,4908,São Paulo,Bairro 52,18.0
4909,4909,São Paulo,Bairro 28,27.8
4910,4910,São Paulo,Bairro 55,36.5
4911,4911,São Paulo,Bairro 50,30.7
4912,4912,São Paulo,Bairro 32,23.1
4913,4913,São Paulo,Bairro 7,37.1
4914,4914,São Paulo,Bairro 14,12.3
4915,4915,São Paulo,Bairro 20,36.0
4916,4916,São Paulo,Bairro 10,12.7
4917,4917,São Paulo,Bairro 55,12.8
4918,4918,São Paulo,Bairro 60,19.8
4919,4919,São Paulo,Bairro 50,26.5
4920,4920,São Paulo,Bairro 44,37.0
4921,4921,São Paulo,Bairro 14,15.9
4922,4922,São Paulo,Bairro 2,25.9
4923,4923,São Paulo,Bairro 43,12.3
4924,4924,São Paulo,Bairro 23,33.2
4925,4925,São Paulo,Bairro 5,37.6
4926,4926,São Paulo,Bairro 18,2.2
4927,4927,São Paulo,Bairro 57,17.3
4928,4928,São Paulo,Bairro 14,27.1
4929,4929,São Paulo,Bairro 39,32.1
4930,4930,São Paulo,Bairro 41,33.1
4931,4931,São Paulo,Bairro 24,4.9
4932,4932,São Paulo,Bairro 58,9.6
4933,4933,São Paulo,Bairro 59,20.8
4934,4934,São Paulo,Bairro 4,2.0
4935,4935,São Paulo,Bairro 40,29.7
4936,4936,São Paulo,Bairro 7,39.0
4937,4937,São Paulo,Bairro 28,34.6
4938,4938,São Paulo,Bairro 58,35.1
4939,4939,São Paulo,Bairro 49,11.0
4940,4940,São Paulo,Bairro 34,12.3
4941,4941,São Paulo,Bairro 31,32.2
4942,4942,São Paulo,Bairro 47,27.6
4943,4943,São Paulo,Bairro 7,26.1
4944,4944,São Paulo,Bairro 11,29.3
4945,4945,São Paulo,Bairro 24,2.7
4946,4946,São Paulo,Bairro 39,4.7
4947,4947,São Paulo,Bairro 25,38.7
4948,4948,São Paulo,Bairro 16,25.7
4949,4949,São Paulo,Bairro 48,42.4
4950,4950,São Paulo,Bairro 43,11.4
4951,4951,São Paulo,Bairro 52,17.9
4952,4952,São Paulo,Bairro 21,26.4
4953,4953,São Paulo,Bairro 15,6.5
4954,4954,São Paulo,Bairro 36,19.6
4955,4955,São Paulo,Bairro 32,33.7
4956,4956,São Paulo,Bairro 8,5.4
4957,4957,São Paulo,Bairro 45,38.9
4958,4958,São Paulo,Bairro 39,8.0
4959,4959,São Paulo,Bairro 19,44.0
4960,4960,São Paulo,Bairro 48,5.3
4961,4961,São Paulo,Bairro 33,34.7
4962,4962,São Paulo,Bairro 59,34.9
4963,4963,São Paulo,Bairro 1,39.8
4964,4964,São Paulo,Bairro 28,8.2
4965,4965,São Paulo,Bairro 16,34.2
4966,4966,São Paulo,Bairro 8,23.3
4967,4967,São Paulo,Bairro 59,41.6
4968,4968,São Paulo,Bairro 42,28.2
4969,4969,São Paulo,Bairro 18,16.7
4970,4970,São Paulo,Bairro 27,22.5
4971,4971,São Paulo,Bairro 6,22.5
4972,4972,São Paulo,Bairro 26,5.9
4973,4973,São Paulo,Bairro 46,26.0
4974,4974,São Paulo,Bairro 1,22.4
4975,4975,São Paulo,Bairro 52,4.3
4976,4976,São Paulo,Bairro 31,6.8
4977,4977,São Paulo,Bairro 59,39.1
4978,4978,São Paulo,Bairro 16,10.7
4979,4979,São Paulo,Bairro 46,15.0
4980,4980,São Paulo,Bairro 8,11.6
4981,4981,São Paulo,Bairro 14,16.6
4982,4982,São Paulo,Bairro 6,40.8
4983,4983,São Paulo,Bairro 16,16.2
4984,4984,São Paulo,Bairro 11,32.2
4985,4985,São Paulo,Bairro 35,38.7
4986,4986,São Paulo,Bairro 47,6.6
4987,4987,São Paulo,Bairro 20,44.2
4988,4988,São Paulo,Bairro 45,37.4
4989,4989,São Paulo,Bairro 2,34.8
4990,4990,São Paulo,Bairro 46,41.9
4991,4991,São Paulo,Bairro 59,31.3
4992,4992,São Paulo,Bairro 37,11.8
4993,4993,São Paulo,Bairro 18,35.8
4994,4994,São Paulo,Bairro 43,22.6
4995,4995,São Paulo,Bairro 49,37.6
4996,4996,São Paulo,Bairro 36,7.9
4997,4997,São Paulo,Bairro 43,27.6
4998,4998,São Paulo,Bairro 12,3.9
4999,4999,São Paulo,Bairro 42,6.2
5000,5000,São Paulo,Bairro 19,17.7
