id_deslocamento,id_aluno,tempo_min,qtd_transportes,modal_principal
1,1,77,2,metro
2,2,54,1,onibus
3,3,78,3,a_pe
4,4,34,1,metro
5,5,11,3,a_pe
6,6,18,1,metro
7,7,108,1,bicicleta
8,8,67,3,a_pe
9,9,109,1,onibus
10,10,55,3,metro
11,11,109,2,bicicleta
12,12,46,2,a_pe
13,13,112,2,carro
14,14,87,4,metro
15,15,23,2,metro
16,16,120,2,metro
17,17,37,2,a_pe
18,18,30,4,bicicleta
19,19,97,2,a_pe
20,20,70,1,metro
21,21,48,3,onibus
22,22,42,3,metro
23,23,124,4,bicicleta
24,24,40,4,carro
25,25,83,1,carro
26,26,38,4,carro
27,27,94,1,a_pe
28,28,59,3,metro
29,29,39,3,onibus
30,30,5,3,a_pe
31,31,80,3,onibus
32,32,54,3,metro
33,33,101,3,metro
34,34,27,2,metro
35,35,39,3,carro
36,36,89,2,carro
37,37,98,3,onibus
38,38,78,3,carro
39,39,122,1,bicicleta
40,40,88,4,a_pe
41,41,45,3,a_pe
42,42,22,1,carro
43,43,90,4,onibus
44,44,121,4,a_pe
45,45,27,3,onibus
46,46,18,4,metro
47,47,28,1,carro
48,48,29,4,a_pe
49,49,20,3,bicicleta
50,50,115,3,bicicleta
51,51,123,4,metro
52,52,41,3,bicicleta
53,53,128,2,a_pe
54,54,19,3,metro
55,55,123,2,onibus
56,56,46,4,bicicleta
57,57,22,1,bicicleta
58,58,114,1,bicicleta
59,59,27,1,a_pe
60,60,87,1,bicicleta
61,61,69,2,metro
62,62,9,2,carro
63,63,27,1,onibus
64,64,87,3,metro
65,65,30,3,carro
66,66,67,1,metro
67,67,11,2,a_pe
68,68,115,2,bicicleta
69,69,113,1,metro
70,70,45,1,onibus
71,71,6,2,metro
72,72,66,2,carro
73,73,112,4,bicicleta
74,74,129,2,carro
75,75,105,3,metro
76,76,26,4,onibus
77,77,34,2,metro
78,78,43,1,bicicleta
79,79,5,4,a_pe
80,80,87,1,onibus
81,81,34,4,bicicleta
82,82,18,4,onibus
83,83,105,3,onibus
84,84,119,4,bicicleta
85,85,46,2,carro
86,86,53,1,bicicleta
87,87,70,3,bicicleta
88,88,25,1,bicicleta
89,89,46,1,carro
90,90,15,2,metro
91,91,87,4,a_pe
92,92,128,1,onibus
93,93,128,4,carro
94,94,78,3,onibus
95,95,18,4,onibus
96,96,52,1,metro
97,97,56,3,bicicleta
98,98,97,4,metro
99,99,65,2,carro
100,100,83,1,onibus
101,101,23,3,bicicleta
102,102,78,4,bicicleta
103,103,40,2,carro
104,104,102,2,metro
105,105,77,4,bicicleta
106,106,122,4,a_pe
107,107,14,3,carro
108,108,130,2,bicicleta
109,109,93,3,bicicleta
110,110,123,3,a_pe
111,111,15,3,a_pe
112,112,90,4,onibus
113,113,10,4,onibus
114,114,81,1,onibus
115,115,34,3,metro
116,116,33,4,metro
117,117,120,3,bicicleta
118,118,24,1,a_pe
119,119,27,2,carro
120,120,6,3,onibus
121,121,52,3,bicicleta
122,122,128,4,a_pe
123,123,36,1,carro
124,124,90,2,bicicleta
125,125,64,1,a_pe
126,126,19,1,carro
127,127,43,2,onibus
128,128,19,3,bicicleta
129,129,37,1,bicicleta
130,130,23,4,carro
131,131,90,3,onibus
132,132,65,2,metro
133,133,55,4,a_pe
134,134,44,1,carro
135,135,33,1,metro
136,136,105,4,carro
137,137,7,1,onibus
138,138,77,1,onibus
139,139,110,1,onibus
140,140,119,4,metro
141,141,76,2,metro
142,142,40,3,metro
143,143,25,4,carro
144,144,103,3,bicicleta
145,145,110,3,onibus
146,146,90,1,bicicleta
147,147,67,3,carro
148,148,13,4,bicicleta
149,149,19,3,carro
150,150,116,2,a_pe
151,151,79,1,metro
152,152,39,3,bicicleta
153,153,96,3,bicicleta
154,154,127,2,onibus
155,155,129,3,bicicleta
156,156,39,1,bicicleta
157,157,10,1,onibus
158,158,127,1,a_pe
159,159,80,3,a_pe
160,160,83,1,bicicleta
161,161,73,2,metro
162,162,124,2,onibus
163,163,55,4,bicicleta
164,164,127,2,a_pe
165,165,107,4,carro
166,166,7,2,onibus
167,167,62,3,onibus
168,168,48,1,a_pe
169,169,40,1,bicicleta
170,170,19,1,a_pe
171,171,62,1,onibus
172,172,78,1,a_pe
173,173,84,4,carro
174,174,17,1,carro
175,175,82,2,onibus
176,176,74,4,carro
177,177,32,4,carro
178,178,79,3,carro
179,179,93,3,bicicleta
180,180,30,2,onibus
181,181,72,3,a_pe
182,182,54,3,carro
183,183,118,2,carro
184,184,122,4,bicicleta
185,185,18,2,a_pe
186,186,71,1,onibus
187,187,65,4,metro
188,188,27,1,onibus
189,189,81,4,onibus
190,190,85,2,onibus
191,191,67,1,a_pe
192,192,99,4,metro
193,193,36,2,carro
194,194,47,1,onibus
195,195,87,1,metro
196,196,99,4,a_pe
197,197,58,1,carro
198,198,113,1,bicicleta
199,199,8,4,bicicleta
200,200,115,3,carro
201,201,21,3,a_pe
202,202,64,4,onibus
203,203,12,3,metro
204,204,107,3,bicicleta
205,205,61,4,carro
206,206,68,1,metro
207,207,48,3,carro
208,208,116,3,bicicleta
209,209,43,4,bicicleta
210,210,90,3,onibus
211,211,81,4,onibus
212,212,37,1,onibus
213,213,111,3,onibus
214,214,93,1,carro
215,215,43,3,carro
216,216,114,4,metro
217,217,88,3,metro
218,218,111,1,a_pe
219,219,49,2,bicicleta
220,220,120,4,metro
221,221,106,1,a_pe
222,222,120,4,a_pe
223,223,100,4,a_pe
224,224,50,2,carro
225,225,87,3,metro
226,226,6,2,onibus
227,227,112,3,a_pe
228,228,80,4,onibus
229,229,56,3,bicicleta
230,230,13,1,metro
231,231,40,3,onibus
232,232,106,4,a_pe
233,233,75,2,a_pe
234,234,33,3,onibus
235,235,91,4,bicicleta
236,236,11,1,bicicleta
237,237,22,2,a_pe
238,238,20,4,a_pe
239,239,26,2,bicicleta
240,240,87,2,carro
241,241,28,4,onibus
242,242,15,4,a_pe
243,243,27,4,carro
244,244,47,1,metro
245,245,21,4,onibus
246,246,29,3,carro
247,247,125,2,a_pe
248,248,122,1,onibus
249,249,90,2,metro
250,250,30,2,onibus
251,251,11,2,carro
252,252,115,2,onibus
253,253,40,4,a_pe
254,254,98,3,onibus
255,255,104,4,onibus
256,256,74,3,metro
257,257,34,1,onibus
258,258,48,4,carro
259,259,94,2,carro
260,260,113,4,metro
261,261,126,4,carro
262,262,29,1,bicicleta
263,263,38,2,metro
264,264,53,3,bicicleta
265,265,24,1,carro
266,266,24,4,carro
267,267,51,4,onibus
268,268,53,4,metro
269,269,88,2,onibus
270,270,31,2,metro
271,271,17,4,bicicleta
272,272,96,1,a_pe
273,273,5,1,bicicleta
274,274,24,1,carro
275,275,48,4,carro
276,276,129,1,metro
277,277,126,3,onibus
278,278,27,1,bicicleta
279,279,74,2,metro
280,280,42,1,onibus
281,281,65,1,bicicleta
282,282,120,3,carro
283,283,94,3,carro
284,284,117,4,a_pe
285,285,99,4,bicicleta
286,286,101,4,metro
287,287,49,2,a_pe
288,288,62,1,onibus
289,289,67,1,metro
290,290,10,2,carro
291,291,129,3,a_pe
292,292,93,3,onibus
293,293,85,4,carro
294,294,53,3,bicicleta
295,295,97,2,metro
296,296,5,1,metro
297,297,28,3,metro
298,298,21,2,a_pe
299,299,16,4,a_pe
300,300,44,2,metro
301,301,89,2,carro
302,302,122,1,bicicleta
303,303,84,4,metro
304,304,122,1,onibus
305,305,13,3,metro
306,306,127,2,a_pe
307,307,101,1,bicicleta
308,308,124,2,onibus
309,309,58,4,a_pe
310,310,85,3,metro
311,311,11,1,onibus
312,312,68,2,onibus
313,313,10,1,onibus
314,314,83,1,onibus
315,315,127,3,a_pe
316,316,9,1,carro
317,317,28,1,carro
318,318,79,3,a_pe
319,319,120,4,bicicleta
320,320,108,4,carro
321,321,16,1,metro
322,322,75,3,metro
323,323,65,2,metro
324,324,63,2,bicicleta
325,325,120,2,bicicleta
326,326,6,2,carro
327,327,106,2,metro
328,328,44,3,bicicleta
329,329,74,1,a_pe
330,330,103,4,bicicleta
331,331,109,4,carro
332,332,64,4,a_pe
333,333,45,3,metro
334,334,78,3,bicicleta
335,335,127,2,bicicleta
336,336,77,1,carro
337,337,59,2,onibus
338,338,26,3,carro
339,339,92,2,carro
340,340,63,3,bicicleta
341,341,95,1,onibus
342,342,56,1,bicicleta
343,343,38,4,bicicleta
344,344,92,1,bicicleta
345,345,25,2,metro
346,346,32,3,carro
347,347,86,3,carro
348,348,63,3,bicicleta
349,349,43,3,a_pe
350,350,104,3,carro
351,351,129,3,onibus
352,352,94,3,metro
353,353,20,3,a_pe
354,354,22,1,carro
355,355,21,4,onibus
356,356,66,1,metro
357,357,30,1,carro
358,358,34,2,a_pe
359,359,56,3,a_pe
360,360,19,2,metro
361,361,98,3,carro
362,362,38,3,metro
363,363,119,3,bicicleta
364,364,104,1,metro
365,365,61,2,onibus
366,366,110,4,a_pe
367,367,61,2,onibus
368,368,125,4,bicicleta
369,369,8,2,bicicleta
370,370,83,2,carro
371,371,56,4,metro
372,372,11,4,carro
373,373,128,2,bicicleta
374,374,19,1,bicicleta
375,375,126,2,bicicleta
376,376,124,2,bicicleta
377,377,124,1,bicicleta
378,378,112,2,carro
379,379,6,4,metro
380,380,84,3,bicicleta
381,381,86,3,carro
382,382,6,3,onibus
383,383,55,1,carro
384,384,17,1,carro
385,385,58,2,a_pe
386,386,129,3,a_pe
387,387,103,4,metro
388,388,14,4,a_pe
389,389,123,2,a_pe
390,390,117,2,carro
391,391,34,1,carro
392,392,39,3,a_pe
393,393,116,3,onibus
394,394,95,3,bicicleta
395,395,82,4,carro
396,396,31,1,onibus
397,397,42,3,a_pe
398,398,100,2,metro
399,399,74,3,carro
400,400,46,3,carro
401,401,107,1,onibus
402,402,21,2,metro
403,403,14,3,bicicleta
404,404,17,2,onibus
405,405,21,1,carro
406,406,117,2,onibus
407,407,75,2,onibus
408,408,77,2,metro
409,409,24,1,metro
410,410,96,3,onibus
411,411,108,4,a_pe
412,412,57,4,onibus
413,413,109,4,bicicleta
414,414,30,2,bicicleta
415,415,26,4,a_pe
416,416,62,3,onibus
417,417,92,1,onibus
418,418,81,4,a_pe
419,419,33,3,carro
420,420,79,4,metro
421,421,51,3,bicicleta
422,422,7,1,metro
423,423,16,2,carro
424,424,47,2,onibus
425,425,20,2,carro
426,426,33,3,metro
427,427,60,3,a_pe
428,428,59,2,a_pe
429,429,12,4,a_pe
430,430,86,3,a_pe
431,431,43,3,onibus
432,432,31,1,carro
433,433,70,2,metro
434,434,20,1,bicicleta
435,435,98,3,carro
436,436,126,4,metro
437,437,7,3,carro
438,438,45,2,metro
439,439,17,4,bicicleta
440,440,112,3,carro
441,441,45,1,metro
442,442,54,3,carro
443,443,6,3,bicicleta
444,444,109,2,a_pe
445,445,11,4,metro
446,446,24,3,bicicleta
447,447,78,2,bicicleta
448,448,24,4,a_pe
449,449,69,1,onibus
450,450,8,4,carro
451,451,125,2,bicicleta
452,452,49,3,carro
453,453,98,2,onibus
454,454,45,2,metro
455,455,100,4,onibus
456,456,126,3,onibus
457,457,60,2,a_pe
458,458,7,4,metro
459,459,68,3,metro
460,460,119,1,onibus
461,461,116,3,onibus
462,462,28,3,onibus
463,463,118,4,bicicleta
464,464,83,2,bicicleta
465,465,121,4,a_pe
466,466,98,1,onibus
467,467,124,3,bicicleta
468,468,52,1,carro
469,469,103,1,carro
470,470,115,3,metro
471,471,117,3,bicicleta
472,472,101,4,bicicleta
473,473,41,1,carro
474,474,18,3,a_pe
475,475,128,1,carro
476,476,5,4,a_pe
477,477,109,3,onibus
478,478,46,4,bicicleta
479,479,80,2,metro
480,480,80,1,metro
481,481,63,1,onibus
482,482,55,3,onibus
483,483,44,4,a_pe
484,484,93,2,metro
485,485,6,3,a_pe
486,486,104,1,carro
487,487,18,3,bicicleta
488,488,28,3,metro
489,489,64,4,a_pe
490,490,110,4,carro
491,491,18,4,carro
492,492,35,4,carro
493,493,122,4,a_pe
494,494,102,4,bicicleta
495,495,48,4,metro
496,496,92,4,onibus
497,497,53,3,metro
498,498,55,1,onibus
499,499,17,4,bicicleta
500,500,52,3,metro
501,501,44,1,a_pe
502,502,20,4,bicicleta
503,503,68,3,a_pe
504,504,75,2,carro
505,505,57,2,carro
506,506,98,2,metro
507,507,46,1,onibus
508,508,20,1,onibus
509,509,26,2,onibus
510,510,105,3,bicicleta
511,511,90,1,carro
512,512,14,1,onibus
513,513,16,2,onibus
514,514,108,1,a_pe
515,515,108,3,a_pe
516,516,38,1,carro
517,517,92,4,bicicleta
518,518,60,1,bicicleta
519,519,116,3,metro
520,520,29,1,metro
521,521,99,1,metro
522,522,37,3,bicicleta
523,523,24,3,a_pe
524,524,100,1,bicicleta
525,525,128,1,a_pe
526,526,10,2,a_pe
527,527,71,3,a_pe
528,528,39,2,a_pe
529,529,93,3,metro
530,530,47,3,metro
531,531,91,3,a_pe
532,532,12,2,a_pe
533,533,84,1,carro
534,534,110,3,a_pe
535,535,56,4,bicicleta
536,536,85,2,onibus
537,537,66,2,bicicleta
538,538,63,2,metro
539,539,105,2,onibus
540,540,97,4,onibus
541,541,70,4,metro
542,542,31,3,carro
543,543,49,2,bicicleta
544,544,61,3,onibus
545,545,75,2,bicicleta
546,546,119,1,metro
547,547,127,3,a_pe
548,548,94,1,metro
549,549,76,3,carro
550,550,5,2,a_pe
551,551,71,2,a_pe
552,552,93,2,a_pe
553,553,75,3,bicicleta
554,554,119,3,onibus
555,555,92,3,a_pe
556,556,81,1,carro
557,557,41,4,carro
558,558,15,3,metro
559,559,119,4,bicicleta
560,560,26,4,onibus
561,561,112,4,onibus
562,562,119,2,metro
563,563,92,2,onibus
564,564,127,1,onibus
565,565,92,2,bicicleta
566,566,65,1,a_pe
567,567,86,4,bicicleta
568,568,22,3,a_pe
569,569,45,3,metro
570,570,5,2,metro
571,571,28,2,onibus
572,572,21,1,a_pe
573,573,84,1,metro
574,574,106,3,bicicleta
575,575,109,2,metro
576,576,96,2,metro
577,577,26,4,metro
578,578,33,3,carro
579,579,22,3,onibus
580,580,120,4,onibus
581,581,71,2,bicicleta
582,582,72,1,carro
583,583,101,3,bicicleta
584,584,125,2,metro
585,585,32,2,metro
586,586,27,3,a_pe
587,587,101,4,onibus
588,588,82,4,onibus
589,589,10,1,bicicleta
590,590,56,2,metro
591,591,124,1,metro
592,592,87,2,a_pe
593,593,124,3,metro
594,594,15,3,carro
595,595,89,3,carro
596,596,37,4,metro
597,597,24,4,onibus
598,598,96,1,carro
599,599,71,4,carro
600,600,103,3,metro
601,601,121,2,carro
602,602,83,4,metro
603,603,9,2,a_pe
604,604,37,3,onibus
605,605,72,2,a_pe
606,606,112,3,metro
607,607,23,1,onibus
608,608,56,1,bicicleta
609,609,36,1,a_pe
610,610,67,2,a_pe
611,611,100,4,a_pe
612,612,102,3,bicicleta
613,613,50,4,a_pe
614,614,127,1,carro
615,615,64,2,metro
616,616,34,3,metro
617,617,69,2,a_pe
618,618,103,1,metro
619,619,36,3,onibus
620,620,46,4,bicicleta
621,621,98,3,a_pe
622,622,53,1,bicicleta
623,623,26,4,bicicleta
624,624,20,2,onibus
625,625,64,4,metro
626,626,40,1,bicicleta
627,627,107,3,metro
628,628,25,3,metro
629,629,101,4,carro
630,630,59,1,a_pe
631,631,96,2,a_pe
632,632,24,1,onibus
633,633,65,1,onibus
634,634,19,4,carro
635,635,86,3,carro
636,636,93,4,a_pe
637,637,63,3,a_pe
638,638,36,3,onibus
639,639,10,4,a_pe
640,640,96,3,carro
641,641,38,1,a_pe
642,642,126,1,a_pe
643,643,67,4,bicicleta
644,644,119,1,metro
645,645,7,2,carro
646,646,130,2,metro
647,647,91,1,onibus
648,648,76,2,metro
649,649,43,1,bicicleta
650,650,66,1,carro
651,651,95,3,onibus
652,652,108,2,bicicleta
653,653,85,2,onibus
654,654,104,2,bicicleta
655,655,125,1,metro
656,656,101,3,carro
657,657,31,1,metro
658,658,61,2,onibus
659,659,24,3,onibus
660,660,106,3,bicicleta
661,661,120,1,bicicleta
662,662,74,4,carro
663,663,77,4,metro
664,664,22,2,bicicleta
665,665,22,4,bicicleta
666,666,9,2,bicicleta
667,667,35,4,metro
668,668,116,1,onibus
669,669,58,2,onibus
670,670,40,4,a_pe
671,671,76,4,metro
672,672,121,1,metro
673,673,74,1,a_pe
674,674,79,1,bicicleta
675,675,101,3,bicicleta
676,676,55,4,onibus
677,677,64,4,bicicleta
678,678,126,4,carro
679,679,39,3,bicicleta
680,680,13,1,bicicleta
681,681,49,1,onibus
682,682,18,3,carro
683,683,90,2,a_pe
684,684,104,2,carro
685,685,47,4,metro
686,686,6,1,bicicleta
687,687,100,1,bicicleta
688,688,68,2,carro
689,689,69,3,metro
690,690,114,2,onibus
691,691,21,2,a_pe
692,692,123,2,a_pe
693,693,93,3,metro
694,694,19,3,metro
695,695,67,2,metro
696,696,13,1,carro
697,697,33,3,onibus
698,698,98,4,a_pe
699,699,127,2,bicicleta
700,700,25,4,a_pe
701,701,61,3,bicicleta
702,702,61,2,a_pe
703,703,61,4,onibus
704,704,88,3,a_pe
705,705,8,3,metro
706,706,94,3,a_pe
707,707,122,3,a_pe
708,708,41,1,bicicleta
709,709,53,2,carro
710,710,93,4,bicicleta
711,711,69,4,onibus
712,712,59,3,a_pe
713,713,105,2,bicicleta
714,714,21,1,a_pe
715,715,66,2,a_pe
716,716,103,1,carro
717,717,35,1,bicicleta
718,718,121,1,onibus
719,719,105,1,onibus
720,720,9,4,a_pe
721,721,74,2,onibus
722,722,112,2,a_pe
723,723,31,4,carro
724,724,14,4,onibus
725,725,31,2,metro
726,726,45,1,bicicleta
727,727,16,2,metro
728,728,84,2,metro
729,729,65,3,carro
730,730,116,3,carro
731,731,89,3,carro
732,732,103,3,a_pe
733,733,126,2,a_pe
734,734,71,4,bicicleta
735,735,112,2,carro
736,736,41,4,a_pe
737,737,123,1,a_pe
738,738,44,1,a_pe
739,739,123,4,bicicleta
740,740,54,4,bicicleta
741,741,103,3,metro
742,742,116,1,a_pe
743,743,20,2,a_pe
744,744,59,2,metro
745,745,62,4,onibus
746,746,110,2,carro
747,747,130,2,onibus
748,748,74,4,bicicleta
749,749,115,4,bicicleta
750,750,8,1,metro
751,751,69,1,metro
752,752,126,1,metro
753,753,119,4,metro
754,754,45,1,carro
755,755,60,4,onibus
756,756,9,2,a_pe
757,757,26,2,carro
758,758,101,1,bicicleta
759,759,30,2,carro
760,760,58,2,bicicleta
761,761,115,3,carro
762,762,34,4,metro
763,763,107,2,bicicleta
764,764,37,1,onibus
765,765,115,2,carro
766,766,118,2,onibus
767,767,10,3,metro
768,768,28,1,bicicleta
769,769,130,1,bicicleta
770,770,25,1,metro
771,771,42,4,bicicleta
772,772,55,4,a_pe
773,773,121,4,bicicleta
774,774,31,1,metro
775,775,129,1,a_pe
776,776,26,3,onibus
777,777,83,2,a_pe
778,778,49,1,metro
779,779,67,4,bicicleta
780,780,126,3,bicicleta
781,781,19,3,onibus
782,782,96,4,a_pe
783,783,77,1,bicicleta
784,784,42,3,onibus
785,785,84,2,onibus
786,786,70,3,bicicleta
787,787,100,4,carro
788,788,36,3,onibus
789,789,121,3,onibus
790,790,52,4,bicicleta
791,791,42,3,bicicleta
792,792,113,2,carro
793,793,11,1,onibus
794,794,111,4,carro
795,795,115,2,bicicleta
796,796,62,4,metro
797,797,22,3,a_pe
798,798,105,3,onibus
799,799,21,2,carro
800,800,83,2,onibus
801,801,89,2,metro
802,802,127,4,metro
803,803,52,3,carro
804,804,91,3,carro
805,805,85,1,metro
806,806,92,1,a_pe
807,807,78,3,bicicleta
808,808,21,3,carro
809,809,105,4,a_pe
810,810,128,4,metro
811,811,35,4,a_pe
812,812,90,4,bicicleta
813,813,29,1,a_pe
814,814,45,1,a_pe
815,815,30,1,a_pe
816,816,59,2,a_pe
817,817,101,4,bicicleta
818,818,123,3,onibus
819,819,82,1,a_pe
820,820,31,4,metro
821,821,26,1,a_pe
822,822,54,3,bicicleta
823,823,6,2,a_pe
824,824,13,3,carro
825,825,43,3,onibus
826,826,91,2,bicicleta
827,827,15,3,a_pe
828,828,47,1,carro
829,829,100,3,bicicleta
830,830,43,1,carro
831,831,78,2,metro
832,832,73,2,carro
833,833,96,4,onibus
834,834,95,2,metro
835,835,112,2,carro
836,836,120,1,onibus
837,837,89,4,carro
838,838,117,4,metro
839,839,58,2,bicicleta
840,840,99,1,carro
841,841,73,3,a_pe
842,842,128,1,a_pe
843,843,5,3,metro
844,844,48,1,a_pe
845,845,52,2,onibus
846,846,61,2,a_pe
847,847,123,1,onibus
848,848,74,3,carro
849,849,55,2,onibus
850,850,101,3,a_pe
851,851,92,4,onibus
852,852,103,2,a_pe
853,853,47,1,bicicleta
854,854,73,4,carro
855,855,47,3,metro
856,856,118,4,bicicleta
857,857,81,4,bicicleta
858,858,124,1,a_pe
859,859,96,4,bicicleta
860,860,86,1,bicicleta
861,861,56,3,onibus
862,862,18,4,carro
863,863,87,3,a_pe
864,864,29,2,onibus
865,865,65,4,bicicleta
866,866,102,3,carro
867,867,45,4,carro
868,868,119,4,a_pe
869,869,7,4,onibus
870,870,71,3,carro
871,871,75,2,carro
872,872,74,3,a_pe
873,873,41,2,metro
874,874,114,4,carro
875,875,44,1,onibus
876,876,97,3,a_pe
877,877,51,2,a_pe
878,878,63,1,onibus
879,879,124,3,a_pe
880,880,25,4,a_pe
881,881,118,1,bicicleta
882,882,12,3,metro
883,883,62,2,onibus
884,884,10,3,carro
885,885,55,2,onibus
886,886,59,3,a_pe
887,887,10,4,a_pe
888,888,86,3,bicicleta
889,889,104,2,metro
890,890,35,4,carro
891,891,47,2,bicicleta
892,892,71,2,metro
893,893,34,1,carro
894,894,79,2,metro
895,895,50,3,bicicleta
896,896,46,2,bicicleta
897,897,107,2,onibus
898,898,125,4,a_pe
899,899,60,3,metro
900,900,38,4,bicicleta
901,901,62,1,onibus
902,902,77,1,onibus
903,903,24,1,onibus
904,904,10,1,metro
905,905,119,2,a_pe
906,906,56,4,onibus
907,907,64,1,bicicleta
908,908,96,4,carro
909,909,44,1,a_pe
910,910,129,2,a_pe
911,911,93,4,a_pe
912,912,49,1,metro
913,913,115,3,metro
914,914,50,1,onibus
915,915,24,2,bicicleta
916,916,19,3,metro
917,917,52,2,a_pe
918,918,46,2,a_pe
919,919,14,4,a_pe
920,920,100,4,onibus
921,921,53,2,carro
922,922,22,2,metro
923,923,72,1,onibus
924,924,109,1,a_pe
925,925,117,1,onibus
926,926,61,4,carro
927,927,44,4,onibus
928,928,74,2,carro
929,929,76,4,carro
930,930,78,1,a_pe
931,931,100,3,onibus
932,932,63,2,onibus
933,933,123,2,metro
934,934,33,1,carro
935,935,114,2,carro
936,936,81,4,a_pe
937,937,27,1,a_pe
938,938,41,1,onibus
939,939,112,2,a_pe
940,940,49,1,carro
941,941,18,4,carro
942,942,76,4,a_pe
943,943,72,2,metro
944,944,83,4,metro
945,945,127,2,a_pe
946,946,72,4,onibus
947,947,25,3,bicicleta
948,948,125,4,metro
949,949,118,3,carro
950,950,122,3,onibus
951,951,13,2,onibus
952,952,89,1,carro
953,953,123,3,metro
954,954,46,2,carro
955,955,78,3,metro
956,956,125,1,onibus
957,957,104,4,carro
958,958,39,4,onibus
959,959,48,3,carro
960,960,51,1,carro
961,961,45,2,onibus
962,962,5,2,onibus
963,963,86,2,bicicleta
964,964,74,4,onibus
965,965,85,4,onibus
966,966,36,4,onibus
967,967,113,3,metro
968,968,13,2,onibus
969,969,107,1,onibus
970,970,41,4,bicicleta
971,971,67,4,carro
972,972,23,1,onibus
973,973,119,1,bicicleta
974,974,41,4,carro
975,975,43,2,carro
976,976,91,3,a_pe
977,977,125,4,metro
978,978,28,2,bicicleta
979,979,12,3,carro
980,980,41,1,a_pe
981,981,16,1,carro
982,982,128,4,a_pe
983,983,32,2,bicicleta
984,984,32,4,bicicleta
985,985,111,1,a_pe
986,986,6,4,carro
987,987,91,4,metro
988,988,96,2,carro
989,989,102,2,bicicleta
990,990,85,3,onibus
991,991,64,3,metro
992,992,11,3,a_pe
993,993,66,1,onibus
994,994,44,2,onibus
995,995,92,4,a_pe
996,996,21,4,metro
997,997,117,2,carro
998,998,48,2,bicicleta
999,999,25,4,carro
1000,1000,32,2,metro
1001,1001,94,4,metro
1002,1002,115,2,carro
1003,1003,12,4,metro
1004,1004,43,2,a_pe
1005,1005,35,2,metro
1006,1006,114,1,onibus
1007,1007,38,4,carro
1008,1008,59,4,carro
1009,1009,123,1,metro
1010,1010,72,1,bicicleta
1011,1011,130,3,carro
1012,1012,120,1,bicicleta
1013,1013,45,2,onibus
1014,1014,32,4,onibus
1015,1015,113,1,onibus
1016,1016,93,1,carro
1017,1017,101,3,metro
1018,1018,32,1,carro
1019,1019,102,1,bicicleta
1020,1020,74,1,bicicleta
1021,1021,80,2,carro
1022,1022,10,4,onibus
1023,1023,12,4,a_pe
1024,1024,69,3,bicicleta
1025,1025,55,3,carro
1026,1026,71,3,metro
1027,1027,25,3,metro
1028,1028,113,4,a_pe
1029,1029,54,3,a_pe
1030,1030,47,3,a_pe
1031,1031,112,3,carro
1032,1032,129,2,bicicleta
1033,1033,27,4,a_pe
1034,1034,48,1,onibus
1035,1035,82,2,metro
1036,1036,107,3,metro
1037,1037,95,4,a_pe
1038,1038,44,3,metro
1039,1039,114,2,metro
1040,1040,16,4,a_pe
1041,1041,12,3,metro
1042,1042,29,1,carro
1043,1043,82,4,onibus
1044,1044,93,3,metro
1045,1045,100,1,metro
1046,1046,90,3,a_pe
1047,1047,117,4,a_pe
1048,1048,84,2,onibus
1049,1049,27,3,onibus
1050,1050,42,2,bicicleta
1051,1051,54,2,a_pe
1052,1052,23,2,onibus
1053,1053,122,4,carro
1054,1054,86,3,metro
1055,1055,32,4,metro
1056,1056,85,3,a_pe
1057,1057,130,4,a_pe
1058,1058,32,1,a_pe
1059,1059,45,3,bicicleta
1060,1060,23,4,a_pe
1061,1061,50,3,a_pe
1062,1062,114,1,carro
1063,1063,91,4,metro
1064,1064,86,1,metro
1065,1065,96,4,bicicleta
1066,1066,123,3,bicicleta
1067,1067,124,1,carro
1068,1068,90,3,metro
1069,1069,125,2,a_pe
1070,1070,73,4,a_pe
1071,1071,19,1,a_pe
1072,1072,45,1,carro
1073,1073,55,1,onibus
1074,1074,124,3,carro
1075,1075,51,1,onibus
1076,1076,68,3,bicicleta
1077,1077,85,1,bicicleta
1078,1078,71,4,bicicleta
1079,1079,116,4,onibus
1080,1080,16,3,bicicleta
1081,1081,72,1,onibus
1082,1082,67,1,bicicleta
1083,1083,61,2,bicicleta
1084,1084,63,1,onibus
1085,1085,98,2,a_pe
1086,1086,69,2,onibus
1087,1087,50,4,metro
1088,1088,87,3,metro
1089,1089,12,4,onibus
1090,1090,52,1,onibus
1091,1091,56,4,a_pe
1092,1092,83,1,carro
1093,1093,39,2,carro
1094,1094,102,2,a_pe
1095,1095,117,2,onibus
1096,1096,82,3,a_pe
1097,1097,15,1,metro
1098,1098,90,2,metro
1099,1099,68,1,onibus
1100,1100,125,4,metro
1101,1101,21,3,a_pe
1102,1102,51,2,onibus
1103,1103,125,2,metro
1104,1104,108,1,metro
1105,1105,115,3,bicicleta
1106,1106,83,1,carro
1107,1107,57,3,metro
1108,1108,129,1,a_pe
1109,1109,22,1,onibus
1110,1110,87,3,a_pe
1111,1111,31,1,onibus
1112,1112,72,4,a_pe
1113,1113,116,1,onibus
1114,1114,77,4,bicicleta
1115,1115,125,2,carro
1116,1116,7,3,carro
1117,1117,123,3,carro
1118,1118,84,2,onibus
1119,1119,75,1,metro
1120,1120,129,1,metro
1121,1121,50,3,a_pe
1122,1122,5,4,metro
1123,1123,37,1,metro
1124,1124,50,1,carro
1125,1125,40,1,a_pe
1126,1126,119,4,carro
1127,1127,101,4,onibus
1128,1128,88,4,metro
1129,1129,85,3,metro
1130,1130,57,1,metro
1131,1131,16,3,carro
1132,1132,120,2,bicicleta
1133,1133,41,1,a_pe
1134,1134,111,2,onibus
1135,1135,109,4,bicicleta
1136,1136,113,3,carro
1137,1137,90,3,carro
1138,1138,73,3,onibus
1139,1139,27,2,metro
1140,1140,61,4,a_pe
1141,1141,92,1,metro
1142,1142,17,1,a_pe
1143,1143,101,4,a_pe
1144,1144,21,3,metro
1145,1145,62,2,carro
1146,1146,37,3,carro
1147,1147,118,1,bicicleta
1148,1148,9,4,a_pe
1149,1149,67,3,metro
1150,1150,13,1,bicicleta
1151,1151,29,1,a_pe
1152,1152,31,3,carro
1153,1153,30,4,onibus
1154,1154,7,3,metro
1155,1155,47,4,carro
1156,1156,39,2,metro
1157,1157,63,2,carro
1158,1158,31,3,bicicleta
1159,1159,114,4,metro
1160,1160,130,3,bicicleta
1161,1161,58,2,metro
1162,1162,25,3,metro
1163,1163,48,1,metro
1164,1164,127,2,a_pe
1165,1165,124,4,carro
1166,1166,88,4,bicicleta
1167,1167,5,2,metro
1168,1168,71,3,a_pe
1169,1169,116,1,metro
1170,1170,123,4,onibus
1171,1171,48,4,a_pe
1172,1172,98,3,metro
1173,1173,25,2,onibus
1174,1174,113,2,onibus
1175,1175,9,3,onibus
1176,1176,86,2,metro
1177,1177,89,3,metro
1178,1178,128,1,metro
1179,1179,33,4,metro
1180,1180,75,3,carro
1181,1181,122,2,carro
1182,1182,111,1,onibus
1183,1183,21,1,carro
1184,1184,89,4,metro
1185,1185,74,2,a_pe
1186,1186,53,4,bicicleta
1187,1187,40,2,a_pe
1188,1188,116,3,bicicleta
1189,1189,53,3,bicicleta
1190,1190,14,4,bicicleta
1191,1191,93,3,onibus
1192,1192,112,2,carro
1193,1193,42,3,carro
1194,1194,36,2,bicicleta
1195,1195,54,4,a_pe
1196,1196,29,4,carro
1197,1197,79,3,metro
1198,1198,74,2,onibus
1199,1199,69,4,onibus
1200,1200,55,4,a_pe
1201,1201,34,2,carro
1202,1202,28,1,bicicleta
1203,1203,15,1,carro
1204,1204,38,1,a_pe
1205,1205,70,2,carro
1206,1206,82,4,a_pe
1207,1207,5,3,carro
1208,1208,90,1,onibus
1209,1209,123,3,onibus
1210,1210,125,4,carro
1211,1211,87,3,a_pe
1212,1212,55,3,onibus
1213,1213,130,2,a_pe
1214,1214,66,3,bicicleta
1215,1215,119,1,a_pe
1216,1216,50,2,carro
1217,1217,17,2,bicicleta
1218,1218,36,3,carro
1219,1219,57,2,bicicleta
1220,1220,32,2,carro
1221,1221,90,3,a_pe
1222,1222,113,3,onibus
1223,1223,47,2,metro
1224,1224,95,2,onibus
1225,1225,81,3,a_pe
1226,1226,56,1,carro
1227,1227,77,4,a_pe
1228,1228,57,3,a_pe
1229,1229,15,2,carro
1230,1230,77,2,metro
1231,1231,104,3,carro
1232,1232,17,3,a_pe
1233,1233,67,4,bicicleta
1234,1234,98,2,bicicleta
1235,1235,80,2,carro
1236,1236,91,2,bicicleta
1237,1237,17,3,bicicleta
1238,1238,33,4,metro
1239,1239,101,3,metro
1240,1240,83,1,bicicleta
1241,1241,124,2,onibus
1242,1242,102,1,a_pe
1243,1243,93,4,a_pe
1244,1244,93,3,carro
1245,1245,104,4,bicicleta
1246,1246,60,4,metro
1247,1247,21,1,a_pe
1248,1248,13,1,onibus
1249,1249,56,3,carro
1250,1250,112,1,bicicleta
1251,1251,23,4,bicicleta
1252,1252,68,1,bicicleta
1253,1253,96,4,onibus
1254,1254,96,1,carro
1255,1255,34,4,carro
1256,1256,126,1,carro
1257,1257,101,3,onibus
1258,1258,78,1,bicicleta
1259,1259,108,3,bicicleta
1260,1260,73,3,onibus
1261,1261,113,1,a_pe
1262,1262,41,2,a_pe
1263,1263,15,3,metro
1264,1264,23,4,carro
1265,1265,8,3,carro
1266,1266,15,2,metro
1267,1267,72,3,bicicleta
1268,1268,77,2,a_pe
1269,1269,8,1,onibus
1270,1270,100,2,carro
1271,1271,62,3,metro
1272,1272,121,1,bicicleta
1273,1273,77,1,onibus
1274,1274,8,3,bicicleta
1275,1275,123,2,carro
1276,1276,56,1,onibus
1277,1277,118,2,bicicleta
1278,1278,85,3,carro
1279,1279,90,4,metro
1280,1280,56,2,onibus
1281,1281,88,3,onibus
1282,1282,70,1,onibus
1283,1283,75,4,a_pe
1284,1284,61,1,carro
1285,1285,123,2,bicicleta
1286,1286,50,4,bicicleta
1287,1287,7,2,carro
1288,1288,40,1,a_pe
1289,1289,39,2,bicicleta
1290,1290,25,2,carro
1291,1291,77,3,bicicleta
1292,1292,69,4,a_pe
1293,1293,126,1,bicicleta
1294,1294,96,4,carro
1295,1295,128,3,onibus
1296,1296,27,1,metro
1297,1297,35,3,bicicleta
1298,1298,53,1,carro
1299,1299,82,2,a_pe
1300,1300,10,4,metro
1301,1301,64,2,metro
1302,1302,47,2,a_pe
1303,1303,39,2,a_pe
1304,1304,16,1,metro
1305,1305,113,4,onibus
1306,1306,95,3,a_pe
1307,1307,18,4,metro
1308,1308,112,3,a_pe
1309,1309,98,3,carro
1310,1310,69,4,onibus
1311,1311,99,1,bicicleta
1312,1312,60,3,a_pe
1313,1313,20,3,a_pe
1314,1314,78,3,bicicleta
1315,1315,36,3,a_pe
1316,1316,97,1,onibus
1317,1317,60,4,bicicleta
1318,1318,48,4,a_pe
1319,1319,130,4,bicicleta
1320,1320,82,3,metro
1321,1321,98,2,carro
1322,1322,84,4,carro
1323,1323,107,2,bicicleta
1324,1324,31,1,metro
1325,1325,87,4,onibus
1326,1326,116,2,metro
1327,1327,53,1,metro
1328,1328,105,4,onibus
1329,1329,85,3,a_pe
1330,1330,117,3,metro
1331,1331,116,2,a_pe
1332,1332,73,2,a_pe
1333,1333,99,1,metro
1334,1334,62,1,a_pe
1335,1335,14,4,carro
1336,1336,73,1,a_pe
1337,1337,41,4,onibus
1338,1338,93,2,onibus
1339,1339,37,4,carro
1340,1340,43,3,a_pe
1341,1341,45,4,a_pe
1342,1342,33,4,metro
1343,1343,55,2,bicicleta
1344,1344,90,1,metro
1345,1345,122,2,metro
1346,1346,118,2,metro
1347,1347,115,1,carro
1348,1348,128,2,onibus
1349,1349,12,2,a_pe
1350,1350,81,2,onibus
1351,1351,43,4,bicicleta
1352,1352,125,2,a_pe
1353,1353,97,1,onibus
1354,1354,27,2,metro
1355,1355,47,4,bicicleta
1356,1356,108,2,a_pe
1357,1357,85,4,carro
1358,1358,81,1,onibus
1359,1359,27,2,bicicleta
1360,1360,111,2,bicicleta
1361,1361,24,1,onibus
1362,1362,34,2,a_pe
1363,1363,6,3,carro
1364,1364,118,4,carro
1365,1365,96,1,bicicleta
1366,1366,118,3,onibus
1367,1367,123,4,carro
1368,1368,82,1,onibus
1369,1369,130,2,bicicleta
1370,1370,24,2,metro
1371,1371,116,4,bicicleta
1372,1372,59,3,bicicleta
1373,1373,35,2,a_pe
1374,1374,76,2,onibus
1375,1375,35,1,onibus
1376,1376,96,2,metro
1377,1377,76,2,metro
1378,1378,122,4,a_pe
1379,1379,100,2,a_pe
1380,1380,13,3,onibus
1381,1381,41,4,a_pe
1382,1382,14,3,carro
1383,1383,118,4,onibus
1384,1384,120,3,bicicleta
1385,1385,18,1,onibus
1386,1386,6,4,bicicleta
1387,1387,82,3,metro
1388,1388,107,2,metro
1389,1389,124,2,onibus
1390,1390,100,4,bicicleta
1391,1391,79,3,bicicleta
1392,1392,79,2,metro
1393,1393,10,1,onibus
1394,1394,92,1,onibus
1395,1395,66,2,metro
1396,1396,23,2,a_pe
1397,1397,43,4,bicicleta
1398,1398,35,1,onibus
1399,1399,84,3,carro
1400,1400,20,1,bicicleta
1401,1401,126,2,carro
1402,1402,102,3,carro
1403,1403,24,3,metro
1404,1404,67,3,metro
1405,1405,39,3,onibus
1406,1406,108,4,bicicleta
1407,1407,47,3,a_pe
1408,1408,100,4,onibus
1409,1409,24,2,bicicleta
1410,1410,21,2,onibus
1411,1411,12,1,carro
1412,1412,61,1,bicicleta
1413,1413,115,1,onibus
1414,1414,42,2,bicicleta
1415,1415,61,2,metro
1416,1416,129,3,onibus
1417,1417,8,2,carro
1418,1418,23,3,onibus
1419,1419,46,4,metro
1420,1420,18,1,a_pe
1421,1421,102,2,a_pe
1422,1422,112,3,carro
1423,1423,119,1,bicicleta
1424,1424,64,4,a_pe
1425,1425,111,4,onibus
1426,1426,93,4,a_pe
1427,1427,86,4,metro
1428,1428,77,4,metro
1429,1429,97,1,carro
1430,1430,26,4,carro
1431,1431,106,1,onibus
1432,1432,126,1,carro
1433,1433,13,1,onibus
1434,1434,72,2,carro
1435,1435,122,2,metro
1436,1436,11,4,carro
1437,1437,17,1,a_pe
1438,1438,57,2,carro
1439,1439,119,1,carro
1440,1440,118,2,bicicleta
1441,1441,70,1,onibus
1442,1442,44,4,onibus
1443,1443,110,3,carro
1444,1444,58,1,carro
1445,1445,112,1,bicicleta
1446,1446,43,3,onibus
1447,1447,65,1,carro
1448,1448,21,1,carro
1449,1449,66,2,onibus
1450,1450,118,4,bicicleta
1451,1451,74,4,carro
1452,1452,123,2,a_pe
1453,1453,33,2,metro
1454,1454,116,3,carro
1455,1455,19,2,metro
1456,1456,91,2,carro
1457,1457,75,1,metro
1458,1458,92,1,onibus
1459,1459,32,4,a_pe
1460,1460,6,1,metro
1461,1461,35,2,carro
1462,1462,74,2,metro
1463,1463,47,1,a_pe
1464,1464,27,4,carro
1465,1465,90,1,carro
1466,1466,65,1,bicicleta
1467,1467,125,2,metro
1468,1468,69,4,onibus
1469,1469,38,1,a_pe
1470,1470,17,3,metro
1471,1471,48,3,metro
1472,1472,108,3,bicicleta
1473,1473,121,1,bicicleta
1474,1474,78,2,carro
1475,1475,110,3,carro
1476,1476,62,3,a_pe
1477,1477,85,3,metro
1478,1478,30,2,onibus
1479,1479,39,1,metro
1480,1480,120,1,carro
1481,1481,75,1,bicicleta
1482,1482,20,3,bicicleta
1483,1483,49,2,carro
1484,1484,5,4,metro
1485,1485,82,2,carro
1486,1486,126,1,bicicleta
1487,1487,107,3,bicicleta
1488,1488,13,3,metro
1489,1489,61,2,metro
1490,1490,32,1,metro
1491,1491,109,2,bicicleta
1492,1492,53,3,carro
1493,1493,56,3,onibus
1494,1494,114,2,metro
1495,1495,6,1,carro
1496,1496,29,3,a_pe
1497,1497,127,2,a_pe
1498,1498,81,3,onibus
1499,1499,32,2,carro
1500,1500,55,3,onibus
1501,1501,74,2,carro
1502,1502,117,1,carro
1503,1503,60,1,metro
1504,1504,10,1,carro
1505,1505,10,4,bicicleta
1506,1506,120,2,carro
1507,1507,7,1,a_pe
1508,1508,110,4,onibus
1509,1509,107,4,onibus
1510,1510,17,1,bicicleta
1511,1511,97,2,onibus
1512,1512,114,4,metro
1513,1513,44,4,metro
1514,1514,27,1,carro
1515,1515,51,2,metro
1516,1516,113,4,carro
1517,1517,30,1,a_pe
1518,1518,130,3,metro
1519,1519,109,4,onibus
1520,1520,106,2,metro
1521,1521,37,1,onibus
1522,1522,9,2,carro
1523,1523,78,2,a_pe
1524,1524,112,3,bicicleta
1525,1525,15,2,carro
1526,1526,9,1,metro
1527,1527,23,4,carro
1528,1528,6,4,carro
1529,1529,130,4,bicicleta
1530,1530,97,3,metro
1531,1531,122,2,carro
1532,1532,15,1,metro
1533,1533,107,4,carro
1534,1534,28,1,carro
1535,1535,79,2,bicicleta
1536,1536,95,3,onibus
1537,1537,54,2,carro
1538,1538,117,3,a_pe
1539,1539,64,2,a_pe
1540,1540,87,4,bicicleta
1541,1541,105,2,bicicleta
1542,1542,90,2,onibus
1543,1543,49,3,onibus
1544,1544,111,3,a_pe
1545,1545,5,3,carro
1546,1546,116,2,metro
1547,1547,6,3,metro
1548,1548,37,3,bicicleta
1549,1549,19,3,bicicleta
1550,1550,76,2,a_pe
1551,1551,71,4,carro
1552,1552,42,2,metro
1553,1553,91,4,metro
1554,1554,19,3,onibus
1555,1555,23,1,metro
1556,1556,130,1,onibus
1557,1557,74,1,onibus
1558,1558,33,1,onibus
1559,1559,19,3,onibus
1560,1560,67,3,carro
1561,1561,129,4,bicicleta
1562,1562,106,4,metro
1563,1563,14,4,metro
1564,1564,37,3,carro
1565,1565,34,1,carro
1566,1566,32,3,carro
1567,1567,124,4,carro
1568,1568,119,3,onibus
1569,1569,106,2,metro
1570,1570,75,2,bicicleta
1571,1571,86,1,a_pe
1572,1572,15,2,a_pe
1573,1573,88,1,bicicleta
1574,1574,118,3,bicicleta
1575,1575,73,1,a_pe
1576,1576,33,2,a_pe
1577,1577,20,3,a_pe
1578,1578,33,3,carro
1579,1579,42,2,bicicleta
1580,1580,44,4,bicicleta
1581,1581,109,4,metro
1582,1582,102,4,metro
1583,1583,11,2,metro
1584,1584,30,2,metro
1585,1585,101,2,a_pe
1586,1586,12,3,bicicleta
1587,1587,38,2,metro
1588,1588,66,3,onibus
1589,1589,25,4,carro
1590,1590,48,3,bicicleta
1591,1591,28,3,carro
1592,1592,76,1,metro
1593,1593,35,2,onibus
1594,1594,8,1,bicicleta
1595,1595,50,3,bicicleta
1596,1596,98,1,carro
1597,1597,100,1,carro
1598,1598,35,2,a_pe
1599,1599,33,4,carro
1600,1600,120,1,bicicleta
1601,1601,78,3,carro
1602,1602,68,1,bicicleta
1603,1603,116,1,metro
1604,1604,110,2,carro
1605,1605,102,1,a_pe
1606,1606,24,1,carro
1607,1607,129,4,onibus
1608,1608,34,2,carro
1609,1609,38,4,metro
1610,1610,106,2,a_pe
1611,1611,12,2,carro
1612,1612,46,3,a_pe
1613,1613,29,3,bicicleta
1614,1614,20,3,onibus
1615,1615,114,3,a_pe
1616,1616,130,4,onibus
1617,1617,76,1,a_pe
1618,1618,122,3,bicicleta
1619,1619,22,2,metro
1620,1620,84,4,a_pe
1621,1621,51,2,bicicleta
1622,1622,86,3,onibus
1623,1623,86,3,onibus
1624,1624,80,1,bicicleta
1625,1625,101,2,a_pe
1626,1626,40,3,a_pe
1627,1627,40,3,a_pe
1628,1628,49,2,carro
1629,1629,7,4,a_pe
1630,1630,116,2,metro
1631,1631,65,2,a_pe
1632,1632,41,2,carro
1633,1633,101,2,a_pe
1634,1634,19,2,onibus
1635,1635,42,4,metro
1636,1636,11,4,onibus
1637,1637,88,1,bicicleta
1638,1638,47,2,onibus
1639,1639,37,2,bicicleta
1640,1640,123,4,metro
1641,1641,24,2,onibus
1642,1642,11,2,a_pe
1643,1643,50,3,a_pe
1644,1644,41,4,carro
1645,1645,92,3,bicicleta
1646,1646,30,4,a_pe
1647,1647,67,2,carro
1648,1648,126,2,onibus
1649,1649,56,1,bicicleta
1650,1650,36,3,onibus
1651,1651,26,4,carro
1652,1652,104,1,bicicleta
1653,1653,32,2,carro
1654,1654,121,4,carro
1655,1655,65,2,carro
1656,1656,33,3,a_pe
1657,1657,25,1,carro
1658,1658,42,2,a_pe
1659,1659,22,4,a_pe
1660,1660,113,1,bicicleta
1661,1661,73,2,a_pe
1662,1662,99,4,onibus
1663,1663,16,2,a_pe
1664,1664,13,1,a_pe
1665,1665,54,4,metro
1666,1666,28,2,onibus
1667,1667,94,4,a_pe
1668,1668,49,3,onibus
1669,1669,43,3,a_pe
1670,1670,66,2,onibus
1671,1671,103,3,carro
1672,1672,33,2,a_pe
1673,1673,98,4,bicicleta
1674,1674,105,4,bicicleta
1675,1675,17,4,metro
1676,1676,63,4,metro
1677,1677,106,3,metro
1678,1678,78,4,onibus
1679,1679,101,4,metro
1680,1680,9,1,a_pe
1681,1681,80,2,metro
1682,1682,95,2,bicicleta
1683,1683,79,1,a_pe
1684,1684,69,4,metro
1685,1685,90,3,a_pe
1686,1686,33,2,onibus
1687,1687,18,4,bicicleta
1688,1688,119,1,a_pe
1689,1689,23,4,bicicleta
1690,1690,72,4,a_pe
1691,1691,33,3,onibus
1692,1692,123,1,carro
1693,1693,113,4,metro
1694,1694,43,3,a_pe
1695,1695,71,3,onibus
1696,1696,9,3,a_pe
1697,1697,83,3,a_pe
1698,1698,101,2,bicicleta
1699,1699,34,4,onibus
1700,1700,54,4,metro
1701,1701,121,1,bicicleta
1702,1702,61,2,bicicleta
1703,1703,55,4,metro
1704,1704,87,4,a_pe
1705,1705,62,4,metro
1706,1706,84,4,a_pe
1707,1707,34,3,metro
1708,1708,65,2,a_pe
1709,1709,6,1,a_pe
1710,1710,51,3,onibus
1711,1711,37,1,bicicleta
1712,1712,40,1,metro
1713,1713,127,2,bicicleta
1714,1714,78,1,onibus
1715,1715,13,4,carro
1716,1716,122,2,bicicleta
1717,1717,87,2,onibus
1718,1718,108,4,bicicleta
1719,1719,6,4,a_pe
1720,1720,114,4,onibus
1721,1721,122,2,carro
1722,1722,58,1,a_pe
1723,1723,59,3,onibus
1724,1724,118,2,bicicleta
1725,1725,87,1,metro
1726,1726,118,1,metro
1727,1727,26,2,carro
1728,1728,42,4,a_pe
1729,1729,15,4,carro
1730,1730,16,4,carro
1731,1731,76,4,a_pe
1732,1732,57,2,a_pe
1733,1733,50,4,onibus
1734,1734,43,2,bicicleta
1735,1735,108,2,metro
1736,1736,101,2,metro
1737,1737,129,3,onibus
1738,1738,84,1,metro
1739,1739,104,4,bicicleta
1740,1740,14,4,a_pe
1741,1741,103,3,bicicleta
1742,1742,76,3,a_pe
1743,1743,61,3,metro
1744,1744,61,2,carro
1745,1745,77,3,onibus
1746,1746,91,4,onibus
1747,1747,97,3,carro
1748,1748,64,2,onibus
1749,1749,101,2,a_pe
1750,1750,39,4,carro
1751,1751,108,2,bicicleta
1752,1752,126,4,a_pe
1753,1753,96,3,a_pe
1754,1754,19,1,a_pe
1755,1755,57,1,a_pe
1756,1756,34,1,onibus
1757,1757,8,1,a_pe
1758,1758,77,4,a_pe
1759,1759,56,4,onibus
1760,1760,11,2,metro
1761,1761,6,1,metro
1762,1762,93,4,carro
1763,1763,103,2,metro
1764,1764,70,2,metro
1765,1765,36,3,carro
1766,1766,28,2,onibus
1767,1767,82,3,onibus
1768,1768,26,3,carro
1769,1769,88,4,metro
1770,1770,86,1,metro
1771,1771,99,1,metro
1772,1772,51,3,onibus
1773,1773,78,3,onibus
1774,1774,15,2,bicicleta
1775,1775,105,4,carro
1776,1776,38,3,metro
1777,1777,47,3,onibus
1778,1778,61,4,carro
1779,1779,58,2,a_pe
1780,1780,43,3,onibus
1781,1781,111,2,a_pe
1782,1782,23,4,carro
1783,1783,91,4,metro
1784,1784,12,2,onibus
1785,1785,41,2,onibus
1786,1786,56,1,carro
1787,1787,35,2,bicicleta
1788,1788,69,3,bicicleta
1789,1789,78,3,a_pe
1790,1790,10,1,a_pe
1791,1791,81,1,bicicleta
1792,1792,77,2,metro
1793,1793,105,4,onibus
1794,1794,12,3,carro
1795,1795,79,1,a_pe
1796,1796,17,1,metro
1797,1797,89,4,carro
1798,1798,59,1,a_pe
1799,1799,95,4,bicicleta
1800,1800,45,1,metro
1801,1801,81,1,metro
1802,1802,87,4,a_pe
1803,1803,84,1,carro
1804,1804,29,4,carro
1805,1805,14,3,metro
1806,1806,98,3,metro
1807,1807,112,4,onibus
1808,1808,34,4,a_pe
1809,1809,30,2,bicicleta
1810,1810,5,1,carro
1811,1811,120,1,carro
1812,1812,90,2,metro
1813,1813,88,4,bicicleta
1814,1814,118,3,carro
1815,1815,20,1,carro
1816,1816,103,2,metro
1817,1817,109,2,onibus
1818,1818,9,4,carro
1819,1819,74,4,metro
1820,1820,94,2,metro
1821,1821,38,4,bicicleta
1822,1822,13,2,carro
1823,1823,114,2,onibus
1824,1824,13,3,a_pe
1825,1825,87,3,a_pe
1826,1826,64,3,a_pe
1827,1827,33,2,carro
1828,1828,15,3,onibus
1829,1829,47,4,onibus
1830,1830,63,2,onibus
1831,1831,27,3,metro
1832,1832,24,1,bicicleta
1833,1833,63,2,carro
1834,1834,130,4,a_pe
1835,1835,19,4,carro
1836,1836,11,2,carro
1837,1837,86,2,onibus
1838,1838,10,3,a_pe
1839,1839,71,3,onibus
1840,1840,114,4,metro
1841,1841,67,2,carro
1842,1842,12,4,bicicleta
1843,1843,112,4,carro
1844,1844,38,1,metro
1845,1845,104,2,a_pe
1846,1846,29,1,onibus
1847,1847,107,3,onibus
1848,1848,121,2,metro
1849,1849,83,2,onibus
1850,1850,80,2,metro
1851,1851,14,2,metro
1852,1852,117,4,onibus
1853,1853,37,3,onibus
1854,1854,32,4,onibus
1855,1855,68,2,bicicleta
1856,1856,43,2,onibus
1857,1857,57,2,bicicleta
1858,1858,63,2,carro
1859,1859,47,1,metro
1860,1860,78,3,onibus
1861,1861,83,4,metro
1862,1862,73,3,carro
1863,1863,74,4,a_pe
1864,1864,84,2,onibus
1865,1865,53,1,metro
1866,1866,65,4,metro
1867,1867,129,3,bicicleta
1868,1868,123,4,a_pe
1869,1869,104,3,a_pe
1870,1870,130,1,metro
1871,1871,72,1,a_pe
1872,1872,82,3,carro
1873,1873,105,2,onibus
1874,1874,18,1,bicicleta
1875,1875,102,3,metro
1876,1876,15,4,onibus
1877,1877,47,4,a_pe
1878,1878,65,3,bicicleta
1879,1879,61,1,metro
1880,1880,39,1,onibus
1881,1881,126,2,bicicleta
1882,1882,23,1,onibus
1883,1883,39,2,metro
1884,1884,75,3,metro
1885,1885,37,4,bicicleta
1886,1886,56,3,carro
1887,1887,42,3,onibus
1888,1888,108,3,carro
1889,1889,38,3,bicicleta
1890,1890,70,1,a_pe
1891,1891,78,1,carro
1892,1892,35,4,bicicleta
1893,1893,72,3,bicicleta
1894,1894,86,3,carro
1895,1895,113,1,a_pe
1896,1896,9,2,a_pe
1897,1897,79,1,bicicleta
1898,1898,86,3,bicicleta
1899,1899,44,1,carro
1900,1900,91,2,onibus
1901,1901,129,1,metro
1902,1902,122,1,a_pe
1903,1903,64,4,metro
1904,1904,11,1,carro
1905,1905,34,1,metro
1906,1906,129,2,metro
1907,1907,30,4,a_pe
1908,1908,62,1,carro
1909,1909,23,4,bicicleta
1910,1910,22,3,metro
1911,1911,74,3,onibus
1912,1912,95,2,a_pe
1913,1913,80,1,metro
1914,1914,23,3,metro
1915,1915,122,2,metro
1916,1916,94,3,bicicleta
1917,1917,101,3,onibus
1918,1918,43,1,a_pe
1919,1919,27,4,carro
1920,1920,27,2,onibus
1921,1921,21,1,onibus
1922,1922,100,3,carro
1923,1923,88,3,carro
1924,1924,87,3,onibus
1925,1925,23,3,a_pe
1926,1926,94,1,onibus
1927,1927,91,1,a_pe
1928,1928,111,1,onibus
1929,1929,68,1,metro
1930,1930,118,4,a_pe
1931,1931,91,4,metro
1932,1932,6,3,onibus
1933,1933,95,3,a_pe
1934,1934,6,4,metro
1935,1935,115,4,metro
1936,1936,12,3,onibus
1937,1937,36,2,carro
1938,1938,6,3,carro
1939,1939,123,1,onibus
1940,1940,25,1,a_pe
1941,1941,76,3,a_pe
1942,1942,128,2,carro
1943,1943,30,4,onibus
1944,1944,40,3,carro
1945,1945,110,1,onibus
1946,1946,25,1,carro
1947,1947,35,1,metro
1948,1948,72,4,bicicleta
1949,1949,116,4,a_pe
1950,1950,63,4,carro
1951,1951,54,3,a_pe
1952,1952,119,2,a_pe
1953,1953,35,2,metro
1954,1954,9,3,bicicleta
1955,1955,100,1,a_pe
1956,1956,69,3,metro
1957,1957,15,1,bicicleta
1958,1958,65,1,onibus
1959,1959,101,3,a_pe
1960,1960,19,4,onibus
1961,1961,105,2,a_pe
1962,1962,94,2,bicicleta
1963,1963,21,3,a_pe
1964,1964,64,2,onibus
1965,1965,44,4,carro
1966,1966,25,3,onibus
1967,1967,70,2,metro
1968,1968,23,3,metro
1969,1969,84,4,bicicleta
1970,1970,60,3,a_pe
1971,1971,91,4,metro
1972,1972,126,2,metro
1973,1973,67,2,carro
1974,1974,115,2,bicicleta
1975,1975,26,1,metro
1976,1976,34,2,carro
1977,1977,126,1,a_pe
1978,1978,14,4,bicicleta
1979,1979,87,3,a_pe
1980,1980,7,3,a_pe
1981,1981,80,2,a_pe
1982,1982,37,3,onibus
1983,1983,123,3,a_pe
1984,1984,84,3,bicicleta
1985,1985,26,4,onibus
1986,1986,121,4,bicicleta
1987,1987,17,2,carro
1988,1988,128,2,bicicleta
1989,1989,91,1,metro
1990,1990,102,3,bicicleta
1991,1991,124,1,metro
1992,1992,45,4,metro
1993,1993,15,4,carro
1994,1994,65,4,onibus
1995,1995,43,3,onibus
1996,1996,43,2,carro
1997,1997,18,3,metro
1998,1998,93,4,carro
1999,1999,53,2,a_pe
2000,2000,14,4,onibus
2001,2001,37,4,carro
2002,2002,36,1,onibus
2003,2003,61,2,carro
2004,2004,64,4,a_pe
2005,2005,129,1,carro
2006,2006,104,2,onibus
2007,2007,112,2,bicicleta
2008,2008,95,4,bicicleta
2009,2009,31,4,carro
2010,2010,66,4,a_pe
2011,2011,106,2,a_pe
2012,2012,65,4,metro
2013,2013,44,2,carro
2014,2014,26,4,bicicleta
2015,2015,44,1,metro
2016,2016,113,4,a_pe
2017,2017,103,1,metro
2018,2018,101,2,a_pe
2019,2019,129,1,metro
2020,2020,40,4,a_pe
2021,2021,82,3,bicicleta
2022,2022,14,3,onibus
2023,2023,57,1,metro
2024,2024,113,4,carro
2025,2025,56,1,onibus
2026,2026,42,1,bicicleta
2027,2027,59,4,metro
2028,2028,23,3,bicicleta
2029,2029,124,4,bicicleta
2030,2030,128,3,bicicleta
2031,2031,14,1,a_pe
2032,2032,113,2,carro
2033,2033,63,1,a_pe
2034,2034,49,4,bicicleta
2035,2035,29,4,carro
2036,2036,13,2,onibus
2037,2037,48,3,onibus
2038,2038,50,2,bicicleta
2039,2039,8,4,bicicleta
2040,2040,58,3,a_pe
2041,2041,103,4,onibus
2042,2042,19,4,bicicleta
2043,2043,53,2,onibus
2044,2044,118,2,metro
2045,2045,29,4,metro
2046,2046,67,1,a_pe
2047,2047,52,2,bicicleta
2048,2048,14,2,a_pe
2049,2049,74,3,a_pe
2050,2050,93,2,metro
2051,2051,46,3,metro
2052,2052,51,1,metro
2053,2053,80,1,carro
2054,2054,51,4,metro
2055,2055,95,3,bicicleta
2056,2056,123,3,metro
2057,2057,42,1,carro
2058,2058,113,1,onibus
2059,2059,40,3,onibus
2060,2060,100,1,a_pe
2061,2061,87,4,a_pe
2062,2062,6,3,bicicleta
2063,2063,70,1,bicicleta
2064,2064,45,2,carro
2065,2065,32,1,carro
2066,2066,72,2,metro
2067,2067,24,3,a_pe
2068,2068,12,2,onibus
2069,2069,18,4,bicicleta
2070,2070,100,4,a_pe
2071,2071,129,1,metro
2072,2072,109,2,bicicleta
2073,2073,117,1,carro
2074,2074,83,4,carro
2075,2075,118,4,bicicleta
2076,2076,89,1,a_pe
2077,2077,75,1,carro
2078,2078,38,2,a_pe
2079,2079,107,1,onibus
2080,2080,45,2,bicicleta
2081,2081,33,2,a_pe
2082,2082,54,3,carro
2083,2083,80,2,carro
2084,2084,64,3,metro
2085,2085,11,2,carro
2086,2086,87,2,a_pe
2087,2087,125,4,bicicleta
2088,2088,100,3,carro
2089,2089,107,4,a_pe
2090,2090,98,1,onibus
2091,2091,103,3,carro
2092,2092,56,1,a_pe
2093,2093,122,1,bicicleta
2094,2094,130,4,carro
2095,2095,90,1,carro
2096,2096,61,4,a_pe
2097,2097,58,1,onibus
2098,2098,65,2,bicicleta
2099,2099,53,1,carro
2100,2100,100,4,metro
2101,2101,7,4,carro
2102,2102,122,1,metro
2103,2103,63,4,metro
2104,2104,125,4,metro
2105,2105,6,1,bicicleta
2106,2106,119,4,bicicleta
2107,2107,106,3,a_pe
2108,2108,112,3,metro
2109,2109,18,4,carro
2110,2110,116,3,a_pe
2111,2111,45,3,metro
2112,2112,107,4,bicicleta
2113,2113,42,3,metro
2114,2114,93,1,a_pe
2115,2115,117,3,onibus
2116,2116,110,3,carro
2117,2117,64,3,carro
2118,2118,126,4,metro
2119,2119,75,1,carro
2120,2120,86,4,a_pe
2121,2121,78,4,metro
2122,2122,72,1,carro
2123,2123,124,4,onibus
2124,2124,29,1,metro
2125,2125,106,2,metro
2126,2126,105,4,a_pe
2127,2127,32,1,a_pe
2128,2128,96,3,bicicleta
2129,2129,68,2,bicicleta
2130,2130,62,4,bicicleta
2131,2131,64,4,carro
2132,2132,79,4,carro
2133,2133,114,4,onibus
2134,2134,73,1,a_pe
2135,2135,50,2,carro
2136,2136,9,4,onibus
2137,2137,86,4,carro
2138,2138,19,1,a_pe
2139,2139,45,4,metro
2140,2140,110,3,carro
2141,2141,12,4,onibus
2142,2142,24,1,onibus
2143,2143,80,1,a_pe
2144,2144,109,2,a_pe
2145,2145,83,4,bicicleta
2146,2146,128,4,a_pe
2147,2147,25,4,bicicleta
2148,2148,94,2,metro
2149,2149,27,2,a_pe
2150,2150,123,2,a_pe
2151,2151,30,1,bicicleta
2152,2152,57,2,carro
2153,2153,29,4,bicicleta
2154,2154,69,1,metro
2155,2155,118,1,onibus
2156,2156,60,4,bicicleta
2157,2157,93,4,metro
2158,2158,59,4,onibus
2159,2159,52,4,bicicleta
2160,2160,16,3,a_pe
2161,2161,108,1,onibus
2162,2162,25,2,bicicleta
2163,2163,100,3,carro
2164,2164,42,1,a_pe
2165,2165,40,4,onibus
2166,2166,67,1,carro
2167,2167,10,1,a_pe
2168,2168,86,4,carro
2169,2169,121,2,bicicleta
2170,2170,47,2,onibus
2171,2171,9,3,carro
2172,2172,52,4,bicicleta
2173,2173,118,4,bicicleta
2174,2174,115,3,bicicleta
2175,2175,28,2,metro
2176,2176,115,2,onibus
2177,2177,7,4,carro
2178,2178,97,4,a_pe
2179,2179,44,1,carro
2180,2180,39,2,onibus
2181,2181,15,1,metro
2182,2182,122,3,metro
2183,2183,5,4,bicicleta
2184,2184,64,2,onibus
2185,2185,123,4,onibus
2186,2186,40,4,a_pe
2187,2187,72,4,onibus
2188,2188,127,1,a_pe
2189,2189,83,4,metro
2190,2190,20,1,a_pe
2191,2191,66,1,metro
2192,2192,35,1,carro
2193,2193,54,3,bicicleta
2194,2194,33,4,carro
2195,2195,82,1,onibus
2196,2196,57,4,carro
2197,2197,74,1,metro
2198,2198,59,4,metro
2199,2199,26,2,onibus
2200,2200,74,4,onibus
2201,2201,92,1,metro
2202,2202,17,2,onibus
2203,2203,95,3,onibus
2204,2204,116,4,metro
2205,2205,82,3,a_pe
2206,2206,75,2,carro
2207,2207,72,1,carro
2208,2208,55,1,bicicleta
2209,2209,23,3,a_pe
2210,2210,43,1,a_pe
2211,2211,77,3,metro
2212,2212,44,3,carro
2213,2213,107,1,a_pe
2214,2214,110,3,a_pe
2215,2215,59,4,onibus
2216,2216,111,4,metro
2217,2217,16,2,metro
2218,2218,130,2,bicicleta
2219,2219,124,2,bicicleta
2220,2220,52,1,onibus
2221,2221,122,4,a_pe
2222,2222,15,1,metro
2223,2223,22,1,a_pe
2224,2224,48,1,bicicleta
2225,2225,63,2,a_pe
2226,2226,90,4,onibus
2227,2227,116,3,onibus
2228,2228,98,1,bicicleta
2229,2229,33,2,onibus
2230,2230,82,1,carro
2231,2231,48,1,a_pe
2232,2232,90,4,metro
2233,2233,81,1,bicicleta
2234,2234,125,2,onibus
2235,2235,39,2,onibus
2236,2236,16,3,bicicleta
2237,2237,12,3,metro
2238,2238,66,2,onibus
2239,2239,15,4,a_pe
2240,2240,49,4,a_pe
2241,2241,123,2,metro
2242,2242,40,1,metro
2243,2243,70,4,carro
2244,2244,98,1,metro
2245,2245,127,3,onibus
2246,2246,11,1,bicicleta
2247,2247,50,2,metro
2248,2248,28,3,bicicleta
2249,2249,27,3,carro
2250,2250,106,3,onibus
2251,2251,96,4,a_pe
2252,2252,123,1,carro
2253,2253,78,2,metro
2254,2254,22,1,bicicleta
2255,2255,67,4,carro
2256,2256,109,4,onibus
2257,2257,75,2,bicicleta
2258,2258,26,3,carro
2259,2259,93,1,carro
2260,2260,33,2,onibus
2261,2261,106,1,a_pe
2262,2262,26,3,carro
2263,2263,53,1,carro
2264,2264,14,2,onibus
2265,2265,72,1,bicicleta
2266,2266,57,1,a_pe
2267,2267,125,1,bicicleta
2268,2268,68,1,metro
2269,2269,48,2,bicicleta
2270,2270,96,3,a_pe
2271,2271,115,2,metro
2272,2272,130,3,metro
2273,2273,120,1,carro
2274,2274,64,1,metro
2275,2275,60,3,bicicleta
2276,2276,103,3,bicicleta
2277,2277,28,3,a_pe
2278,2278,8,4,metro
2279,2279,106,4,bicicleta
2280,2280,25,1,carro
2281,2281,95,4,bicicleta
2282,2282,126,1,onibus
2283,2283,98,4,metro
2284,2284,122,1,metro
2285,2285,66,1,metro
2286,2286,94,4,onibus
2287,2287,54,4,onibus
2288,2288,54,4,metro
2289,2289,109,4,onibus
2290,2290,24,2,carro
2291,2291,15,1,metro
2292,2292,58,2,onibus
2293,2293,7,2,onibus
2294,2294,75,2,metro
2295,2295,7,1,carro
2296,2296,95,2,onibus
2297,2297,112,2,bicicleta
2298,2298,108,3,onibus
2299,2299,105,3,metro
2300,2300,16,1,bicicleta
2301,2301,81,2,metro
2302,2302,11,4,metro
2303,2303,15,2,bicicleta
2304,2304,64,2,bicicleta
2305,2305,74,4,metro
2306,2306,72,4,a_pe
2307,2307,14,2,onibus
2308,2308,43,2,metro
2309,2309,69,4,a_pe
2310,2310,69,1,bicicleta
2311,2311,5,1,a_pe
2312,2312,109,4,bicicleta
2313,2313,59,3,metro
2314,2314,96,4,a_pe
2315,2315,99,1,bicicleta
2316,2316,118,4,bicicleta
2317,2317,105,3,metro
2318,2318,52,2,bicicleta
2319,2319,84,1,metro
2320,2320,122,3,carro
2321,2321,126,1,metro
2322,2322,20,4,carro
2323,2323,37,3,onibus
2324,2324,106,3,carro
2325,2325,40,2,metro
2326,2326,31,3,carro
2327,2327,10,2,carro
2328,2328,96,3,carro
2329,2329,122,1,onibus
2330,2330,72,2,onibus
2331,2331,61,1,onibus
2332,2332,119,4,carro
2333,2333,73,3,metro
2334,2334,15,3,bicicleta
2335,2335,111,4,carro
2336,2336,91,4,onibus
2337,2337,76,4,metro
2338,2338,110,3,carro
2339,2339,68,4,a_pe
2340,2340,47,2,bicicleta
2341,2341,102,1,a_pe
2342,2342,106,4,bicicleta
2343,2343,33,3,metro
2344,2344,21,3,a_pe
2345,2345,72,1,onibus
2346,2346,6,1,a_pe
2347,2347,24,1,bicicleta
2348,2348,71,4,carro
2349,2349,104,3,a_pe
2350,2350,79,2,onibus
2351,2351,58,1,carro
2352,2352,91,1,a_pe
2353,2353,41,1,bicicleta
2354,2354,7,4,onibus
2355,2355,85,3,carro
2356,2356,48,1,bicicleta
2357,2357,93,4,carro
2358,2358,111,2,metro
2359,2359,100,1,a_pe
2360,2360,93,4,onibus
2361,2361,113,1,onibus
2362,2362,66,3,bicicleta
2363,2363,127,3,metro
2364,2364,129,3,metro
2365,2365,39,4,a_pe
2366,2366,20,2,onibus
2367,2367,53,3,a_pe
2368,2368,121,2,bicicleta
2369,2369,8,4,carro
2370,2370,29,3,bicicleta
2371,2371,88,2,metro
2372,2372,97,3,metro
2373,2373,47,3,onibus
2374,2374,35,2,metro
2375,2375,13,4,bicicleta
2376,2376,52,3,metro
2377,2377,22,2,metro
2378,2378,40,4,bicicleta
2379,2379,33,3,carro
2380,2380,20,4,bicicleta
2381,2381,68,2,a_pe
2382,2382,108,4,a_pe
2383,2383,106,2,onibus
2384,2384,44,2,bicicleta
2385,2385,68,1,bicicleta
2386,2386,70,3,metro
2387,2387,64,1,a_pe
2388,2388,97,4,carro
2389,2389,58,3,carro
2390,2390,51,2,bicicleta
2391,2391,114,2,bicicleta
2392,2392,38,1,metro
2393,2393,125,3,a_pe
2394,2394,60,4,carro
2395,2395,99,3,carro
2396,2396,124,3,onibus
2397,2397,58,4,bicicleta
2398,2398,127,3,metro
2399,2399,48,2,metro
2400,2400,70,2,a_pe
2401,2401,79,2,onibus
2402,2402,116,1,onibus
2403,2403,17,4,metro
2404,2404,19,2,bicicleta
2405,2405,74,2,onibus
2406,2406,122,2,onibus
2407,2407,93,1,carro
2408,2408,128,4,carro
2409,2409,62,2,metro
2410,2410,73,4,onibus
2411,2411,57,1,onibus
2412,2412,74,4,onibus
2413,2413,79,1,metro
2414,2414,125,4,carro
2415,2415,129,1,a_pe
2416,2416,80,3,bicicleta
2417,2417,9,3,onibus
2418,2418,70,3,onibus
2419,2419,42,4,a_pe
2420,2420,35,3,onibus
2421,2421,35,1,bicicleta
2422,2422,105,3,bicicleta
2423,2423,63,3,onibus
2424,2424,54,2,metro
2425,2425,26,3,carro
2426,2426,57,2,metro
2427,2427,59,4,onibus
2428,2428,127,2,metro
2429,2429,47,2,onibus
2430,2430,68,2,onibus
2431,2431,20,2,bicicleta
2432,2432,78,1,metro
2433,2433,8,3,onibus
2434,2434,7,2,a_pe
2435,2435,15,1,carro
2436,2436,120,1,carro
2437,2437,63,4,onibus
2438,2438,95,3,a_pe
2439,2439,22,2,metro
2440,2440,9,3,a_pe
2441,2441,78,4,a_pe
2442,2442,126,3,carro
2443,2443,30,3,a_pe
2444,2444,107,3,carro
2445,2445,69,2,bicicleta
2446,2446,46,3,a_pe
2447,2447,112,2,a_pe
2448,2448,31,2,metro
2449,2449,124,1,onibus
2450,2450,33,1,carro
2451,2451,63,1,a_pe
2452,2452,90,4,metro
2453,2453,35,3,metro
2454,2454,51,2,onibus
2455,2455,130,1,metro
2456,2456,86,1,bicicleta
2457,2457,41,1,onibus
2458,2458,18,1,metro
2459,2459,80,3,metro
2460,2460,11,4,bicicleta
2461,2461,18,4,carro
2462,2462,17,3,a_pe
2463,2463,49,4,a_pe
2464,2464,88,2,a_pe
2465,2465,10,4,onibus
2466,2466,85,3,metro
2467,2467,86,4,metro
2468,2468,102,4,carro
2469,2469,15,3,metro
2470,2470,52,2,carro
2471,2471,49,3,a_pe
2472,2472,99,2,metro
2473,2473,24,3,a_pe
2474,2474,102,4,a_pe
2475,2475,9,1,bicicleta
2476,2476,67,3,bicicleta
2477,2477,5,1,metro
2478,2478,53,1,bicicleta
2479,2479,33,3,bicicleta
2480,2480,17,3,onibus
2481,2481,43,1,bicicleta
2482,2482,105,3,bicicleta
2483,2483,110,3,onibus
2484,2484,12,3,bicicleta
2485,2485,82,4,carro
2486,2486,60,1,bicicleta
2487,2487,37,4,bicicleta
2488,2488,52,3,carro
2489,2489,81,3,a_pe
2490,2490,100,4,a_pe
2491,2491,51,3,a_pe
2492,2492,121,1,metro
2493,2493,36,3,onibus
2494,2494,10,1,carro
2495,2495,22,2,bicicleta
2496,2496,8,3,onibus
2497,2497,85,1,carro
2498,2498,8,4,a_pe
2499,2499,26,3,metro
2500,2500,7,1,metro
2501,2501,100,1,a_pe
2502,2502,22,2,onibus
2503,2503,80,3,metro
2504,2504,37,2,metro
2505,2505,8,2,carro
2506,2506,128,1,bicicleta
2507,2507,75,3,a_pe
2508,2508,63,4,metro
2509,2509,41,1,metro
2510,2510,127,4,metro
2511,2511,31,1,a_pe
2512,2512,33,3,a_pe
2513,2513,17,2,a_pe
2514,2514,99,1,bicicleta
2515,2515,61,4,carro
2516,2516,78,4,bicicleta
2517,2517,121,3,metro
2518,2518,100,3,metro
2519,2519,46,3,metro
2520,2520,108,3,carro
2521,2521,86,3,onibus
2522,2522,45,3,onibus
2523,2523,129,3,metro
2524,2524,58,1,carro
2525,2525,35,4,metro
2526,2526,118,3,metro
2527,2527,5,3,bicicleta
2528,2528,101,4,onibus
2529,2529,59,3,onibus
2530,2530,123,3,carro
2531,2531,99,2,carro
2532,2532,100,1,bicicleta
2533,2533,115,4,bicicleta
2534,2534,29,2,a_pe
2535,2535,47,4,bicicleta
2536,2536,92,1,onibus
2537,2537,46,3,onibus
2538,2538,72,1,a_pe
2539,2539,30,3,bicicleta
2540,2540,41,3,carro
2541,2541,49,1,carro
2542,2542,119,2,bicicleta
2543,2543,54,3,metro
2544,2544,66,1,carro
2545,2545,65,4,bicicleta
2546,2546,118,1,bicicleta
2547,2547,75,3,a_pe
2548,2548,75,2,carro
2549,2549,11,3,onibus
2550,2550,110,2,carro
2551,2551,44,1,metro
2552,2552,63,3,carro
2553,2553,38,4,onibus
2554,2554,20,3,metro
2555,2555,118,3,onibus
2556,2556,35,2,a_pe
2557,2557,78,2,a_pe
2558,2558,74,2,carro
2559,2559,9,2,onibus
2560,2560,20,1,carro
2561,2561,49,3,bicicleta
2562,2562,71,1,carro
2563,2563,54,1,a_pe
2564,2564,51,2,carro
2565,2565,86,2,onibus
2566,2566,84,4,a_pe
2567,2567,115,4,metro
2568,2568,44,1,a_pe
2569,2569,53,1,carro
2570,2570,100,3,a_pe
2571,2571,62,2,bicicleta
2572,2572,10,3,carro
2573,2573,48,3,metro
2574,2574,58,2,metro
2575,2575,29,1,bicicleta
2576,2576,85,2,onibus
2577,2577,94,2,onibus
2578,2578,96,1,bicicleta
2579,2579,20,1,onibus
2580,2580,32,4,a_pe
2581,2581,29,1,onibus
2582,2582,126,4,a_pe
2583,2583,105,1,bicicleta
2584,2584,93,4,bicicleta
2585,2585,104,4,onibus
2586,2586,93,4,a_pe
2587,2587,125,4,bicicleta
2588,2588,89,3,metro
2589,2589,110,2,onibus
2590,2590,60,3,onibus
2591,2591,81,2,metro
2592,2592,120,1,metro
2593,2593,67,2,carro
2594,2594,82,1,onibus
2595,2595,113,3,onibus
2596,2596,51,3,metro
2597,2597,81,2,carro
2598,2598,53,3,a_pe
2599,2599,89,2,bicicleta
2600,2600,117,3,metro
2601,2601,80,3,metro
2602,2602,114,4,metro
2603,2603,130,3,bicicleta
2604,2604,6,1,carro
2605,2605,103,2,carro
2606,2606,71,3,bicicleta
2607,2607,57,2,onibus
2608,2608,9,2,metro
2609,2609,112,2,onibus
2610,2610,25,1,onibus
2611,2611,121,2,a_pe
2612,2612,89,4,onibus
2613,2613,113,1,a_pe
2614,2614,34,3,carro
2615,2615,93,3,carro
2616,2616,50,1,carro
2617,2617,17,1,a_pe
2618,2618,113,4,onibus
2619,2619,43,2,a_pe
2620,2620,106,4,metro
2621,2621,42,3,metro
2622,2622,57,4,a_pe
2623,2623,102,1,carro
2624,2624,85,1,onibus
2625,2625,7,1,onibus
2626,2626,85,2,a_pe
2627,2627,119,3,bicicleta
2628,2628,18,2,carro
2629,2629,89,4,carro
2630,2630,113,3,a_pe
2631,2631,39,2,carro
2632,2632,24,4,carro
2633,2633,100,2,onibus
2634,2634,61,4,bicicleta
2635,2635,124,1,onibus
2636,2636,51,2,a_pe
2637,2637,27,3,a_pe
2638,2638,49,4,metro
2639,2639,119,2,a_pe
2640,2640,30,3,metro
2641,2641,113,3,bicicleta
2642,2642,75,1,bicicleta
2643,2643,12,1,onibus
2644,2644,123,1,metro
2645,2645,37,2,onibus
2646,2646,121,1,metro
2647,2647,62,4,a_pe
2648,2648,106,1,a_pe
2649,2649,128,4,metro
2650,2650,52,3,a_pe
2651,2651,74,4,carro
2652,2652,43,1,onibus
2653,2653,21,3,bicicleta
2654,2654,41,2,onibus
2655,2655,66,2,a_pe
2656,2656,37,2,onibus
2657,2657,130,3,onibus
2658,2658,89,3,a_pe
2659,2659,76,1,metro
2660,2660,60,4,onibus
2661,2661,60,1,a_pe
2662,2662,72,3,bicicleta
2663,2663,90,1,metro
2664,2664,54,2,bicicleta
2665,2665,93,2,a_pe
2666,2666,117,3,onibus
2667,2667,44,3,carro
2668,2668,5,4,metro
2669,2669,116,2,metro
2670,2670,119,1,bicicleta
2671,2671,123,4,onibus
2672,2672,33,2,carro
2673,2673,112,2,bicicleta
2674,2674,74,3,metro
2675,2675,68,1,carro
2676,2676,83,4,metro
2677,2677,40,3,carro
2678,2678,125,4,metro
2679,2679,108,3,a_pe
2680,2680,38,4,carro
2681,2681,77,4,carro
2682,2682,77,1,metro
2683,2683,17,1,onibus
2684,2684,14,3,metro
2685,2685,112,2,onibus
2686,2686,130,1,carro
2687,2687,118,3,bicicleta
2688,2688,73,1,metro
2689,2689,30,4,bicicleta
2690,2690,72,4,a_pe
2691,2691,9,2,metro
2692,2692,23,2,carro
2693,2693,17,1,metro
2694,2694,89,3,metro
2695,2695,27,3,carro
2696,2696,78,3,carro
2697,2697,62,1,metro
2698,2698,15,4,a_pe
2699,2699,74,1,onibus
2700,2700,109,1,metro
2701,2701,111,2,carro
2702,2702,65,1,a_pe
2703,2703,29,1,bicicleta
2704,2704,17,3,onibus
2705,2705,40,2,metro
2706,2706,61,3,a_pe
2707,2707,126,3,carro
2708,2708,92,3,carro
2709,2709,115,1,a_pe
2710,2710,102,2,metro
2711,2711,5,1,a_pe
2712,2712,48,3,bicicleta
2713,2713,63,4,carro
2714,2714,62,1,carro
2715,2715,99,1,a_pe
2716,2716,55,3,carro
2717,2717,86,1,a_pe
2718,2718,23,4,carro
2719,2719,24,1,metro
2720,2720,60,1,onibus
2721,2721,66,1,carro
2722,2722,125,4,metro
2723,2723,117,2,metro
2724,2724,82,3,carro
2725,2725,30,1,bicicleta
2726,2726,56,3,onibus
2727,2727,54,3,carro
2728,2728,117,1,bicicleta
2729,2729,89,1,carro
2730,2730,39,1,onibus
2731,2731,71,3,metro
2732,2732,71,1,bicicleta
2733,2733,39,2,onibus
2734,2734,104,4,bicicleta
2735,2735,55,1,bicicleta
2736,2736,80,1,bicicleta
2737,2737,64,4,carro
2738,2738,99,1,metro
2739,2739,17,1,bicicleta
2740,2740,118,4,onibus
2741,2741,129,4,bicicleta
2742,2742,99,1,carro
2743,2743,62,3,bicicleta
2744,2744,124,1,a_pe
2745,2745,113,4,onibus
2746,2746,59,3,a_pe
2747,2747,65,1,bicicleta
2748,2748,72,4,a_pe
2749,2749,68,3,onibus
2750,2750,98,4,bicicleta
2751,2751,27,1,metro
2752,2752,128,3,metro
2753,2753,88,3,a_pe
2754,2754,83,3,onibus
2755,2755,13,3,carro
2756,2756,124,1,carro
2757,2757,125,1,a_pe
2758,2758,70,3,onibus
2759,2759,18,1,onibus
2760,2760,53,4,bicicleta
2761,2761,67,2,carro
2762,2762,70,1,bicicleta
2763,2763,104,3,onibus
2764,2764,94,3,bicicleta
2765,2765,119,4,a_pe
2766,2766,62,3,a_pe
2767,2767,89,1,a_pe
2768,2768,78,3,carro
2769,2769,8,2,metro
2770,2770,17,2,carro
2771,2771,128,2,a_pe
2772,2772,76,2,bicicleta
2773,2773,88,4,bicicleta
2774,2774,84,3,a_pe
2775,2775,17,2,bicicleta
2776,2776,109,3,a_pe
2777,2777,7,1,onibus
2778,2778,59,3,carro
2779,2779,13,2,metro
2780,2780,98,3,onibus
2781,2781,27,2,bicicleta
2782,2782,102,4,bicicleta
2783,2783,83,2,onibus
2784,2784,30,1,carro
2785,2785,98,4,a_pe
2786,2786,126,1,carro
2787,2787,5,4,metro
2788,2788,99,4,metro
2789,2789,120,2,metro
2790,2790,49,3,metro
2791,2791,61,4,metro
2792,2792,20,1,bicicleta
2793,2793,75,3,metro
2794,2794,28,4,metro
2795,2795,61,2,onibus
2796,2796,60,4,a_pe
2797,2797,52,3,bicicleta
2798,2798,87,1,carro
2799,2799,125,4,metro
2800,2800,128,1,metro
2801,2801,63,3,metro
2802,2802,65,3,carro
2803,2803,130,1,bicicleta
2804,2804,103,2,onibus
2805,2805,96,4,bicicleta
2806,2806,110,2,bicicleta
2807,2807,38,1,a_pe
2808,2808,123,1,carro
2809,2809,125,4,a_pe
2810,2810,24,3,metro
2811,2811,62,1,bicicleta
2812,2812,124,1,a_pe
2813,2813,121,2,a_pe
2814,2814,93,1,onibus
2815,2815,39,4,metro
2816,2816,5,2,bicicleta
2817,2817,124,2,metro
2818,2818,79,4,bicicleta
2819,2819,122,4,onibus
2820,2820,103,4,a_pe
2821,2821,9,1,carro
2822,2822,90,2,carro
2823,2823,92,2,carro
2824,2824,41,2,onibus
2825,2825,10,2,bicicleta
2826,2826,78,2,metro
2827,2827,17,1,metro
2828,2828,56,4,carro
2829,2829,109,1,onibus
2830,2830,80,2,carro
2831,2831,110,3,metro
2832,2832,68,1,bicicleta
2833,2833,70,2,onibus
2834,2834,93,1,bicicleta
2835,2835,12,2,carro
2836,2836,29,1,a_pe
2837,2837,18,3,bicicleta
2838,2838,105,2,onibus
2839,2839,124,3,carro
2840,2840,49,1,bicicleta
2841,2841,21,4,carro
2842,2842,92,4,bicicleta
2843,2843,52,1,bicicleta
2844,2844,127,4,carro
2845,2845,69,3,a_pe
2846,2846,88,4,carro
2847,2847,74,2,metro
2848,2848,29,2,bicicleta
2849,2849,56,3,metro
2850,2850,109,3,onibus
2851,2851,43,4,carro
2852,2852,127,4,onibus
2853,2853,124,4,carro
2854,2854,22,4,carro
2855,2855,109,3,onibus
2856,2856,128,4,a_pe
2857,2857,106,1,metro
2858,2858,39,3,onibus
2859,2859,15,1,a_pe
2860,2860,90,1,onibus
2861,2861,25,3,onibus
2862,2862,111,1,onibus
2863,2863,93,4,onibus
2864,2864,63,4,metro
2865,2865,99,1,onibus
2866,2866,79,4,bicicleta
2867,2867,88,2,a_pe
2868,2868,98,2,onibus
2869,2869,53,3,a_pe
2870,2870,28,1,metro
2871,2871,11,4,metro
2872,2872,13,3,onibus
2873,2873,108,1,bicicleta
2874,2874,21,3,carro
2875,2875,32,2,bicicleta
2876,2876,50,3,onibus
2877,2877,90,3,a_pe
2878,2878,114,4,carro
2879,2879,23,4,onibus
2880,2880,95,4,metro
2881,2881,103,3,a_pe
2882,2882,121,2,a_pe
2883,2883,91,2,onibus
2884,2884,72,4,onibus
2885,2885,60,1,carro
2886,2886,39,4,metro
2887,2887,7,2,a_pe
2888,2888,41,3,carro
2889,2889,65,1,bicicleta
2890,2890,84,1,a_pe
2891,2891,92,4,metro
2892,2892,41,2,onibus
2893,2893,37,2,onibus
2894,2894,17,3,onibus
2895,2895,64,1,metro
2896,2896,128,4,a_pe
2897,2897,110,3,bicicleta
2898,2898,21,1,a_pe
2899,2899,12,2,bicicleta
2900,2900,108,2,bicicleta
2901,2901,42,2,a_pe
2902,2902,19,2,carro
2903,2903,23,3,a_pe
2904,2904,12,4,carro
2905,2905,90,2,metro
2906,2906,111,2,carro
2907,2907,93,4,onibus
2908,2908,58,3,onibus
2909,2909,106,1,carro
2910,2910,113,3,metro
2911,2911,38,1,carro
2912,2912,33,3,carro
2913,2913,59,3,a_pe
2914,2914,122,4,metro
2915,2915,82,4,onibus
2916,2916,109,1,onibus
2917,2917,22,1,a_pe
2918,2918,31,2,carro
2919,2919,124,4,carro
2920,2920,86,4,bicicleta
2921,2921,39,4,carro
2922,2922,119,4,a_pe
2923,2923,50,4,carro
2924,2924,53,4,a_pe
2925,2925,53,4,a_pe
2926,2926,107,3,bicicleta
2927,2927,96,1,metro
2928,2928,43,1,a_pe
2929,2929,122,3,onibus
2930,2930,32,2,carro
2931,2931,104,2,metro
2932,2932,19,4,carro
2933,2933,100,3,metro
2934,2934,94,2,carro
2935,2935,97,3,metro
2936,2936,20,3,a_pe
2937,2937,17,1,onibus
2938,2938,41,2,carro
2939,2939,125,1,onibus
2940,2940,47,1,bicicleta
2941,2941,127,2,a_pe
2942,2942,51,1,carro
2943,2943,56,1,carro
2944,2944,81,1,bicicleta
2945,2945,121,2,a_pe
2946,2946,57,3,metro
2947,2947,84,4,bicicleta
2948,2948,101,1,onibus
2949,2949,46,4,bicicleta
2950,2950,32,3,onibus
2951,2951,7,1,a_pe
2952,2952,50,1,bicicleta
2953,2953,47,1,metro
2954,2954,46,3,carro
2955,2955,19,2,a_pe
2956,2956,130,3,onibus
2957,2957,21,3,metro
2958,2958,128,2,onibus
2959,2959,90,3,bicicleta
2960,2960,46,1,metro
2961,2961,106,1,metro
2962,2962,106,1,carro
2963,2963,48,3,bicicleta
2964,2964,83,3,bicicleta
2965,2965,104,2,carro
2966,2966,13,4,onibus
2967,2967,60,4,carro
2968,2968,46,2,a_pe
2969,2969,108,1,onibus
2970,2970,74,1,onibus
2971,2971,87,4,onibus
2972,2972,31,2,bicicleta
2973,2973,10,2,metro
2974,2974,93,3,metro
2975,2975,73,2,a_pe
2976,2976,14,3,carro
2977,2977,129,1,a_pe
2978,2978,79,2,onibus
2979,2979,88,4,carro
2980,2980,14,3,bicicleta
2981,2981,20,1,onibus
2982,2982,115,3,a_pe
2983,2983,75,4,metro
2984,2984,53,1,onibus
2985,2985,68,2,a_pe
2986,2986,6,2,onibus
2987,2987,52,2,bicicleta
2988,2988,111,3,carro
2989,2989,10,2,carro
2990,2990,46,4,a_pe
2991,2991,33,1,metro
2992,2992,90,1,metro
2993,2993,20,2,onibus
2994,2994,129,2,carro
2995,2995,30,3,a_pe
2996,2996,53,4,metro
2997,2997,111,1,metro
2998,2998,123,4,metro
2999,2999,15,3,metro
3000,3000,80,3,carro
3001,3001,6,4,onibus
3002,3002,14,3,a_pe
3003,3003,98,1,metro
3004,3004,6,3,bicicleta
3005,3005,40,3,carro
3006,3006,124,4,carro
3007,3007,33,2,a_pe
3008,3008,121,1,onibus
3009,3009,66,3,bicicleta
3010,3010,18,2,metro
3011,3011,52,2,metro
3012,3012,127,2,a_pe
3013,3013,121,3,onibus
3014,3014,116,4,carro
3015,3015,19,1,onibus
3016,3016,62,3,a_pe
3017,3017,52,2,carro
3018,3018,127,3,carro
3019,3019,70,2,bicicleta
3020,3020,59,4,onibus
3021,3021,23,2,carro
3022,3022,103,4,bicicleta
3023,3023,5,3,onibus
3024,3024,66,2,onibus
3025,3025,94,1,a_pe
3026,3026,115,2,bicicleta
3027,3027,37,3,a_pe
3028,3028,130,2,a_pe
3029,3029,59,4,a_pe
3030,3030,29,1,metro
3031,3031,101,4,metro
3032,3032,93,4,metro
3033,3033,31,4,carro
3034,3034,44,4,onibus
3035,3035,20,1,metro
3036,3036,15,3,metro
3037,3037,113,3,bicicleta
3038,3038,110,2,bicicleta
3039,3039,34,3,metro
3040,3040,120,4,metro
3041,3041,70,2,bicicleta
3042,3042,118,1,carro
3043,3043,118,4,carro
3044,3044,100,4,onibus
3045,3045,42,1,metro
3046,3046,76,4,carro
3047,3047,44,4,a_pe
3048,3048,122,1,a_pe
3049,3049,40,1,metro
3050,3050,35,3,a_pe
3051,3051,71,2,bicicleta
3052,3052,113,2,carro
3053,3053,115,3,metro
3054,3054,34,3,onibus
3055,3055,56,3,metro
3056,3056,101,2,bicicleta
3057,3057,107,2,bicicleta
3058,3058,54,1,a_pe
3059,3059,94,2,a_pe
3060,3060,30,2,metro
3061,3061,84,1,bicicleta
3062,3062,22,3,a_pe
3063,3063,123,4,carro
3064,3064,50,3,carro
3065,3065,58,1,metro
3066,3066,89,1,bicicleta
3067,3067,57,4,carro
3068,3068,79,2,a_pe
3069,3069,81,3,bicicleta
3070,3070,19,2,bicicleta
3071,3071,87,4,carro
3072,3072,46,3,bicicleta
3073,3073,111,2,a_pe
3074,3074,68,1,bicicleta
3075,3075,98,3,bicicleta
3076,3076,15,1,bicicleta
3077,3077,100,3,onibus
3078,3078,111,2,a_pe
3079,3079,43,3,a_pe
3080,3080,65,2,bicicleta
3081,3081,17,1,bicicleta
3082,3082,69,3,carro
3083,3083,10,1,carro
3084,3084,62,1,bicicleta
3085,3085,27,2,onibus
3086,3086,92,4,onibus
3087,3087,65,2,carro
3088,3088,70,2,bicicleta
3089,3089,38,3,metro
3090,3090,126,4,onibus
3091,3091,86,1,carro
3092,3092,51,3,bicicleta
3093,3093,124,1,metro
3094,3094,123,3,onibus
3095,3095,25,1,a_pe
3096,3096,120,3,carro
3097,3097,108,4,carro
3098,3098,127,4,metro
3099,3099,55,3,onibus
3100,3100,114,2,a_pe
3101,3101,8,3,a_pe
3102,3102,10,2,metro
3103,3103,115,4,onibus
3104,3104,88,2,carro
3105,3105,7,4,bicicleta
3106,3106,28,1,metro
3107,3107,5,2,carro
3108,3108,70,1,metro
3109,3109,129,4,bicicleta
3110,3110,89,3,onibus
3111,3111,84,4,metro
3112,3112,94,3,carro
3113,3113,24,3,onibus
3114,3114,51,3,bicicleta
3115,3115,77,4,metro
3116,3116,34,3,bicicleta
3117,3117,13,3,carro
3118,3118,25,2,bicicleta
3119,3119,24,4,a_pe
3120,3120,105,1,metro
3121,3121,51,3,carro
3122,3122,76,3,carro
3123,3123,112,3,metro
3124,3124,25,1,carro
3125,3125,42,4,metro
3126,3126,112,1,metro
3127,3127,81,4,a_pe
3128,3128,35,2,carro
3129,3129,91,2,a_pe
3130,3130,8,4,metro
3131,3131,23,2,onibus
3132,3132,5,1,a_pe
3133,3133,15,3,carro
3134,3134,117,4,a_pe
3135,3135,29,2,bicicleta
3136,3136,118,3,onibus
3137,3137,55,4,metro
3138,3138,14,3,a_pe
3139,3139,86,4,carro
3140,3140,106,4,metro
3141,3141,68,3,a_pe
3142,3142,11,2,onibus
3143,3143,32,4,a_pe
3144,3144,36,4,onibus
3145,3145,21,4,bicicleta
3146,3146,63,1,a_pe
3147,3147,47,3,onibus
3148,3148,47,2,onibus
3149,3149,73,4,carro
3150,3150,74,3,metro
3151,3151,28,4,a_pe
3152,3152,98,1,a_pe
3153,3153,25,4,carro
3154,3154,118,4,onibus
3155,3155,6,2,carro
3156,3156,16,1,carro
3157,3157,115,2,bicicleta
3158,3158,62,1,metro
3159,3159,52,1,a_pe
3160,3160,16,3,bicicleta
3161,3161,61,3,carro
3162,3162,6,1,bicicleta
3163,3163,66,1,a_pe
3164,3164,39,3,onibus
3165,3165,107,4,onibus
3166,3166,86,2,carro
3167,3167,34,3,a_pe
3168,3168,18,1,carro
3169,3169,113,3,carro
3170,3170,28,3,onibus
3171,3171,106,2,a_pe
3172,3172,76,2,onibus
3173,3173,19,3,bicicleta
3174,3174,13,1,metro
3175,3175,123,1,bicicleta
3176,3176,129,2,bicicleta
3177,3177,49,2,onibus
3178,3178,14,4,bicicleta
3179,3179,46,1,carro
3180,3180,107,2,metro
3181,3181,118,2,carro
3182,3182,46,1,bicicleta
3183,3183,77,4,onibus
3184,3184,92,4,onibus
3185,3185,120,2,a_pe
3186,3186,114,4,a_pe
3187,3187,108,4,onibus
3188,3188,89,1,a_pe
3189,3189,102,1,a_pe
3190,3190,11,3,onibus
3191,3191,96,4,carro
3192,3192,8,3,onibus
3193,3193,16,2,metro
3194,3194,75,3,onibus
3195,3195,110,1,carro
3196,3196,97,3,onibus
3197,3197,63,1,carro
3198,3198,30,2,carro
3199,3199,33,1,a_pe
3200,3200,29,2,carro
3201,3201,60,1,carro
3202,3202,120,3,metro
3203,3203,24,3,onibus
3204,3204,13,2,carro
3205,3205,15,3,bicicleta
3206,3206,110,1,metro
3207,3207,58,2,a_pe
3208,3208,52,2,carro
3209,3209,126,2,a_pe
3210,3210,35,2,bicicleta
3211,3211,57,3,a_pe
3212,3212,8,4,bicicleta
3213,3213,39,3,a_pe
3214,3214,70,3,a_pe
3215,3215,11,2,onibus
3216,3216,84,3,a_pe
3217,3217,77,4,carro
3218,3218,77,1,metro
3219,3219,128,2,bicicleta
3220,3220,100,3,carro
3221,3221,109,3,bicicleta
3222,3222,32,1,a_pe
3223,3223,88,3,carro
3224,3224,63,3,carro
3225,3225,81,1,metro
3226,3226,108,2,onibus
3227,3227,66,4,onibus
3228,3228,117,3,a_pe
3229,3229,110,3,onibus
3230,3230,88,2,bicicleta
3231,3231,59,1,onibus
3232,3232,14,2,a_pe
3233,3233,57,1,onibus
3234,3234,70,1,bicicleta
3235,3235,96,1,metro
3236,3236,65,1,onibus
3237,3237,19,1,carro
3238,3238,63,1,bicicleta
3239,3239,88,3,carro
3240,3240,94,3,carro
3241,3241,45,2,metro
3242,3242,49,4,a_pe
3243,3243,22,1,onibus
3244,3244,77,3,onibus
3245,3245,127,1,onibus
3246,3246,77,3,carro
3247,3247,97,2,a_pe
3248,3248,50,2,onibus
3249,3249,57,3,carro
3250,3250,16,3,a_pe
3251,3251,27,1,onibus
3252,3252,5,4,a_pe
3253,3253,43,1,carro
3254,3254,35,4,a_pe
3255,3255,26,2,metro
3256,3256,69,3,carro
3257,3257,125,4,bicicleta
3258,3258,128,2,onibus
3259,3259,112,3,bicicleta
3260,3260,34,3,carro
3261,3261,73,1,onibus
3262,3262,97,4,metro
3263,3263,23,4,a_pe
3264,3264,115,1,bicicleta
3265,3265,91,1,metro
3266,3266,62,4,a_pe
3267,3267,36,1,onibus
3268,3268,6,2,carro
3269,3269,93,2,a_pe
3270,3270,130,3,bicicleta
3271,3271,33,2,carro
3272,3272,125,3,onibus
3273,3273,93,3,onibus
3274,3274,85,3,bicicleta
3275,3275,40,1,onibus
3276,3276,68,3,a_pe
3277,3277,116,4,metro
3278,3278,34,4,bicicleta
3279,3279,109,1,onibus
3280,3280,72,2,onibus
3281,3281,101,1,a_pe
3282,3282,53,1,carro
3283,3283,90,3,carro
3284,3284,73,4,onibus
3285,3285,37,2,carro
3286,3286,33,4,a_pe
3287,3287,57,4,a_pe
3288,3288,96,2,metro
3289,3289,112,3,carro
3290,3290,80,4,a_pe
3291,3291,8,4,onibus
3292,3292,27,4,metro
3293,3293,126,4,metro
3294,3294,31,1,carro
3295,3295,63,1,metro
3296,3296,19,4,a_pe
3297,3297,28,4,a_pe
3298,3298,71,2,a_pe
3299,3299,34,3,metro
3300,3300,72,1,carro
3301,3301,26,4,bicicleta
3302,3302,46,3,carro
3303,3303,55,1,a_pe
3304,3304,69,3,bicicleta
3305,3305,129,2,metro
3306,3306,14,1,metro
3307,3307,29,1,carro
3308,3308,43,2,onibus
3309,3309,66,3,metro
3310,3310,43,3,a_pe
3311,3311,37,3,onibus
3312,3312,41,3,a_pe
3313,3313,26,3,onibus
3314,3314,114,3,carro
3315,3315,120,1,a_pe
3316,3316,124,2,onibus
3317,3317,59,4,carro
3318,3318,112,1,a_pe
3319,3319,12,1,onibus
3320,3320,33,2,a_pe
3321,3321,80,1,carro
3322,3322,129,4,carro
3323,3323,107,2,onibus
3324,3324,21,1,a_pe
3325,3325,107,4,onibus
3326,3326,52,1,bicicleta
3327,3327,103,3,a_pe
3328,3328,80,1,metro
3329,3329,97,1,a_pe
3330,3330,11,1,a_pe
3331,3331,108,2,carro
3332,3332,24,1,a_pe
3333,3333,47,2,onibus
3334,3334,128,4,a_pe
3335,3335,23,2,a_pe
3336,3336,111,4,a_pe
3337,3337,124,4,metro
3338,3338,40,3,bicicleta
3339,3339,94,4,onibus
3340,3340,16,3,onibus
3341,3341,10,3,bicicleta
3342,3342,46,3,bicicleta
3343,3343,13,3,a_pe
3344,3344,49,1,a_pe
3345,3345,119,4,bicicleta
3346,3346,26,1,metro
3347,3347,61,1,bicicleta
3348,3348,127,3,metro
3349,3349,56,1,a_pe
3350,3350,20,4,a_pe
3351,3351,12,4,bicicleta
3352,3352,35,4,metro
3353,3353,117,1,onibus
3354,3354,103,4,carro
3355,3355,74,3,carro
3356,3356,64,1,metro
3357,3357,33,2,carro
3358,3358,75,1,bicicleta
3359,3359,95,4,metro
3360,3360,37,1,metro
3361,3361,7,1,carro
3362,3362,92,2,a_pe
3363,3363,117,2,carro
3364,3364,87,4,bicicleta
3365,3365,19,3,metro
3366,3366,126,2,onibus
3367,3367,48,1,bicicleta
3368,3368,68,4,metro
3369,3369,122,3,onibus
3370,3370,40,4,a_pe
3371,3371,16,1,onibus
3372,3372,9,4,onibus
3373,3373,78,3,bicicleta
3374,3374,114,1,a_pe
3375,3375,16,2,metro
3376,3376,78,4,carro
3377,3377,29,4,a_pe
3378,3378,104,1,carro
3379,3379,50,1,onibus
3380,3380,75,1,bicicleta
3381,3381,66,3,onibus
3382,3382,127,2,a_pe
3383,3383,43,2,a_pe
3384,3384,87,1,metro
3385,3385,48,1,carro
3386,3386,26,4,onibus
3387,3387,128,1,metro
3388,3388,44,1,carro
3389,3389,109,2,onibus
3390,3390,24,1,bicicleta
3391,3391,35,2,bicicleta
3392,3392,63,2,onibus
3393,3393,10,4,onibus
3394,3394,106,2,metro
3395,3395,109,4,bicicleta
3396,3396,105,3,a_pe
3397,3397,34,4,a_pe
3398,3398,52,4,carro
3399,3399,87,1,onibus
3400,3400,75,3,carro
3401,3401,22,1,a_pe
3402,3402,21,3,bicicleta
3403,3403,39,1,metro
3404,3404,68,4,carro
3405,3405,79,3,onibus
3406,3406,29,2,onibus
3407,3407,124,3,carro
3408,3408,51,2,metro
3409,3409,110,3,carro
3410,3410,42,3,metro
3411,3411,26,3,onibus
3412,3412,38,1,metro
3413,3413,101,4,metro
3414,3414,23,3,carro
3415,3415,72,4,onibus
3416,3416,35,2,metro
3417,3417,123,2,onibus
3418,3418,49,4,onibus
3419,3419,108,2,onibus
3420,3420,14,1,metro
3421,3421,68,2,metro
3422,3422,94,4,a_pe
3423,3423,96,1,bicicleta
3424,3424,28,1,metro
3425,3425,99,3,metro
3426,3426,99,2,onibus
3427,3427,109,1,onibus
3428,3428,18,1,bicicleta
3429,3429,75,2,onibus
3430,3430,69,4,bicicleta
3431,3431,77,2,metro
3432,3432,31,1,bicicleta
3433,3433,88,1,metro
3434,3434,71,1,bicicleta
3435,3435,76,4,onibus
3436,3436,25,1,bicicleta
3437,3437,24,4,bicicleta
3438,3438,86,1,bicicleta
3439,3439,20,3,metro
3440,3440,31,3,bicicleta
3441,3441,58,2,bicicleta
3442,3442,36,3,bicicleta
3443,3443,96,1,carro
3444,3444,130,4,a_pe
3445,3445,89,4,bicicleta
3446,3446,9,4,a_pe
3447,3447,76,4,bicicleta
3448,3448,11,2,carro
3449,3449,41,4,carro
3450,3450,39,2,metro
3451,3451,88,3,bicicleta
3452,3452,72,4,carro
3453,3453,70,3,onibus
3454,3454,93,2,a_pe
3455,3455,8,2,bicicleta
3456,3456,10,4,carro
3457,3457,37,2,metro
3458,3458,123,3,bicicleta
3459,3459,79,1,onibus
3460,3460,43,4,a_pe
3461,3461,74,2,a_pe
3462,3462,29,1,carro
3463,3463,119,4,carro
3464,3464,102,4,a_pe
3465,3465,91,1,carro
3466,3466,11,2,carro
3467,3467,73,3,carro
3468,3468,128,3,carro
3469,3469,35,4,a_pe
3470,3470,77,2,metro
3471,3471,121,4,metro
3472,3472,32,3,carro
3473,3473,92,4,onibus
3474,3474,69,1,onibus
3475,3475,122,4,carro
3476,3476,130,4,a_pe
3477,3477,108,1,carro
3478,3478,44,4,a_pe
3479,3479,52,3,bicicleta
3480,3480,12,3,a_pe
3481,3481,20,1,a_pe
3482,3482,10,4,onibus
3483,3483,17,3,onibus
3484,3484,125,2,metro
3485,3485,89,2,carro
3486,3486,119,4,onibus
3487,3487,53,3,bicicleta
3488,3488,47,3,metro
3489,3489,27,3,onibus
3490,3490,81,3,carro
3491,3491,32,4,onibus
3492,3492,107,3,bicicleta
3493,3493,70,3,bicicleta
3494,3494,89,4,onibus
3495,3495,73,1,a_pe
3496,3496,41,3,a_pe
3497,3497,100,3,a_pe
3498,3498,56,2,a_pe
3499,3499,88,2,a_pe
3500,3500,81,1,onibus
3501,3501,121,4,metro
3502,3502,87,1,metro
3503,3503,59,3,bicicleta
3504,3504,94,1,a_pe
3505,3505,64,3,a_pe
3506,3506,61,3,metro
3507,3507,29,3,onibus
3508,3508,77,4,onibus
3509,3509,46,3,carro
3510,3510,106,1,onibus
3511,3511,93,2,metro
3512,3512,29,3,metro
3513,3513,100,1,a_pe
3514,3514,97,2,a_pe
3515,3515,94,3,bicicleta
3516,3516,125,4,metro
3517,3517,17,3,metro
3518,3518,100,3,onibus
3519,3519,102,2,a_pe
3520,3520,119,1,onibus
3521,3521,20,3,bicicleta
3522,3522,113,3,metro
3523,3523,53,2,metro
3524,3524,31,1,onibus
3525,3525,61,3,a_pe
3526,3526,65,3,a_pe
3527,3527,23,1,carro
3528,3528,112,3,metro
3529,3529,7,1,onibus
3530,3530,71,4,a_pe
3531,3531,116,2,a_pe
3532,3532,26,4,metro
3533,3533,100,3,onibus
3534,3534,15,1,carro
3535,3535,77,4,a_pe
3536,3536,97,3,onibus
3537,3537,75,1,bicicleta
3538,3538,93,2,a_pe
3539,3539,15,3,onibus
3540,3540,104,2,onibus
3541,3541,80,3,bicicleta
3542,3542,26,2,a_pe
3543,3543,58,2,carro
3544,3544,31,3,a_pe
3545,3545,34,3,a_pe
3546,3546,98,1,bicicleta
3547,3547,107,4,bicicleta
3548,3548,102,2,carro
3549,3549,40,4,metro
3550,3550,112,4,carro
3551,3551,47,4,onibus
3552,3552,44,4,metro
3553,3553,62,3,a_pe
3554,3554,81,2,onibus
3555,3555,117,1,a_pe
3556,3556,14,2,metro
3557,3557,29,4,a_pe
3558,3558,70,1,metro
3559,3559,97,1,carro
3560,3560,50,3,metro
3561,3561,111,2,a_pe
3562,3562,36,4,a_pe
3563,3563,89,1,carro
3564,3564,91,1,carro
3565,3565,111,3,bicicleta
3566,3566,73,4,onibus
3567,3567,32,4,carro
3568,3568,29,2,metro
3569,3569,52,1,a_pe
3570,3570,36,2,bicicleta
3571,3571,63,4,carro
3572,3572,101,3,carro
3573,3573,97,3,onibus
3574,3574,112,1,carro
3575,3575,24,1,onibus
3576,3576,129,4,bicicleta
3577,3577,94,3,a_pe
3578,3578,57,1,onibus
3579,3579,91,4,a_pe
3580,3580,121,4,a_pe
3581,3581,78,2,bicicleta
3582,3582,77,2,a_pe
3583,3583,123,2,a_pe
3584,3584,86,1,a_pe
3585,3585,79,1,bicicleta
3586,3586,67,2,onibus
3587,3587,68,2,metro
3588,3588,71,1,onibus
3589,3589,18,2,a_pe
3590,3590,117,2,carro
3591,3591,5,2,onibus
3592,3592,83,3,metro
3593,3593,96,4,carro
3594,3594,104,4,a_pe
3595,3595,41,3,carro
3596,3596,57,2,metro
3597,3597,23,3,onibus
3598,3598,51,3,a_pe
3599,3599,64,3,bicicleta
3600,3600,116,1,carro
3601,3601,78,3,carro
3602,3602,66,3,metro
3603,3603,5,1,metro
3604,3604,73,2,metro
3605,3605,43,2,a_pe
3606,3606,115,1,carro
3607,3607,115,2,carro
3608,3608,29,1,onibus
3609,3609,36,4,metro
3610,3610,89,3,bicicleta
3611,3611,25,3,onibus
3612,3612,105,4,bicicleta
3613,3613,103,4,carro
3614,3614,67,2,bicicleta
3615,3615,92,3,metro
3616,3616,85,4,carro
3617,3617,112,1,metro
3618,3618,124,2,onibus
3619,3619,67,2,onibus
3620,3620,110,3,bicicleta
3621,3621,91,1,carro
3622,3622,54,1,metro
3623,3623,122,2,metro
3624,3624,39,4,onibus
3625,3625,34,2,onibus
3626,3626,35,2,a_pe
3627,3627,73,1,onibus
3628,3628,54,3,onibus
3629,3629,83,4,carro
3630,3630,23,2,bicicleta
3631,3631,127,3,carro
3632,3632,51,1,a_pe
3633,3633,85,2,metro
3634,3634,104,1,onibus
3635,3635,93,2,metro
3636,3636,107,3,carro
3637,3637,92,1,metro
3638,3638,10,4,onibus
3639,3639,5,3,carro
3640,3640,89,4,onibus
3641,3641,40,1,bicicleta
3642,3642,29,4,carro
3643,3643,5,4,carro
3644,3644,130,1,carro
3645,3645,112,1,onibus
3646,3646,70,2,metro
3647,3647,26,3,onibus
3648,3648,33,2,bicicleta
3649,3649,52,1,onibus
3650,3650,8,2,metro
3651,3651,27,2,metro
3652,3652,97,1,metro
3653,3653,77,2,bicicleta
3654,3654,45,1,carro
3655,3655,130,2,a_pe
3656,3656,34,3,onibus
3657,3657,27,2,onibus
3658,3658,96,3,bicicleta
3659,3659,15,4,onibus
3660,3660,11,1,bicicleta
3661,3661,110,3,metro
3662,3662,92,2,onibus
3663,3663,5,3,bicicleta
3664,3664,66,3,metro
3665,3665,109,1,carro
3666,3666,124,2,carro
3667,3667,112,1,bicicleta
3668,3668,87,3,onibus
3669,3669,84,4,bicicleta
3670,3670,105,1,a_pe
3671,3671,57,2,onibus
3672,3672,90,1,bicicleta
3673,3673,109,1,onibus
3674,3674,49,3,metro
3675,3675,98,1,a_pe
3676,3676,93,4,onibus
3677,3677,15,3,onibus
3678,3678,125,1,carro
3679,3679,91,2,onibus
3680,3680,57,3,carro
3681,3681,53,2,onibus
3682,3682,85,1,bicicleta
3683,3683,75,2,metro
3684,3684,95,4,metro
3685,3685,60,3,metro
3686,3686,87,2,bicicleta
3687,3687,63,2,carro
3688,3688,86,2,onibus
3689,3689,100,3,a_pe
3690,3690,49,4,a_pe
3691,3691,84,1,a_pe
3692,3692,61,1,metro
3693,3693,64,3,carro
3694,3694,95,1,onibus
3695,3695,34,1,carro
3696,3696,130,4,metro
3697,3697,46,2,metro
3698,3698,88,2,carro
3699,3699,103,4,onibus
3700,3700,63,2,onibus
3701,3701,55,4,bicicleta
3702,3702,70,4,bicicleta
3703,3703,112,4,onibus
3704,3704,78,2,onibus
3705,3705,96,2,metro
3706,3706,74,3,carro
3707,3707,10,3,onibus
3708,3708,23,4,onibus
3709,3709,59,4,bicicleta
3710,3710,89,3,carro
3711,3711,92,1,onibus
3712,3712,45,4,metro
3713,3713,26,3,bicicleta
3714,3714,38,1,bicicleta
3715,3715,101,1,a_pe
3716,3716,6,3,carro
3717,3717,111,2,a_pe
3718,3718,75,1,carro
3719,3719,120,4,onibus
3720,3720,48,4,carro
3721,3721,83,4,onibus
3722,3722,112,4,metro
3723,3723,79,1,metro
3724,3724,56,1,carro
3725,3725,110,2,metro
3726,3726,39,3,metro
3727,3727,29,3,metro
3728,3728,7,2,a_pe
3729,3729,81,4,bicicleta
3730,3730,70,2,metro
3731,3731,20,1,metro
3732,3732,121,1,bicicleta
3733,3733,48,2,onibus
3734,3734,87,3,a_pe
3735,3735,38,3,bicicleta
3736,3736,72,1,metro
3737,3737,38,3,onibus
3738,3738,48,3,a_pe
3739,3739,50,3,onibus
3740,3740,79,4,carro
3741,3741,94,2,bicicleta
3742,3742,103,3,onibus
3743,3743,37,3,carro
3744,3744,115,2,onibus
3745,3745,80,3,carro
3746,3746,45,3,carro
3747,3747,125,1,metro
3748,3748,101,2,onibus
3749,3749,111,1,a_pe
3750,3750,118,3,bicicleta
3751,3751,42,3,metro
3752,3752,28,2,metro
3753,3753,84,3,bicicleta
3754,3754,118,4,carro
3755,3755,24,4,bicicleta
3756,3756,110,4,metro
3757,3757,5,3,bicicleta
3758,3758,114,3,carro
3759,3759,7,3,a_pe
3760,3760,73,4,carro
3761,3761,13,4,metro
3762,3762,74,2,bicicleta
3763,3763,90,1,onibus
3764,3764,97,3,bicicleta
3765,3765,102,2,carro
3766,3766,18,2,onibus
3767,3767,20,3,a_pe
3768,3768,25,2,onibus
3769,3769,128,1,a_pe
3770,3770,130,4,carro
3771,3771,111,3,a_pe
3772,3772,33,4,metro
3773,3773,5,1,carro
3774,3774,110,2,metro
3775,3775,45,1,onibus
3776,3776,49,4,carro
3777,3777,6,4,carro
3778,3778,112,3,a_pe
3779,3779,77,3,onibus
3780,3780,38,4,a_pe
3781,3781,31,3,bicicleta
3782,3782,127,2,bicicleta
3783,3783,29,4,metro
3784,3784,52,4,a_pe
3785,3785,38,1,a_pe
3786,3786,20,4,carro
3787,3787,58,4,carro
3788,3788,120,4,a_pe
3789,3789,44,1,a_pe
3790,3790,32,2,a_pe
3791,3791,50,3,bicicleta
3792,3792,55,1,a_pe
3793,3793,19,1,onibus
3794,3794,59,4,a_pe
3795,3795,78,4,bicicleta
3796,3796,33,2,carro
3797,3797,119,4,metro
3798,3798,34,3,carro
3799,3799,30,4,bicicleta
3800,3800,122,2,bicicleta
3801,3801,121,3,onibus
3802,3802,49,4,metro
3803,3803,96,2,a_pe
3804,3804,81,3,a_pe
3805,3805,62,3,onibus
3806,3806,68,2,metro
3807,3807,94,2,a_pe
3808,3808,99,1,onibus
3809,3809,11,4,bicicleta
3810,3810,125,4,a_pe
3811,3811,54,1,carro
3812,3812,32,3,carro
3813,3813,9,2,carro
3814,3814,124,1,a_pe
3815,3815,91,3,carro
3816,3816,83,1,a_pe
3817,3817,18,3,a_pe
3818,3818,43,4,a_pe
3819,3819,5,3,a_pe
3820,3820,120,4,carro
3821,3821,59,1,metro
3822,3822,114,4,metro
3823,3823,89,2,carro
3824,3824,21,4,a_pe
3825,3825,27,2,a_pe
3826,3826,17,2,onibus
3827,3827,63,2,a_pe
3828,3828,54,3,a_pe
3829,3829,58,4,metro
3830,3830,82,1,a_pe
3831,3831,121,1,a_pe
3832,3832,120,2,a_pe
3833,3833,92,4,metro
3834,3834,123,2,a_pe
3835,3835,52,4,a_pe
3836,3836,14,3,a_pe
3837,3837,94,4,a_pe
3838,3838,50,4,onibus
3839,3839,58,3,onibus
3840,3840,119,2,metro
3841,3841,55,1,metro
3842,3842,109,2,carro
3843,3843,115,3,carro
3844,3844,98,4,metro
3845,3845,39,3,bicicleta
3846,3846,16,4,a_pe
3847,3847,39,2,a_pe
3848,3848,17,3,bicicleta
3849,3849,86,1,onibus
3850,3850,79,3,a_pe
3851,3851,70,1,bicicleta
3852,3852,36,2,bicicleta
3853,3853,86,1,a_pe
3854,3854,6,2,metro
3855,3855,100,1,carro
3856,3856,55,4,a_pe
3857,3857,6,3,metro
3858,3858,110,2,onibus
3859,3859,73,3,onibus
3860,3860,81,2,bicicleta
3861,3861,91,4,onibus
3862,3862,55,4,metro
3863,3863,44,3,a_pe
3864,3864,99,1,onibus
3865,3865,10,2,onibus
3866,3866,125,4,carro
3867,3867,72,4,metro
3868,3868,76,1,carro
3869,3869,12,3,carro
3870,3870,17,4,onibus
3871,3871,55,4,onibus
3872,3872,30,1,a_pe
3873,3873,30,3,carro
3874,3874,72,3,metro
3875,3875,78,4,onibus
3876,3876,85,1,carro
3877,3877,105,1,bicicleta
3878,3878,76,1,carro
3879,3879,113,4,carro
3880,3880,116,4,carro
3881,3881,72,3,onibus
3882,3882,26,3,bicicleta
3883,3883,36,4,onibus
3884,3884,110,2,bicicleta
3885,3885,81,2,a_pe
3886,3886,77,2,carro
3887,3887,90,3,carro
3888,3888,92,3,carro
3889,3889,105,1,carro
3890,3890,115,4,metro
3891,3891,88,1,onibus
3892,3892,80,3,metro
3893,3893,55,1,carro
3894,3894,94,3,a_pe
3895,3895,86,2,carro
3896,3896,52,4,a_pe
3897,3897,34,4,metro
3898,3898,11,3,onibus
3899,3899,22,1,a_pe
3900,3900,30,4,bicicleta
3901,3901,79,4,metro
3902,3902,117,1,a_pe
3903,3903,36,2,metro
3904,3904,116,3,a_pe
3905,3905,75,2,a_pe
3906,3906,78,3,a_pe
3907,3907,10,1,onibus
3908,3908,47,1,metro
3909,3909,39,2,onibus
3910,3910,113,4,metro
3911,3911,83,2,metro
3912,3912,98,3,a_pe
3913,3913,28,1,metro
3914,3914,38,2,metro
3915,3915,52,4,onibus
3916,3916,104,2,onibus
3917,3917,118,3,a_pe
3918,3918,44,2,onibus
3919,3919,33,4,onibus
3920,3920,53,2,bicicleta
3921,3921,83,4,metro
3922,3922,105,4,onibus
3923,3923,23,3,carro
3924,3924,56,3,carro
3925,3925,117,2,onibus
3926,3926,91,1,a_pe
3927,3927,55,1,a_pe
3928,3928,8,1,bicicleta
3929,3929,54,1,bicicleta
3930,3930,78,4,a_pe
3931,3931,44,3,metro
3932,3932,87,3,bicicleta
3933,3933,103,2,carro
3934,3934,51,4,onibus
3935,3935,57,1,carro
3936,3936,117,4,metro
3937,3937,36,4,onibus
3938,3938,57,1,onibus
3939,3939,101,1,metro
3940,3940,92,2,metro
3941,3941,13,2,metro
3942,3942,7,2,a_pe
3943,3943,68,2,a_pe
3944,3944,69,3,a_pe
3945,3945,34,1,bicicleta
3946,3946,16,4,bicicleta
3947,3947,130,1,metro
3948,3948,48,1,metro
3949,3949,97,3,metro
3950,3950,10,4,metro
3951,3951,69,3,bicicleta
3952,3952,100,1,carro
3953,3953,22,3,bicicleta
3954,3954,47,1,onibus
3955,3955,89,4,bicicleta
3956,3956,97,2,bicicleta
3957,3957,25,1,onibus
3958,3958,117,3,metro
3959,3959,86,4,a_pe
3960,3960,75,3,bicicleta
3961,3961,62,2,metro
3962,3962,129,3,a_pe
3963,3963,53,4,a_pe
3964,3964,124,4,bicicleta
3965,3965,21,2,onibus
3966,3966,8,4,metro
3967,3967,65,1,metro
3968,3968,120,4,a_pe
3969,3969,42,4,carro
3970,3970,34,3,onibus
3971,3971,72,2,carro
3972,3972,91,4,onibus
3973,3973,41,3,carro
3974,3974,104,3,carro
3975,3975,25,2,carro
3976,3976,86,4,carro
3977,3977,27,1,onibus
3978,3978,79,3,metro
3979,3979,114,1,carro
3980,3980,104,3,a_pe
3981,3981,112,3,bicicleta
3982,3982,80,2,onibus
3983,3983,117,1,bicicleta
3984,3984,102,4,onibus
3985,3985,121,1,a_pe
3986,3986,52,2,bicicleta
3987,3987,34,3,a_pe
3988,3988,62,4,onibus
3989,3989,127,1,carro
3990,3990,28,4,onibus
3991,3991,80,2,bicicleta
3992,3992,130,4,carro
3993,3993,42,3,metro
3994,3994,92,2,bicicleta
3995,3995,87,1,carro
3996,3996,32,4,metro
3997,3997,37,4,onibus
3998,3998,124,4,a_pe
3999,3999,69,1,carro
4000,4000,104,4,bicicleta
4001,4001,12,3,carro
4002,4002,37,3,metro
4003,4003,79,2,carro
4004,4004,70,2,carro
4005,4005,79,1,carro
4006,4006,74,1,bicicleta
4007,4007,62,3,carro
4008,4008,78,2,onibus
4009,4009,88,2,onibus
4010,4010,104,1,carro
4011,4011,71,4,a_pe
4012,4012,103,4,bicicleta
4013,4013,98,3,a_pe
4014,4014,13,3,onibus
4015,4015,54,3,a_pe
4016,4016,13,3,onibus
4017,4017,89,4,bicicleta
4018,4018,91,4,carro
4019,4019,128,1,onibus
4020,4020,46,4,a_pe
4021,4021,29,2,a_pe
4022,4022,120,2,carro
4023,4023,59,2,onibus
4024,4024,28,3,a_pe
4025,4025,74,4,carro
4026,4026,113,2,carro
4027,4027,66,4,a_pe
4028,4028,55,4,metro
4029,4029,59,1,metro
4030,4030,122,2,onibus
4031,4031,19,2,carro
4032,4032,46,4,onibus
4033,4033,50,3,a_pe
4034,4034,83,3,carro
4035,4035,93,1,bicicleta
4036,4036,91,3,onibus
4037,4037,81,4,bicicleta
4038,4038,31,2,a_pe
4039,4039,99,4,metro
4040,4040,106,1,bicicleta
4041,4041,23,2,a_pe
4042,4042,19,1,carro
4043,4043,80,4,onibus
4044,4044,129,2,metro
4045,4045,33,1,carro
4046,4046,62,2,metro
4047,4047,123,4,metro
4048,4048,21,3,metro
4049,4049,94,4,carro
4050,4050,127,1,onibus
4051,4051,59,2,carro
4052,4052,78,4,bicicleta
4053,4053,112,4,onibus
4054,4054,69,3,onibus
4055,4055,20,3,a_pe
4056,4056,61,4,onibus
4057,4057,54,2,onibus
4058,4058,93,3,bicicleta
4059,4059,129,2,bicicleta
4060,4060,11,4,metro
4061,4061,88,4,bicicleta
4062,4062,101,4,onibus
4063,4063,16,1,bicicleta
4064,4064,26,2,carro
4065,4065,103,3,onibus
4066,4066,112,2,a_pe
4067,4067,87,1,bicicleta
4068,4068,118,2,carro
4069,4069,89,4,carro
4070,4070,86,2,carro
4071,4071,87,3,onibus
4072,4072,113,3,bicicleta
4073,4073,42,2,onibus
4074,4074,43,3,carro
4075,4075,123,2,bicicleta
4076,4076,68,4,a_pe
4077,4077,90,3,a_pe
4078,4078,62,3,metro
4079,4079,101,4,a_pe
4080,4080,76,1,carro
4081,4081,129,3,metro
4082,4082,101,2,carro
4083,4083,109,1,metro
4084,4084,100,2,a_pe
4085,4085,31,2,metro
4086,4086,128,4,carro
4087,4087,112,1,bicicleta
4088,4088,17,3,carro
4089,4089,41,1,metro
4090,4090,8,3,metro
4091,4091,106,4,metro
4092,4092,50,1,bicicleta
4093,4093,127,2,onibus
4094,4094,45,4,bicicleta
4095,4095,59,3,carro
4096,4096,96,2,bicicleta
4097,4097,125,4,onibus
4098,4098,108,2,onibus
4099,4099,106,3,metro
4100,4100,91,4,onibus
4101,4101,9,1,bicicleta
4102,4102,11,4,metro
4103,4103,41,4,carro
4104,4104,24,1,metro
4105,4105,116,2,carro
4106,4106,56,2,carro
4107,4107,42,2,a_pe
4108,4108,58,2,bicicleta
4109,4109,126,2,onibus
4110,4110,59,4,carro
4111,4111,38,3,a_pe
4112,4112,117,4,a_pe
4113,4113,11,2,a_pe
4114,4114,129,1,a_pe
4115,4115,11,1,onibus
4116,4116,77,3,carro
4117,4117,66,3,metro
4118,4118,121,2,carro
4119,4119,104,4,bicicleta
4120,4120,37,2,a_pe
4121,4121,16,1,a_pe
4122,4122,87,1,bicicleta
4123,4123,49,4,bicicleta
4124,4124,18,1,a_pe
4125,4125,112,1,bicicleta
4126,4126,76,4,carro
4127,4127,122,1,carro
4128,4128,75,1,bicicleta
4129,4129,85,4,metro
4130,4130,35,2,a_pe
4131,4131,71,3,onibus
4132,4132,69,4,onibus
4133,4133,78,3,a_pe
4134,4134,15,3,a_pe
4135,4135,111,2,onibus
4136,4136,6,1,onibus
4137,4137,38,4,onibus
4138,4138,105,3,onibus
4139,4139,60,3,a_pe
4140,4140,71,3,bicicleta
4141,4141,9,1,metro
4142,4142,120,4,onibus
4143,4143,118,4,onibus
4144,4144,123,3,a_pe
4145,4145,113,2,bicicleta
4146,4146,15,1,metro
4147,4147,106,4,carro
4148,4148,27,2,a_pe
4149,4149,106,2,a_pe
4150,4150,88,4,metro
4151,4151,120,2,onibus
4152,4152,97,3,a_pe
4153,4153,5,1,metro
4154,4154,55,1,carro
4155,4155,118,4,metro
4156,4156,84,2,a_pe
4157,4157,54,2,metro
4158,4158,54,2,onibus
4159,4159,17,2,carro
4160,4160,23,1,carro
4161,4161,96,4,a_pe
4162,4162,34,1,metro
4163,4163,95,4,metro
4164,4164,69,1,onibus
4165,4165,75,1,metro
4166,4166,20,4,bicicleta
4167,4167,74,3,metro
4168,4168,51,1,metro
4169,4169,99,3,bicicleta
4170,4170,28,4,metro
4171,4171,68,3,a_pe
4172,4172,72,2,carro
4173,4173,47,1,bicicleta
4174,4174,71,4,bicicleta
4175,4175,19,2,metro
4176,4176,77,1,a_pe
4177,4177,24,2,metro
4178,4178,75,2,metro
4179,4179,84,2,a_pe
4180,4180,45,3,onibus
4181,4181,104,2,bicicleta
4182,4182,65,1,carro
4183,4183,123,3,carro
4184,4184,108,3,onibus
4185,4185,107,3,carro
4186,4186,67,3,carro
4187,4187,29,2,carro
4188,4188,130,1,metro
4189,4189,58,1,a_pe
4190,4190,9,2,carro
4191,4191,79,1,carro
4192,4192,91,1,onibus
4193,4193,93,4,onibus
4194,4194,65,4,bicicleta
4195,4195,77,4,a_pe
4196,4196,101,3,metro
4197,4197,93,4,onibus
4198,4198,5,3,carro
4199,4199,101,3,carro
4200,4200,68,3,metro
4201,4201,68,3,metro
4202,4202,64,2,a_pe
4203,4203,31,2,a_pe
4204,4204,113,3,metro
4205,4205,62,2,carro
4206,4206,44,3,bicicleta
4207,4207,126,4,onibus
4208,4208,25,2,a_pe
4209,4209,121,3,onibus
4210,4210,42,2,a_pe
4211,4211,81,2,onibus
4212,4212,12,1,metro
4213,4213,49,3,metro
4214,4214,115,3,onibus
4215,4215,22,4,onibus
4216,4216,70,3,metro
4217,4217,69,4,onibus
4218,4218,125,4,carro
4219,4219,9,1,metro
4220,4220,115,4,carro
4221,4221,75,4,a_pe
4222,4222,76,2,a_pe
4223,4223,112,2,a_pe
4224,4224,53,2,carro
4225,4225,55,1,onibus
4226,4226,47,2,onibus
4227,4227,74,1,carro
4228,4228,90,3,a_pe
4229,4229,82,3,onibus
4230,4230,46,1,carro
4231,4231,105,1,carro
4232,4232,79,3,bicicleta
4233,4233,6,4,onibus
4234,4234,36,3,a_pe
4235,4235,86,2,a_pe
4236,4236,130,1,a_pe
4237,4237,14,1,carro
4238,4238,10,1,bicicleta
4239,4239,17,4,onibus
4240,4240,129,3,metro
4241,4241,61,2,bicicleta
4242,4242,118,1,a_pe
4243,4243,66,3,onibus
4244,4244,76,3,a_pe
4245,4245,78,4,carro
4246,4246,89,2,onibus
4247,4247,105,1,carro
4248,4248,99,3,carro
4249,4249,125,1,a_pe
4250,4250,43,2,metro
4251,4251,93,2,bicicleta
4252,4252,73,2,a_pe
4253,4253,113,4,onibus
4254,4254,10,4,carro
4255,4255,113,1,bicicleta
4256,4256,75,4,bicicleta
4257,4257,105,2,bicicleta
4258,4258,92,4,carro
4259,4259,67,1,bicicleta
4260,4260,91,4,metro
4261,4261,86,2,onibus
4262,4262,92,4,carro
4263,4263,93,3,a_pe
4264,4264,111,4,onibus
4265,4265,53,3,bicicleta
4266,4266,37,1,metro
4267,4267,111,1,onibus
4268,4268,98,2,metro
4269,4269,26,1,a_pe
4270,4270,42,4,metro
4271,4271,7,4,a_pe
4272,4272,67,2,bicicleta
4273,4273,129,2,a_pe
4274,4274,104,1,bicicleta
4275,4275,85,3,onibus
4276,4276,97,1,metro
4277,4277,114,2,bicicleta
4278,4278,56,2,bicicleta
4279,4279,92,1,metro
4280,4280,60,3,bicicleta
4281,4281,116,2,bicicleta
4282,4282,11,2,onibus
4283,4283,49,1,metro
4284,4284,26,4,carro
4285,4285,87,1,a_pe
4286,4286,64,2,bicicleta
4287,4287,127,2,carro
4288,4288,64,2,a_pe
4289,4289,34,4,bicicleta
4290,4290,18,2,metro
4291,4291,7,3,metro
4292,4292,24,3,metro
4293,4293,59,1,onibus
4294,4294,13,1,bicicleta
4295,4295,86,1,metro
4296,4296,122,2,onibus
4297,4297,66,2,bicicleta
4298,4298,72,1,onibus
4299,4299,85,2,metro
4300,4300,16,2,carro
4301,4301,85,2,a_pe
4302,4302,49,2,onibus
4303,4303,12,1,onibus
4304,4304,61,3,carro
4305,4305,27,1,carro
4306,4306,95,1,onibus
4307,4307,80,1,onibus
4308,4308,82,4,onibus
4309,4309,46,1,bicicleta
4310,4310,107,3,onibus
4311,4311,15,1,carro
4312,4312,7,3,onibus
4313,4313,26,2,carro
4314,4314,12,1,onibus
4315,4315,129,2,bicicleta
4316,4316,63,3,onibus
4317,4317,71,2,a_pe
4318,4318,64,1,metro
4319,4319,77,1,bicicleta
4320,4320,67,2,bicicleta
4321,4321,6,4,bicicleta
4322,4322,80,1,carro
4323,4323,82,2,a_pe
4324,4324,121,1,bicicleta
4325,4325,16,1,carro
4326,4326,52,1,carro
4327,4327,20,3,a_pe
4328,4328,95,1,a_pe
4329,4329,45,4,onibus
4330,4330,10,3,bicicleta
4331,4331,34,3,bicicleta
4332,4332,97,2,carro
4333,4333,124,1,metro
4334,4334,64,3,metro
4335,4335,127,4,metro
4336,4336,43,4,bicicleta
4337,4337,130,1,carro
4338,4338,28,2,metro
4339,4339,125,3,a_pe
4340,4340,48,1,bicicleta
4341,4341,113,1,a_pe
4342,4342,75,2,carro
4343,4343,98,4,metro
4344,4344,122,4,carro
4345,4345,112,1,carro
4346,4346,72,3,bicicleta
4347,4347,75,1,onibus
4348,4348,74,3,carro
4349,4349,62,4,onibus
4350,4350,65,1,a_pe
4351,4351,112,4,carro
4352,4352,65,4,a_pe
4353,4353,121,2,a_pe
4354,4354,14,1,a_pe
4355,4355,18,1,carro
4356,4356,27,1,metro
4357,4357,7,4,metro
4358,4358,122,3,metro
4359,4359,76,4,bicicleta
4360,4360,23,1,carro
4361,4361,84,4,bicicleta
4362,4362,7,1,a_pe
4363,4363,124,4,onibus
4364,4364,122,4,bicicleta
4365,4365,5,1,bicicleta
4366,4366,45,2,carro
4367,4367,96,4,carro
4368,4368,45,1,a_pe
4369,4369,43,1,carro
4370,4370,43,3,metro
4371,4371,102,3,carro
4372,4372,57,2,a_pe
4373,4373,56,2,a_pe
4374,4374,103,2,bicicleta
4375,4375,119,3,onibus
4376,4376,79,1,metro
4377,4377,73,2,metro
4378,4378,40,3,onibus
4379,4379,45,3,metro
4380,4380,78,2,a_pe
4381,4381,64,4,a_pe
4382,4382,16,2,carro
4383,4383,73,4,onibus
4384,4384,122,4,onibus
4385,4385,12,1,metro
4386,4386,18,1,metro
4387,4387,110,4,bicicleta
4388,4388,61,1,bicicleta
4389,4389,65,4,bicicleta
4390,4390,87,2,bicicleta
4391,4391,114,2,onibus
4392,4392,78,1,a_pe
4393,4393,126,4,metro
4394,4394,109,3,bicicleta
4395,4395,43,1,onibus
4396,4396,82,1,a_pe
4397,4397,125,2,carro
4398,4398,8,3,a_pe
4399,4399,95,4,a_pe
4400,4400,5,3,onibus
4401,4401,58,1,metro
4402,4402,109,3,carro
4403,4403,98,2,bicicleta
4404,4404,71,4,metro
4405,4405,63,3,onibus
4406,4406,61,1,carro
4407,4407,118,1,bicicleta
4408,4408,8,2,carro
4409,4409,110,1,a_pe
4410,4410,128,1,a_pe
4411,4411,62,2,metro
4412,4412,125,4,bicicleta
4413,4413,86,4,metro
4414,4414,9,1,carro
4415,4415,120,2,metro
4416,4416,102,1,onibus
4417,4417,91,2,carro
4418,4418,20,4,carro
4419,4419,62,1,carro
4420,4420,72,3,carro
4421,4421,10,2,metro
4422,4422,15,2,a_pe
4423,4423,129,3,carro
4424,4424,112,4,onibus
4425,4425,114,3,a_pe
4426,4426,50,1,metro
4427,4427,110,4,onibus
4428,4428,46,1,onibus
4429,4429,66,3,bicicleta
4430,4430,70,2,bicicleta
4431,4431,24,4,bicicleta
4432,4432,23,1,onibus
4433,4433,23,1,metro
4434,4434,96,1,carro
4435,4435,108,2,a_pe
4436,4436,124,2,onibus
4437,4437,66,4,a_pe
4438,4438,78,3,a_pe
4439,4439,45,4,onibus
4440,4440,98,4,bicicleta
4441,4441,105,4,metro
4442,4442,52,1,onibus
4443,4443,60,4,metro
4444,4444,59,3,bicicleta
4445,4445,62,3,bicicleta
4446,4446,94,2,metro
4447,4447,20,3,onibus
4448,4448,19,1,bicicleta
4449,4449,15,4,bicicleta
4450,4450,30,1,metro
4451,4451,47,4,onibus
4452,4452,121,1,bicicleta
4453,4453,93,2,a_pe
4454,4454,59,1,a_pe
4455,4455,57,3,bicicleta
4456,4456,130,1,bicicleta
4457,4457,105,2,a_pe
4458,4458,111,4,onibus
4459,4459,58,1,a_pe
4460,4460,14,2,carro
4461,4461,48,1,a_pe
4462,4462,49,3,bicicleta
4463,4463,30,1,a_pe
4464,4464,127,2,a_pe
4465,4465,39,1,bicicleta
4466,4466,127,2,carro
4467,4467,124,3,carro
4468,4468,31,3,onibus
4469,4469,28,3,carro
4470,4470,80,1,onibus
4471,4471,70,4,a_pe
4472,4472,18,4,carro
4473,4473,111,4,a_pe
4474,4474,98,2,carro
4475,4475,67,1,metro
4476,4476,111,1,bicicleta
4477,4477,59,2,metro
4478,4478,12,1,a_pe
4479,4479,128,2,bicicleta
4480,4480,98,4,carro
4481,4481,118,3,metro
4482,4482,61,1,onibus
4483,4483,20,2,a_pe
4484,4484,108,2,bicicleta
4485,4485,82,4,metro
4486,4486,22,3,bicicleta
4487,4487,122,4,a_pe
4488,4488,16,2,carro
4489,4489,109,4,a_pe
4490,4490,87,4,onibus
4491,4491,17,2,onibus
4492,4492,7,4,metro
4493,4493,38,3,metro
4494,4494,15,1,carro
4495,4495,101,4,onibus
4496,4496,74,2,a_pe
4497,4497,47,2,metro
4498,4498,115,4,onibus
4499,4499,93,1,a_pe
4500,4500,72,3,a_pe
4501,4501,59,4,carro
4502,4502,114,4,carro
4503,4503,74,3,onibus
4504,4504,41,2,bicicleta
4505,4505,15,1,metro
4506,4506,110,4,carro
4507,4507,79,4,metro
4508,4508,59,3,carro
4509,4509,58,4,onibus
4510,4510,25,1,metro
4511,4511,43,4,a_pe
4512,4512,86,3,onibus
4513,4513,46,3,a_pe
4514,4514,111,2,onibus
4515,4515,91,2,onibus
4516,4516,94,1,metro
4517,4517,79,4,bicicleta
4518,4518,122,2,bicicleta
4519,4519,116,1,metro
4520,4520,105,2,bicicleta
4521,4521,62,4,a_pe
4522,4522,97,2,metro
4523,4523,104,1,a_pe
4524,4524,108,1,onibus
4525,4525,32,3,onibus
4526,4526,109,2,metro
4527,4527,57,4,bicicleta
4528,4528,101,3,bicicleta
4529,4529,41,2,a_pe
4530,4530,76,2,a_pe
4531,4531,65,4,carro
4532,4532,42,4,metro
4533,4533,26,3,carro
4534,4534,62,1,bicicleta
4535,4535,121,3,carro
4536,4536,39,4,bicicleta
4537,4537,37,4,metro
4538,4538,63,4,onibus
4539,4539,38,1,metro
4540,4540,120,1,a_pe
4541,4541,68,1,a_pe
4542,4542,16,4,bicicleta
4543,4543,80,3,carro
4544,4544,44,2,bicicleta
4545,4545,29,4,metro
4546,4546,125,2,carro
4547,4547,68,1,onibus
4548,4548,44,2,bicicleta
4549,4549,92,3,carro
4550,4550,125,3,a_pe
4551,4551,126,1,metro
4552,4552,11,1,a_pe
4553,4553,34,1,a_pe
4554,4554,76,1,bicicleta
4555,4555,10,4,bicicleta
4556,4556,28,3,metro
4557,4557,36,4,a_pe
4558,4558,55,4,carro
4559,4559,30,2,bicicleta
4560,4560,77,2,bicicleta
4561,4561,17,4,carro
4562,4562,82,1,carro
4563,4563,69,3,onibus
4564,4564,79,3,bicicleta
4565,4565,28,3,a_pe
4566,4566,110,3,onibus
4567,4567,13,1,metro
4568,4568,97,3,a_pe
4569,4569,62,1,onibus
4570,4570,59,1,a_pe
4571,4571,82,2,bicicleta
4572,4572,106,3,a_pe
4573,4573,35,1,onibus
4574,4574,102,4,metro
4575,4575,68,1,a_pe
4576,4576,26,1,bicicleta
4577,4577,52,1,bicicleta
4578,4578,21,2,a_pe
4579,4579,13,4,metro
4580,4580,44,1,carro
4581,4581,41,4,carro
4582,4582,83,3,bicicleta
4583,4583,7,1,a_pe
4584,4584,49,2,carro
4585,4585,12,1,onibus
4586,4586,63,3,carro
4587,4587,8,3,bicicleta
4588,4588,90,2,carro
4589,4589,62,1,carro
4590,4590,16,2,a_pe
4591,4591,125,4,onibus
4592,4592,14,3,metro
4593,4593,29,4,bicicleta
4594,4594,123,2,bicicleta
4595,4595,35,2,bicicleta
4596,4596,20,2,metro
4597,4597,69,1,onibus
4598,4598,88,4,carro
4599,4599,119,1,onibus
4600,4600,105,4,carro
4601,4601,33,2,a_pe
4602,4602,26,3,metro
4603,4603,26,2,a_pe
4604,4604,54,1,metro
4605,4605,45,4,a_pe
4606,4606,128,2,bicicleta
4607,4607,40,3,metro
4608,4608,41,4,metro
4609,4609,114,2,metro
4610,4610,120,4,carro
4611,4611,124,4,metro
4612,4612,69,2,metro
4613,4613,33,3,metro
4614,4614,25,4,onibus
4615,4615,103,2,metro
4616,4616,22,2,a_pe
4617,4617,47,4,onibus
4618,4618,68,3,bicicleta
4619,4619,32,3,carro
4620,4620,90,1,a_pe
4621,4621,33,1,bicicleta
4622,4622,109,1,bicicleta
4623,4623,101,1,bicicleta
4624,4624,95,2,carro
4625,4625,98,2,carro
4626,4626,19,2,bicicleta
4627,4627,60,2,carro
4628,4628,108,4,carro
4629,4629,25,2,bicicleta
4630,4630,94,2,metro
4631,4631,8,2,bicicleta
4632,4632,67,3,bicicleta
4633,4633,75,1,onibus
4634,4634,110,2,bicicleta
4635,4635,34,4,a_pe
4636,4636,61,3,onibus
4637,4637,40,3,carro
4638,4638,39,3,carro
4639,4639,39,3,metro
4640,4640,105,4,metro
4641,4641,67,2,a_pe
4642,4642,76,2,metro
4643,4643,106,2,metro
4644,4644,129,3,bicicleta
4645,4645,32,2,a_pe
4646,4646,91,3,carro
4647,4647,93,4,metro
4648,4648,68,3,onibus
4649,4649,34,2,onibus
4650,4650,18,4,carro
4651,4651,32,1,metro
4652,4652,115,4,carro
4653,4653,49,4,bicicleta
4654,4654,53,4,carro
4655,4655,112,4,onibus
4656,4656,50,4,onibus
4657,4657,110,4,onibus
4658,4658,51,1,bicicleta
4659,4659,33,2,metro
4660,4660,34,3,a_pe
4661,4661,26,3,carro
4662,4662,7,1,metro
4663,4663,47,3,onibus
4664,4664,102,1,metro
4665,4665,98,3,onibus
4666,4666,14,2,a_pe
4667,4667,29,2,onibus
4668,4668,124,2,metro
4669,4669,9,1,a_pe
4670,4670,34,2,metro
4671,4671,85,4,onibus
4672,4672,128,4,bicicleta
4673,4673,55,4,a_pe
4674,4674,34,1,a_pe
4675,4675,7,4,carro
4676,4676,74,4,metro
4677,4677,123,4,carro
4678,4678,127,4,bicicleta
4679,4679,126,1,bicicleta
4680,4680,26,3,bicicleta
4681,4681,105,1,onibus
4682,4682,129,1,metro
4683,4683,84,3,bicicleta
4684,4684,88,2,bicicleta
4685,4685,115,2,carro
4686,4686,6,2,metro
4687,4687,124,4,carro
4688,4688,29,2,bicicleta
4689,4689,97,4,bicicleta
4690,4690,42,4,metro
4691,4691,116,2,onibus
4692,4692,94,1,metro
4693,4693,97,1,a_pe
4694,4694,112,3,metro
4695,4695,30,2,metro
4696,4696,81,4,bicicleta
4697,4697,14,1,bicicleta
4698,4698,53,4,carro
4699,4699,118,1,onibus
4700,4700,48,1,a_pe
4701,4701,42,3,a_pe
4702,4702,107,3,bicicleta
4703,4703,116,2,metro
4704,4704,84,4,carro
4705,4705,123,4,bicicleta
4706,4706,24,4,bicicleta
4707,4707,7,1,bicicleta
4708,4708,6,1,carro
4709,4709,63,1,metro
4710,4710,28,2,a_pe
4711,4711,10,1,bicicleta
4712,4712,69,3,metro
4713,4713,121,1,metro
4714,4714,93,3,bicicleta
4715,4715,63,2,onibus
4716,4716,117,1,carro
4717,4717,32,2,onibus
4718,4718,102,2,bicicleta
4719,4719,95,1,carro
4720,4720,116,3,metro
4721,4721,69,2,metro
4722,4722,99,4,onibus
4723,4723,60,1,onibus
4724,4724,7,4,metro
4725,4725,100,2,bicicleta
4726,4726,26,1,metro
4727,4727,113,1,onibus
4728,4728,17,3,onibus
4729,4729,5,4,onibus
4730,4730,113,4,bicicleta
4731,4731,43,4,onibus
4732,4732,41,2,onibus
4733,4733,79,4,a_pe
4734,4734,111,4,a_pe
4735,4735,90,2,onibus
4736,4736,129,1,onibus
4737,4737,82,3,carro
4738,4738,30,1,bicicleta
4739,4739,98,3,metro
4740,4740,22,2,a_pe
4741,4741,46,2,metro
4742,4742,65,1,carro
4743,4743,118,4,metro
4744,4744,87,3,onibus
4745,4745,66,4,metro
4746,4746,30,2,metro
4747,4747,129,4,carro
4748,4748,10,3,carro
4749,4749,109,3,bicicleta
4750,4750,33,1,a_pe
4751,4751,124,3,bicicleta
4752,4752,117,2,a_pe
4753,4753,6,1,a_pe
4754,4754,15,4,bicicleta
4755,4755,65,4,metro
4756,4756,99,1,a_pe
4757,4757,30,4,metro
4758,4758,24,3,a_pe
4759,4759,52,3,bicicleta
4760,4760,35,4,metro
4761,4761,81,1,a_pe
4762,4762,110,1,onibus
4763,4763,110,2,bicicleta
4764,4764,83,1,onibus
4765,4765,23,3,a_pe
4766,4766,76,2,metro
4767,4767,91,2,metro
4768,4768,91,3,bicicleta
4769,4769,59,2,metro
4770,4770,40,2,metro
4771,4771,34,3,metro
4772,4772,23,4,carro
4773,4773,14,1,onibus
4774,4774,38,3,metro
4775,4775,29,1,carro
4776,4776,53,4,carro
4777,4777,101,4,a_pe
4778,4778,58,1,a_pe
4779,4779,18,2,carro
4780,4780,130,1,a_pe
4781,4781,38,2,carro
4782,4782,27,1,onibus
4783,4783,74,3,metro
4784,4784,83,2,bicicleta
4785,4785,8,2,onibus
4786,4786,60,4,carro
4787,4787,54,4,bicicleta
4788,4788,6,2,a_pe
4789,4789,90,4,carro
4790,4790,100,3,onibus
4791,4791,85,1,a_pe
4792,4792,110,4,a_pe
4793,4793,19,2,carro
4794,4794,67,4,bicicleta
4795,4795,46,4,a_pe
4796,4796,59,3,a_pe
4797,4797,77,2,a_pe
4798,4798,52,1,metro
4799,4799,75,2,a_pe
4800,4800,112,4,carro
4801,4801,57,3,bicicleta
4802,4802,28,3,carro
4803,4803,107,3,a_pe
4804,4804,53,2,carro
4805,4805,42,4,bicicleta
4806,4806,26,1,onibus
4807,4807,18,2,a_pe
4808,4808,89,4,bicicleta
4809,4809,36,3,metro
4810,4810,129,1,metro
4811,4811,67,2,carro
4812,4812,27,1,carro
4813,4813,58,3,metro
4814,4814,127,3,metro
4815,4815,13,4,onibus
4816,4816,130,3,a_pe
4817,4817,22,4,a_pe
4818,4818,63,2,onibus
4819,4819,108,1,metro
4820,4820,97,1,metro
4821,4821,9,3,metro
4822,4822,30,1,a_pe
4823,4823,64,1,onibus
4824,4824,86,1,metro
4825,4825,121,1,carro
4826,4826,117,2,metro
4827,4827,36,3,onibus
4828,4828,114,3,carro
4829,4829,48,1,a_pe
4830,4830,111,2,a_pe
4831,4831,20,1,onibus
4832,4832,54,2,onibus
4833,4833,81,3,carro
4834,4834,40,1,a_pe
4835,4835,54,4,a_pe
4836,4836,39,4,metro
4837,4837,86,1,a_pe
4838,4838,46,1,a_pe
4839,4839,49,1,metro
4840,4840,56,3,carro
4841,4841,122,4,metro
4842,4842,66,1,carro
4843,4843,26,1,carro
4844,4844,20,3,metro
4845,4845,35,4,a_pe
4846,4846,125,4,onibus
4847,4847,103,1,onibus
4848,4848,77,3,carro
4849,4849,121,3,onibus
4850,4850,57,2,carro
4851,4851,85,4,a_pe
4852,4852,35,2,bicicleta
4853,4853,115,1,metro
4854,4854,29,3,carro
4855,4855,126,2,metro
4856,4856,60,1,a_pe
4857,4857,24,1,metro
4858,4858,68,4,onibus
4859,4859,21,1,a_pe
4860,4860,9,4,metro
4861,4861,65,2,a_pe
4862,4862,58,1,metro
4863,4863,16,4,bicicleta
4864,4864,87,4,a_pe
4865,4865,7,4,bicicleta
4866,4866,6,3,a_pe
4867,4867,87,4,onibus
4868,4868,10,3,carro
4869,4869,80,2,onibus
4870,4870,79,3,bicicleta
4871,4871,130,2,carro
4872,4872,39,1,a_pe
4873,4873,15,3,bicicleta
4874,4874,10,2,bicicleta
4875,4875,61,2,a_pe
4876,4876,88,2,metro
4877,4877,125,3,carro
4878,4878,122,3,a_pe
4879,4879,118,3,onibus
4880,4880,84,3,carro
4881,4881,86,1,bicicleta
4882,4882,86,1,a_pe
4883,4883,54,1,metro
4884,4884,58,2,carro
4885,4885,6,1,a_pe
4886,4886,117,1,a_pe
4887,4887,77,2,onibus
4888,4888,36,2,metro
4889,4889,53,2,carro
4890,4890,46,2,bicicleta
4891,4891,8,3,metro
4892,4892,29,2,a_pe
4893,4893,37,3,carro
4894,4894,109,3,bicicleta
4895,4895,17,4,carro
4896,4896,79,3,a_pe
4897,4897,121,1,carro
4898,4898,117,2,bicicleta
4899,4899,57,1,carro
4900,4900,129,1,carro
4901,4901,57,4,carro
4902,4902,88,1,a_pe
4903,4903,93,3,bicicleta
4904,4904,17,4,bicicleta
4905,4905,130,1,a_pe
4906,4906,7,1,metro
4907,4907,49,4,onibus
4908,4908,55,1,metro
4909,4909,94,2,metro
4910,4910,38,4,onibus
4911,4911,44,4,onibus
4912,4912,57,4,carro
4913,4913,82,4,carro
4914,4914,9,1,onibus
4915,4915,28,1,bicicleta
4916,4916,100,4,bicicleta
4917,4917,62,4,carro
4918,4918,106,4,onibus
4919,4919,88,3,bicicleta
4920,4920,57,1,onibus
4921,4921,56,3,a_pe
4922,4922,13,2,carro
4923,4923,60,4,metro
4924,4924,47,4,bicicleta
4925,4925,49,1,metro
4926,4926,113,3,onibus
4927,4927,59,2,bicicleta
4928,4928,97,1,metro
4929,4929,53,1,carro
4930,4930,27,2,bicicleta
4931,4931,122,3,a_pe
4932,4932,41,4,bicicleta
4933,4933,67,3,onibus
4934,4934,31,4,bicicleta
4935,4935,14,3,bicicleta
4936,4936,7,3,carro
4937,4937,98,4,metro
4938,4938,121,3,bicicleta
4939,4939,128,1,onibus
4940,4940,100,2,a_pe
4941,4941,127,2,bicicleta
4942,4942,16,4,onibus
4943,4943,39,1,onibus
4944,4944,22,1,metro
4945,4945,83,1,carro
4946,4946,71,3,onibus
4947,4947,79,2,a_pe
4948,4948,86,2,a_pe
4949,4949,85,2,onibus
4950,4950,104,2,carro
4951,4951,79,3,a_pe
4952,4952,8,4,bicicleta
4953,4953,13,2,bicicleta
4954,4954,48,2,onibus
4955,4955,127,2,bicicleta
4956,4956,127,3,metro
4957,4957,22,2,bicicleta
4958,4958,32,1,onibus
4959,4959,44,2,metro
4960,4960,15,1,carro
4961,4961,116,3,a_pe
4962,4962,109,4,onibus
4963,4963,37,2,onibus
4964,4964,106,2,onibus
4965,4965,53,1,carro
4966,4966,110,2,bicicleta
4967,4967,48,3,metro
4968,4968,101,2,bicicleta
4969,4969,40,3,onibus
4970,4970,123,2,bicicleta
4971,4971,90,2,bicicleta
4972,4972,63,3,metro
4973,4973,14,1,a_pe
4974,4974,42,1,carro
4975,4975,128,4,a_pe
4976,4976,111,3,metro
4977,4977,61,2,onibus
4978,4978,117,1,bicicleta
4979,4979,26,1,onibus
4980,4980,73,4,onibus
4981,4981,117,4,bicicleta
4982,4982,100,2,metro
4983,4983,101,2,carro
4984,4984,12,1,onibus
4985,4985,53,2,bicicleta
4986,4986,124,1,onibus
4987,4987,104,4,bicicleta
4988,4988,106,1,a_pe
4989,4989,35,2,bicicleta
4990,4990,18,4,carro
4991,4991,85,1,a_pe
4992,4992,67,2,onibus
4993,4993,69,1,a_pe
4994,4994,58,3,onibus
4995,4995,89,3,a_pe
4996,4996,51,3,metro
4997,4997,40,1,onibus
4998,4998,107,2,a_pe
4999,4999,92,4,onibus
5000,5000,57,1,a_pe
