id_aluno,nome,sobrenome,data_nascimento,idade,trabalha,tipo_escola,semestre_atual,turno,id_curso
1,Ana,Nascimento,1990-04-11,36,1,Particular,2,Manha,6
2,Julia,Souza,2003-04-08,23,1,Particular,5,Manha,2
3,Rafael,Pereira,1993-04-10,33,1,Publica,3,Noite,1
4,Lucas,Costa,1989-04-11,37,0,Particular,2,Noite,4
5,Mariana,Rodrigues,2005-04-07,21,1,Particular,1,Manha,1
6,Beatriz,Santos,2001-04-08,25,1,Publica,4,Manha,5
7,Fernanda,Santos,1994-04-10,32,0,Publica,1,Noite,2
8,Mariana,Rodrigues,1990-04-11,36,0,Publica,7,Manha,4
9,Fernanda,Rodrigues,1988-04-11,38,0,Particular,5,Manha,2
10,Rafael,Silva,1986-04-12,40,0,Particular,7,Tarde,3
11,Lucas,Rodrigues,1990-04-11,36,1,Particular,3,Manha,3
12,Fernanda,Oliveira,1999-04-09,27,1,Publica,2,Manha,4
13,Gabriel,Pereira,1992-04-10,34,0,Publica,2,Tarde,3
14,Rafael,Rodrigues,2008-04-06,18,1,Publica,5,Manha,6
15,Beatriz,Souza,2001-04-08,25,0,Particular,8,Noite,1
16,Carlos,Pereira,1996-04-09,30,0,Publica,7,Manha,5
17,Fernanda,Silva,1994-04-10,32,1,Particular,5,Noite,5
18,Gabriel,Almeida,2007-04-07,19,0,Particular,6,Noite,2
19,Carlos,Oliveira,2001-04-08,25,0,Publica,2,Manha,6
20,Beatriz,Lima,2006-04-07,20,1,Publica,4,Tarde,1
21,Pedro,Santos,1986-04-12,40,1,Particular,4,Manha,4
22,Carlos,Santos,2002-04-08,24,1,Publica,5,Tarde,6
23,Fernanda,Pereira,1992-04-10,34,0,Publica,6,Manha,3
24,Ana,Costa,1993-04-10,33,1,Publica,6,Manha,6
25,Fernanda,Nascimento,2000-04-08,26,0,Publica,5,Noite,6
26,Lucas,Pereira,1998-04-09,28,0,Particular,2,Noite,6
27,Fernanda,Almeida,1997-04-09,29,1,Publica,3,Noite,6
28,Beatriz,Oliveira,1988-04-11,38,0,Particular,4,Manha,4
29,Ana,Souza,1987-04-12,39,1,Particular,7,Tarde,6
30,Fernanda,Nascimento,1990-04-11,36,0,Particular,4,Noite,3
31,Gabriel,Pereira,1998-04-09,28,0,Publica,1,Manha,1
32,Larissa,Rodrigues,1982-04-19,43,1,Publica,8,Tarde,6
33,Mariana,Rodrigues,1984-04-24,41,1,Particular,7,Tarde,2
34,Rodrigo,Almeida,1982-01-28,43,0,Publica,3,Noite,4
35,Felipe,Oliveira,1999-08-17,26,1,Publica,2,Noite,5
36,Camila,Souza,1989-07-06,36,1,Publica,5,Noite,2
37,Pedro,Lima,1999-04-05,26,1,Publica,1,Noite,3
38,Ana,Souza,1991-05-08,34,0,Publica,2,Manha,6
39,Julia,Lima,2004-03-05,21,1,Publica,5,Noite,5
40,Beatriz,Lima,2004-12-23,21,0,Particular,7,Noite,6
41,Patrícia,Lima,1994-02-08,31,0,Publica,6,Manha,5
42,Eduardo,Costa,1980-02-23,45,0,Publica,2,Manha,3
43,Rodrigo,Costa,1988-11-16,37,0,Publica,8,Manha,4
44,Beatriz,Souza,1983-11-14,42,1,Particular,7,Tarde,6
45,Lucas,Silva,1992-12-11,33,0,Publica,4,Manha,5
46,Mariana,Oliveira,1985-05-15,40,0,Publica,8,Noite,1
47,Rodrigo,Silva,1982-04-06,43,1,Particular,8,Manha,4
48,Gabriel,Oliveira,1980-07-09,45,1,Particular,7,Noite,6
49,Mariana,Costa,1989-04-02,36,0,Particular,1,Manha,5
50,Vanessa,Lima,1985-01-17,40,0,Publica,2,Noite,1
51,Felipe,Souza,1998-04-19,27,0,Publica,7,Noite,5
52,Fernanda,Costa,2001-12-11,24,0,Particular,7,Manha,6
53,Patrícia,Santos,2004-02-01,21,1,Publica,2,Noite,2
54,Mariana,Santos,1982-04-12,43,1,Publica,8,Noite,6
55,Renata,Lima,1980-11-27,45,1,Publica,3,Tarde,1
56,Rodrigo,Pereira,1988-05-20,37,0,Particular,4,Noite,6
57,Vanessa,Almeida,1988-01-03,37,1,Particular,1,Manha,3
58,Pedro,Pereira,2003-08-18,22,1,Publica,2,Manha,6
59,Rodrigo,Silva,2006-06-19,19,0,Particular,3,Manha,3
60,Ana,Santos,1986-11-08,39,0,Particular,7,Noite,6
61,Carlos,Pereira,2005-03-14,20,0,Publica,6,Tarde,6
62,Pedro,Pereira,2005-12-04,20,1,Publica,8,Manha,2
63,Camila,Rodrigues,2006-04-08,19,0,Publica,7,Tarde,3
64,Pedro,Santos,2000-09-13,25,1,Publica,2,Tarde,2
65,Ana,Souza,1999-07-12,26,1,Particular,2,Tarde,5
66,Pedro,Silva,2002-07-01,23,0,Particular,7,Manha,6
67,Renata,Santos,2001-02-24,24,1,Particular,7,Tarde,4
68,Vanessa,Pereira,1986-07-22,39,1,Publica,5,Tarde,5
69,Pedro,Rodrigues,1986-07-26,39,1,Particular,8,Tarde,6
70,Rodrigo,Almeida,2005-12-06,20,0,Particular,6,Manha,2
71,Beatriz,Costa,1984-01-02,41,0,Particular,2,Tarde,4
72,Felipe,Almeida,1992-04-05,33,0,Publica,7,Manha,2
73,Ana,Lima,1987-02-15,38,0,Particular,6,Tarde,5
74,Vanessa,Almeida,1985-12-28,40,1,Particular,5,Manha,6
75,Vanessa,Almeida,2000-04-09,25,1,Publica,5,Manha,3
76,Camila,Lima,1982-03-05,43,0,Particular,3,Noite,2
77,Felipe,Oliveira,1990-09-15,35,1,Publica,4,Tarde,4
78,Eduardo,Oliveira,1995-01-12,30,1,Particular,7,Noite,6
79,André,Costa,1988-07-16,37,0,Particular,6,Noite,6
80,Mariana,Almeida,1984-10-18,41,0,Particular,1,Manha,6
81,Mariana,Almeida,1985-01-09,40,1,Particular,4,Tarde,3
82,Larissa,Rodrigues,2004-07-09,21,0,Particular,1,Noite,5
83,Bruno,Costa,2000-02-25,25,0,Publica,4,Manha,1
84,Carlos,Pereira,1995-11-04,30,0,Particular,5,Tarde,2
85,Gabriel,Rodrigues,1983-10-01,42,1,Particular,7,Noite,2
86,Eduardo,Costa,1983-12-25,42,1,Publica,1,Tarde,5
87,Camila,Souza,1996-11-11,29,0,Particular,8,Manha,4
88,Patrícia,Pereira,1993-03-24,32,1,Particular,8,Tarde,6
89,Camila,Costa,2006-02-09,19,1,Publica,8,Noite,5
90,Camila,Silva,1995-06-06,30,1,Publica,6,Tarde,3
91,Renata,Rodrigues,1997-01-17,28,0,Publica,4,Noite,4
92,Vanessa,Costa,2002-08-21,23,1,Particular,1,Manha,3
93,Felipe,Costa,1989-11-19,36,1,Particular,6,Tarde,6
94,Camila,Almeida,1988-05-09,37,0,Publica,4,Tarde,1
95,Carlos,Costa,2003-08-09,22,1,Publica,4,Tarde,2
96,Mariana,Rodrigues,1980-12-18,45,0,Particular,1,Manha,5
97,Mariana,Almeida,1983-01-19,42,1,Particular,8,Tarde,3
98,Rafael,Rodrigues,1995-02-27,30,0,Particular,8,Manha,5
99,Gabriel,Pereira,2005-10-10,20,0,Publica,2,Noite,4
100,Rodrigo,Oliveira,1994-08-10,31,1,Particular,1,Noite,6
101,Carlos,Costa,1988-11-03,37,0,Publica,3,Noite,1
102,Rafael,Oliveira,1994-12-20,31,1,Particular,1,Manha,3
103,Patrícia,Souza,2001-04-09,24,0,Particular,2,Noite,2
104,Pedro,Pereira,1982-01-06,43,1,Particular,8,Manha,4
105,Larissa,Rodrigues,1996-09-16,29,1,Publica,1,Tarde,6
106,Renata,Rodrigues,1980-02-08,45,0,Particular,1,Manha,4
107,Fernanda,Pereira,1998-07-21,27,1,Publica,8,Tarde,4
108,Camila,Souza,1985-06-14,40,1,Particular,7,Noite,1
109,Julia,Santos,1988-06-04,37,1,Publica,8,Tarde,1
110,Rodrigo,Santos,1999-08-21,26,1,Publica,4,Tarde,5
111,Pedro,Almeida,2002-08-04,23,0,Publica,3,Tarde,5
112,Rodrigo,Oliveira,1982-04-27,43,0,Particular,2,Noite,2
113,Fernanda,Lima,2002-05-14,23,1,Particular,4,Tarde,5
114,Felipe,Costa,1999-09-24,26,0,Publica,5,Tarde,3
115,Ana,Rodrigues,2003-05-27,22,1,Publica,8,Noite,4
116,Camila,Lima,2004-09-13,21,1,Particular,4,Noite,2
117,Beatriz,Oliveira,1981-06-24,44,1,Particular,7,Noite,6
118,André,Silva,1984-09-19,41,1,Publica,8,Manha,5
119,Ana,Pereira,1993-11-05,32,0,Particular,5,Tarde,5
120,Julia,Santos,2001-09-13,24,1,Particular,1,Noite,1
121,Pedro,Costa,2003-02-14,22,0,Publica,8,Manha,6
122,Ana,Silva,1990-01-10,35,1,Particular,7,Manha,2
123,Renata,Pereira,1985-03-03,40,1,Publica,8,Noite,2
124,André,Rodrigues,1994-05-22,31,0,Particular,5,Noite,5
125,Lucas,Almeida,1991-10-10,34,1,Particular,8,Tarde,2
126,Patrícia,Souza,1987-07-19,38,1,Particular,5,Manha,6
127,Fernanda,Silva,1998-11-25,27,0,Particular,5,Manha,5
128,Beatriz,Costa,1999-05-22,26,0,Publica,1,Tarde,4
129,Eduardo,Santos,2003-03-03,22,1,Particular,7,Manha,2
130,Rodrigo,Santos,1996-09-09,29,0,Particular,8,Tarde,6
131,Julia,Almeida,1982-03-25,43,0,Particular,6,Manha,4
132,Pedro,Lima,1983-08-12,42,1,Particular,6,Manha,6
133,André,Silva,1999-09-11,26,0,Publica,8,Noite,3
134,Julia,Pereira,1981-01-10,44,1,Publica,2,Manha,5
135,Felipe,Almeida,1991-11-24,34,1,Publica,7,Noite,1
136,Renata,Oliveira,1988-01-23,37,1,Publica,8,Tarde,2
137,Julia,Santos,1997-11-12,28,0,Particular,5,Manha,1
138,Julia,Costa,2000-11-20,25,0,Publica,6,Manha,2
139,Lucas,Lima,1986-10-07,39,0,Particular,3,Noite,1
140,Mariana,Pereira,1997-05-26,28,0,Publica,1,Manha,1
141,Beatriz,Nascimento,1990-01-06,35,1,Publica,3,Noite,4
142,Lucas,Almeida,1994-06-17,31,0,Particular,4,Noite,1
143,Patrícia,Silva,1981-08-28,44,1,Particular,2,Tarde,6
144,Julia,Souza,1990-10-05,35,0,Publica,5,Noite,6
145,Larissa,Nascimento,1996-05-15,29,1,Publica,2,Noite,6
146,Felipe,Almeida,1987-07-11,38,1,Particular,7,Noite,1
147,Larissa,Santos,2001-05-12,24,0,Particular,2,Manha,1
148,Felipe,Souza,2003-12-12,22,0,Publica,6,Noite,1
149,Camila,Oliveira,2003-01-10,22,1,Particular,2,Noite,5
150,Gabriel,Almeida,1987-02-12,38,1,Publica,5,Noite,2
151,Vanessa,Nascimento,1999-11-21,26,0,Particular,1,Manha,3
152,Camila,Santos,1980-03-28,45,0,Particular,2,Manha,6
153,Lucas,Lima,1986-07-14,39,1,Particular,3,Tarde,3
154,Renata,Nascimento,1982-01-05,43,0,Publica,2,Tarde,4
155,Patrícia,Nascimento,1994-07-09,31,0,Publica,6,Tarde,1
156,Renata,Almeida,1996-11-10,29,0,Publica,7,Noite,1
157,Carlos,Rodrigues,1986-03-25,39,1,Particular,6,Manha,1
158,Larissa,Pereira,1984-07-18,41,0,Particular,2,Tarde,6
159,Felipe,Silva,1994-02-28,31,1,Particular,7,Noite,6
160,Fernanda,Souza,1992-01-11,33,0,Particular,6,Manha,4
161,Carlos,Oliveira,1998-07-17,27,0,Particular,5,Noite,3
162,Bruno,Pereira,1982-09-21,43,0,Publica,6,Tarde,6
163,Carlos,Souza,1984-05-07,41,0,Publica,2,Manha,6
164,Patrícia,Nascimento,2004-10-15,21,1,Particular,3,Tarde,1
165,Patrícia,Rodrigues,2005-05-19,20,0,Particular,2,Tarde,4
166,Ana,Silva,1991-05-03,34,0,Particular,8,Noite,5
167,André,Nascimento,2000-04-11,25,1,Publica,1,Tarde,1
168,Julia,Lima,2000-03-02,25,0,Particular,8,Noite,5
169,Bruno,Santos,1989-07-14,36,1,Publica,6,Manha,3
170,Rodrigo,Oliveira,1989-05-24,36,0,Particular,2,Noite,6
171,Bruno,Rodrigues,2000-12-22,25,1,Publica,2,Tarde,5
172,Camila,Pereira,2001-12-27,24,0,Particular,6,Manha,3
173,Mariana,Costa,1990-08-07,35,0,Publica,3,Manha,3
174,Rodrigo,Lima,2006-12-17,19,0,Particular,3,Noite,4
175,Gabriel,Pereira,2006-12-25,19,0,Particular,1,Tarde,3
176,André,Nascimento,1989-12-26,36,1,Publica,4,Tarde,4
177,Bruno,Nascimento,1994-08-25,31,1,Particular,7,Manha,2
178,Pedro,Silva,2000-08-28,25,1,Publica,2,Tarde,1
179,Pedro,Almeida,1996-03-27,29,1,Publica,4,Tarde,3
180,Felipe,Silva,1992-09-12,33,0,Particular,2,Tarde,2
181,Bruno,Souza,2006-12-21,19,1,Publica,3,Manha,3
182,Mariana,Almeida,1994-10-01,31,0,Publica,5,Manha,2
183,Julia,Rodrigues,1987-05-04,38,0,Publica,7,Noite,5
184,Julia,Souza,2006-08-20,19,0,Publica,3,Tarde,4
185,Eduardo,Santos,1987-10-14,38,0,Publica,6,Manha,5
186,Felipe,Almeida,1981-11-13,44,1,Particular,1,Tarde,1
187,Beatriz,Souza,2004-10-24,21,1,Publica,1,Tarde,5
188,Mariana,Almeida,2002-08-21,23,0,Publica,2,Noite,4
189,Pedro,Costa,1981-04-02,44,1,Particular,7,Noite,4
190,Ana,Costa,1989-06-28,36,0,Particular,5,Manha,3
191,Larissa,Almeida,1992-06-06,33,1,Particular,6,Noite,3
192,Felipe,Souza,1993-10-27,32,0,Particular,6,Manha,1
193,Fernanda,Rodrigues,1994-10-23,31,1,Publica,8,Tarde,4
194,Bruno,Nascimento,1993-05-21,32,0,Publica,7,Tarde,5
195,Rafael,Pereira,1999-11-26,26,1,Publica,3,Manha,2
196,Camila,Oliveira,1998-01-20,27,0,Particular,6,Tarde,4
197,Eduardo,Pereira,1996-06-13,29,1,Particular,4,Manha,1
198,André,Lima,1992-09-04,33,1,Particular,8,Manha,5
199,Patrícia,Costa,1983-03-28,42,0,Particular,3,Noite,4
200,Bruno,Santos,2002-02-18,23,1,Particular,3,Noite,6
201,Bruno,Lima,1987-02-07,38,0,Publica,8,Manha,3
202,Patrícia,Lima,1984-10-03,41,0,Particular,7,Noite,6
203,Vanessa,Oliveira,2004-07-27,21,0,Publica,6,Noite,1
204,Patrícia,Lima,1991-03-27,34,0,Publica,7,Noite,1
205,Rodrigo,Pereira,1989-03-06,36,1,Publica,6,Noite,3
206,Pedro,Costa,2000-09-09,25,0,Particular,2,Noite,6
207,Eduardo,Nascimento,1984-03-22,41,1,Publica,1,Manha,1
208,Beatriz,Nascimento,1993-10-21,32,0,Particular,5,Noite,3
209,Beatriz,Oliveira,1989-08-03,36,0,Publica,8,Tarde,4
210,Beatriz,Santos,1999-03-11,26,1,Particular,7,Manha,3
211,Bruno,Costa,1994-02-09,31,1,Publica,3,Manha,1
212,Larissa,Nascimento,1993-04-28,32,0,Particular,6,Manha,2
213,Vanessa,Almeida,1995-05-16,30,0,Publica,7,Noite,4
214,Carlos,Nascimento,1991-01-02,34,1,Particular,8,Tarde,5
215,Lucas,Oliveira,1984-05-24,41,1,Particular,6,Manha,4
216,Eduardo,Lima,1986-06-18,39,1,Publica,7,Noite,4
217,Renata,Nascimento,1983-03-04,42,1,Particular,6,Noite,3
218,Carlos,Nascimento,1996-07-17,29,0,Publica,1,Manha,6
219,Patrícia,Lima,1994-03-20,31,0,Particular,6,Manha,4
220,Renata,Santos,1996-09-18,29,1,Particular,8,Manha,3
221,Julia,Oliveira,1998-05-26,27,0,Particular,5,Noite,5
222,Rafael,Nascimento,1995-03-17,30,1,Publica,4,Manha,5
223,Carlos,Silva,1994-06-14,31,0,Particular,4,Tarde,5
224,Ana,Pereira,1996-04-18,29,1,Particular,7,Tarde,2
225,Vanessa,Santos,1997-06-22,28,1,Particular,4,Manha,3
226,Beatriz,Rodrigues,2004-05-23,21,0,Particular,6,Tarde,3
227,Fernanda,Souza,1998-11-18,27,1,Particular,6,Manha,3
228,Pedro,Souza,1991-08-21,34,1,Particular,4,Manha,5
229,Vanessa,Rodrigues,1984-02-20,41,0,Publica,1,Noite,5
230,Carlos,Silva,1983-07-11,42,1,Publica,3,Manha,5
231,Felipe,Almeida,1995-11-07,30,1,Particular,5,Noite,1
232,Eduardo,Costa,1997-12-24,28,0,Publica,7,Manha,1
233,Patrícia,Pereira,2003-05-02,22,0,Particular,2,Tarde,3
234,Vanessa,Lima,1995-03-28,30,1,Particular,4,Manha,3
235,André,Rodrigues,2002-03-01,23,1,Particular,4,Manha,5
236,Larissa,Lima,1990-02-13,35,0,Publica,3,Tarde,3
237,Rafael,Rodrigues,1992-04-15,33,1,Particular,5,Noite,6
238,Pedro,Santos,2002-04-02,23,0,Particular,5,Manha,4
239,Julia,Rodrigues,1991-10-08,34,0,Publica,8,Manha,4
240,Larissa,Lima,1995-09-26,30,0,Publica,2,Noite,4
241,Julia,Nascimento,1983-01-27,42,0,Publica,3,Tarde,5
242,Julia,Costa,2002-10-16,23,0,Particular,1,Tarde,2
243,Patrícia,Nascimento,1981-09-15,44,1,Publica,7,Tarde,1
244,Eduardo,Souza,1981-07-12,44,0,Publica,2,Tarde,1
245,Larissa,Pereira,2004-03-25,21,1,Particular,7,Tarde,4
246,Julia,Lima,1984-11-28,41,1,Publica,3,Noite,4
247,Carlos,Silva,2004-01-10,21,1,Particular,7,Manha,2
248,Camila,Pereira,1988-04-24,37,0,Publica,7,Noite,1
249,Carlos,Souza,1983-10-02,42,1,Publica,4,Noite,1
250,Patrícia,Costa,1997-04-25,28,0,Publica,5,Manha,6
251,Renata,Nascimento,2004-11-27,21,1,Publica,5,Manha,6
252,Felipe,Rodrigues,1988-01-18,37,0,Particular,8,Manha,3
253,Vanessa,Santos,2002-07-14,23,0,Particular,7,Manha,5
254,Beatriz,Costa,1989-12-05,36,1,Publica,7,Tarde,5
255,Felipe,Costa,1988-04-11,37,0,Particular,6,Manha,5
256,Rafael,Rodrigues,1992-11-20,33,0,Publica,4,Noite,6
257,André,Costa,1990-05-01,35,0,Publica,2,Noite,4
258,Eduardo,Costa,1992-04-18,33,1,Particular,7,Tarde,5
259,Fernanda,Rodrigues,1991-09-16,34,1,Publica,8,Tarde,2
260,Camila,Oliveira,1981-10-28,44,0,Publica,1,Tarde,5
261,Fernanda,Pereira,1986-06-08,39,1,Publica,8,Noite,6
262,Fernanda,Almeida,2003-11-24,22,1,Particular,3,Noite,3
263,Gabriel,Lima,1995-03-18,30,0,Publica,2,Noite,1
264,Felipe,Pereira,2006-11-08,19,0,Publica,1,Manha,5
265,Camila,Silva,1999-11-22,26,1,Particular,1,Manha,5
266,Ana,Silva,1996-12-09,29,1,Publica,7,Manha,1
267,Rodrigo,Pereira,1987-04-20,38,1,Particular,5,Tarde,1
268,Larissa,Almeida,1998-04-23,27,0,Particular,2,Noite,6
269,Lucas,Oliveira,1992-07-18,33,1,Publica,1,Noite,2
270,André,Oliveira,2000-06-19,25,0,Publica,4,Manha,6
271,Fernanda,Silva,1982-11-09,43,0,Publica,6,Manha,2
272,Felipe,Souza,1989-03-19,36,0,Particular,6,Tarde,6
273,Lucas,Lima,2003-06-02,22,0,Particular,4,Manha,3
274,Camila,Silva,2000-05-26,25,1,Particular,4,Tarde,5
275,Larissa,Pereira,2001-10-22,24,1,Publica,5,Manha,6
276,Lucas,Rodrigues,1984-07-23,41,0,Particular,6,Tarde,1
277,Rafael,Rodrigues,1994-06-25,31,1,Publica,3,Manha,2
278,Patrícia,Lima,1997-09-14,28,0,Publica,2,Tarde,5
279,Eduardo,Nascimento,2005-06-28,20,1,Publica,5,Tarde,4
280,Rodrigo,Costa,1998-09-06,27,1,Publica,3,Tarde,3
281,Patrícia,Pereira,1982-03-14,43,1,Particular,5,Tarde,1
282,Fernanda,Costa,2003-11-16,22,0,Particular,2,Manha,3
283,Felipe,Santos,2006-10-13,19,1,Particular,6,Tarde,6
284,Pedro,Santos,1999-12-07,26,1,Particular,3,Tarde,3
285,Patrícia,Nascimento,2005-04-11,20,1,Particular,7,Tarde,1
286,Eduardo,Lima,1985-11-25,40,0,Particular,4,Tarde,3
287,Felipe,Almeida,1984-11-10,41,0,Particular,3,Noite,4
288,Julia,Almeida,1999-08-19,26,1,Particular,1,Tarde,6
289,Lucas,Costa,2001-11-12,24,0,Publica,7,Tarde,4
290,Rafael,Souza,1988-04-17,37,0,Particular,6,Tarde,4
291,Bruno,Silva,1995-02-10,30,1,Publica,2,Noite,2
292,Fernanda,Santos,1994-04-17,31,1,Particular,8,Manha,4
293,Camila,Souza,1989-01-26,36,0,Publica,6,Noite,1
294,Carlos,Lima,1985-09-06,40,1,Particular,8,Manha,4
295,Gabriel,Oliveira,1992-01-24,33,0,Particular,7,Tarde,1
296,Carlos,Rodrigues,2004-12-26,21,0,Publica,3,Tarde,3
297,André,Souza,1988-11-28,37,1,Particular,7,Noite,4
298,Bruno,Santos,1994-10-06,31,1,Publica,3,Tarde,1
299,Pedro,Souza,1985-06-23,40,0,Particular,7,Noite,2
300,Larissa,Pereira,1995-11-18,30,0,Publica,8,Tarde,2
301,Bruno,Almeida,1999-01-28,26,1,Publica,8,Manha,2
302,Vanessa,Lima,2000-08-14,25,1,Particular,8,Tarde,2
303,Eduardo,Silva,2005-04-10,20,0,Particular,4,Noite,3
304,André,Nascimento,2003-08-18,22,0,Publica,5,Noite,3
305,André,Lima,1986-07-04,39,0,Particular,1,Tarde,3
306,Julia,Almeida,1983-04-07,42,1,Particular,3,Noite,2
307,Carlos,Silva,1998-06-18,27,1,Publica,6,Noite,3
308,Renata,Rodrigues,1996-11-27,29,0,Publica,7,Manha,3
309,Gabriel,Costa,1984-12-11,41,0,Particular,8,Manha,5
310,Larissa,Oliveira,1994-02-21,31,0,Particular,5,Noite,3
311,Patrícia,Santos,1998-01-28,27,0,Particular,6,Manha,5
312,Beatriz,Oliveira,2006-04-16,19,1,Particular,5,Tarde,5
313,Eduardo,Almeida,2005-06-22,20,0,Publica,2,Noite,4
314,Lucas,Pereira,1994-08-01,31,1,Publica,3,Noite,3
315,Pedro,Souza,2000-06-09,25,0,Particular,3,Manha,4
316,Beatriz,Oliveira,2000-02-23,25,0,Publica,4,Tarde,1
317,Eduardo,Costa,1996-11-15,29,0,Publica,6,Manha,4
318,André,Souza,1987-07-03,38,0,Publica,6,Tarde,3
319,Felipe,Pereira,2000-11-05,25,0,Publica,3,Tarde,3
320,Gabriel,Oliveira,1999-11-15,26,0,Publica,2,Manha,1
321,Camila,Oliveira,1990-03-08,35,1,Publica,4,Noite,5
322,Ana,Rodrigues,1986-09-20,39,0,Particular,5,Noite,1
323,André,Oliveira,1983-04-16,42,0,Publica,6,Tarde,2
324,Renata,Oliveira,1991-09-22,34,0,Particular,2,Manha,5
325,Rafael,Rodrigues,1986-01-02,39,1,Particular,7,Tarde,6
326,Julia,Lima,1997-10-05,28,1,Publica,5,Manha,5
327,Gabriel,Lima,1990-07-19,35,0,Particular,7,Noite,2
328,Carlos,Souza,1993-02-15,32,0,Particular,3,Manha,1
329,Rafael,Pereira,1995-06-17,30,1,Publica,6,Manha,6
330,Julia,Silva,1990-07-09,35,0,Particular,2,Tarde,4
331,Ana,Almeida,1998-03-12,27,0,Particular,2,Noite,6
332,Carlos,Lima,1980-01-28,45,0,Publica,1,Tarde,3
333,Mariana,Pereira,1981-09-26,44,1,Publica,6,Manha,4
334,Fernanda,Souza,1998-06-04,27,0,Publica,4,Noite,1
335,Julia,Almeida,1989-05-11,36,0,Particular,1,Tarde,2
336,Renata,Rodrigues,2003-10-08,22,1,Particular,8,Manha,6
337,Gabriel,Silva,1993-01-08,32,1,Publica,6,Manha,6
338,Fernanda,Souza,1986-09-08,39,1,Particular,1,Manha,6
339,Julia,Silva,1987-09-14,38,1,Particular,2,Noite,1
340,Felipe,Souza,1998-10-02,27,1,Publica,4,Tarde,3
341,Larissa,Santos,1990-08-09,35,0,Publica,4,Manha,5
342,Gabriel,Souza,1985-08-15,40,1,Particular,2,Noite,3
343,André,Rodrigues,1994-05-28,31,0,Publica,3,Noite,3
344,Carlos,Santos,1984-02-23,41,0,Particular,7,Noite,1
345,Fernanda,Pereira,1980-07-28,45,1,Publica,2,Tarde,1
346,Lucas,Silva,1981-04-05,44,0,Particular,6,Noite,6
347,Eduardo,Nascimento,1988-02-01,37,0,Publica,8,Manha,1
348,Julia,Silva,1994-01-06,31,1,Particular,8,Manha,4
349,Mariana,Santos,1986-03-09,39,1,Particular,3,Manha,5
350,Pedro,Almeida,1993-09-16,32,0,Publica,5,Tarde,2
351,Beatriz,Lima,1987-11-26,38,0,Particular,6,Tarde,5
352,Camila,Nascimento,1996-06-13,29,1,Publica,1,Tarde,5
353,Rafael,Rodrigues,1981-08-17,44,1,Publica,3,Manha,2
354,Pedro,Lima,2006-12-02,19,0,Particular,6,Manha,2
355,Eduardo,Santos,2005-12-23,20,1,Publica,6,Noite,5
356,Eduardo,Costa,2006-08-18,19,1,Publica,8,Manha,1
357,Carlos,Nascimento,1987-01-17,38,1,Publica,6,Noite,2
358,Bruno,Pereira,2005-06-02,20,0,Publica,3,Manha,5
359,Julia,Santos,2002-11-13,23,0,Particular,5,Tarde,2
360,Felipe,Almeida,2000-06-06,25,1,Publica,3,Tarde,3
361,Mariana,Pereira,2003-01-23,22,1,Publica,3,Noite,3
362,Eduardo,Souza,1995-03-11,30,0,Publica,6,Tarde,2
363,Bruno,Almeida,1980-05-07,45,0,Publica,6,Tarde,1
364,Rafael,Oliveira,1994-12-14,31,0,Particular,8,Tarde,3
365,Julia,Almeida,2005-10-21,20,0,Publica,8,Manha,1
366,Ana,Santos,1988-02-03,37,1,Publica,7,Manha,6
367,Rodrigo,Souza,1990-10-20,35,1,Publica,7,Noite,2
368,Mariana,Silva,1983-06-07,42,0,Particular,5,Noite,3
369,Beatriz,Souza,1981-07-19,44,1,Publica,1,Tarde,1
370,Julia,Rodrigues,2006-11-21,19,1,Publica,2,Manha,2
371,Pedro,Souza,1995-02-10,30,1,Particular,8,Noite,3
372,Rodrigo,Oliveira,1985-06-13,40,1,Publica,8,Manha,3
373,Patrícia,Rodrigues,1987-05-19,38,0,Publica,2,Manha,6
374,Vanessa,Oliveira,2004-10-08,21,0,Particular,7,Noite,6
375,Renata,Costa,1995-05-03,30,1,Publica,3,Manha,4
376,Gabriel,Costa,2005-04-05,20,0,Particular,2,Noite,4
377,Gabriel,Nascimento,1988-06-24,37,0,Publica,7,Noite,4
378,Fernanda,Lima,1994-01-26,31,1,Publica,7,Manha,2
379,Lucas,Nascimento,2004-02-26,21,1,Particular,7,Tarde,4
380,Renata,Nascimento,1995-01-06,30,1,Particular,3,Noite,5
381,Ana,Oliveira,1990-12-08,35,0,Particular,5,Tarde,1
382,Fernanda,Rodrigues,1988-08-28,37,0,Publica,3,Tarde,6
383,Camila,Rodrigues,2003-07-20,22,0,Publica,8,Manha,4
384,Vanessa,Santos,2006-01-17,19,0,Publica,5,Noite,5
385,Mariana,Lima,1998-01-06,27,0,Publica,1,Manha,1
386,Ana,Santos,2002-04-09,23,1,Particular,7,Noite,1
387,Carlos,Santos,1995-10-15,30,0,Particular,6,Tarde,2
388,Julia,Rodrigues,1980-07-02,45,0,Publica,4,Noite,2
389,Pedro,Oliveira,1996-01-28,29,0,Particular,3,Noite,2
390,Carlos,Rodrigues,1999-05-23,26,1,Particular,7,Tarde,4
391,Beatriz,Almeida,1989-11-17,36,1,Publica,1,Noite,6
392,Vanessa,Nascimento,1999-05-10,26,0,Particular,2,Tarde,3
393,Fernanda,Rodrigues,2000-12-21,25,1,Publica,3,Noite,2
394,Eduardo,Oliveira,2001-06-22,24,0,Publica,8,Tarde,3
395,Larissa,Oliveira,2003-01-19,22,0,Particular,4,Noite,5
396,Camila,Lima,1989-03-27,36,0,Particular,2,Tarde,2
397,Vanessa,Pereira,2001-06-21,24,0,Publica,6,Manha,6
398,Larissa,Santos,1991-05-19,34,1,Particular,2,Tarde,1
399,André,Costa,1996-02-28,29,1,Particular,7,Manha,2
400,Carlos,Santos,1993-10-15,32,0,Particular,3,Manha,4
401,Mariana,Santos,2000-01-01,25,1,Particular,4,Manha,5
402,André,Souza,1984-10-14,41,1,Particular,7,Tarde,4
403,Rafael,Lima,1986-12-12,39,0,Particular,4,Manha,6
404,Carlos,Costa,2002-06-10,23,0,Publica,7,Noite,5
405,Mariana,Souza,2006-01-10,19,1,Particular,6,Tarde,6
406,Bruno,Almeida,1991-04-06,34,1,Publica,4,Manha,6
407,Carlos,Silva,1998-09-06,27,0,Particular,1,Tarde,6
408,Vanessa,Nascimento,1981-10-02,44,0,Publica,1,Noite,1
409,Patrícia,Oliveira,1983-09-09,42,1,Publica,4,Noite,6
410,Pedro,Oliveira,2001-02-22,24,1,Publica,7,Manha,5
411,Pedro,Souza,2005-02-16,20,0,Publica,5,Noite,2
412,Larissa,Rodrigues,1985-01-18,40,1,Publica,8,Tarde,2
413,Rafael,Souza,1983-10-22,42,1,Publica,2,Noite,1
414,Pedro,Costa,1994-05-09,31,1,Publica,2,Manha,1
415,Camila,Santos,1993-12-04,32,0,Publica,1,Manha,6
416,Bruno,Santos,1994-10-09,31,0,Particular,6,Manha,1
417,Larissa,Almeida,1988-07-23,37,1,Particular,3,Manha,2
418,Gabriel,Souza,1993-10-16,32,1,Publica,7,Tarde,5
419,Gabriel,Almeida,1995-02-14,30,1,Publica,2,Tarde,6
420,Ana,Lima,2004-12-19,21,0,Particular,2,Tarde,6
421,André,Santos,2001-11-21,24,1,Publica,1,Manha,6
422,Rodrigo,Almeida,1995-03-03,30,1,Particular,4,Tarde,3
423,Rodrigo,Costa,1997-11-13,28,1,Publica,2,Tarde,4
424,Julia,Almeida,1994-06-04,31,1,Publica,2,Tarde,4
425,Rodrigo,Lima,1980-02-26,45,1,Publica,8,Tarde,3
426,Carlos,Almeida,1990-09-25,35,1,Particular,8,Manha,1
427,Rafael,Santos,1991-11-26,34,1,Particular,2,Manha,2
428,Mariana,Oliveira,1983-05-20,42,0,Publica,2,Tarde,2
429,Beatriz,Santos,1983-07-02,42,0,Particular,8,Noite,5
430,André,Silva,1996-12-02,29,1,Particular,3,Noite,5
431,Gabriel,Souza,1992-11-20,33,1,Particular,7,Noite,6
432,Pedro,Oliveira,1990-05-15,35,0,Publica,7,Noite,6
433,Vanessa,Santos,2002-12-18,23,0,Publica,4,Noite,6
434,Camila,Pereira,2002-11-06,23,1,Publica,6,Noite,4
435,Vanessa,Rodrigues,1993-01-17,32,0,Publica,7,Manha,1
436,Carlos,Rodrigues,2004-03-10,21,1,Publica,1,Noite,3
437,Rodrigo,Silva,1991-08-04,34,0,Particular,4,Noite,6
438,Ana,Oliveira,1992-07-26,33,1,Publica,1,Noite,3
439,Eduardo,Almeida,2006-04-21,19,1,Publica,4,Tarde,4
440,Lucas,Pereira,1985-12-17,40,0,Particular,1,Tarde,3
441,Mariana,Pereira,1998-05-01,27,1,Particular,3,Manha,2
442,Renata,Silva,2004-11-20,21,1,Particular,6,Manha,6
443,Vanessa,Costa,1985-09-03,40,0,Particular,7,Manha,3
444,Carlos,Santos,1990-06-10,35,0,Particular,1,Manha,6
445,Patrícia,Costa,2000-10-20,25,0,Publica,6,Tarde,1
446,Fernanda,Lima,2003-05-01,22,1,Particular,8,Manha,3
447,Bruno,Lima,1982-02-06,43,0,Publica,4,Noite,6
448,Felipe,Souza,1986-09-27,39,1,Publica,3,Manha,4
449,Ana,Souza,1982-01-06,43,1,Publica,4,Tarde,4
450,Patrícia,Oliveira,1993-06-01,32,1,Publica,1,Noite,6
451,Eduardo,Silva,2002-02-12,23,0,Particular,5,Noite,1
452,Patrícia,Oliveira,1992-11-01,33,1,Publica,4,Manha,6
453,Vanessa,Rodrigues,2000-03-10,25,1,Publica,3,Manha,1
454,Eduardo,Nascimento,1992-09-18,33,0,Particular,4,Noite,6
455,Beatriz,Oliveira,2000-09-05,25,0,Publica,4,Noite,3
456,Lucas,Pereira,2001-10-28,24,0,Particular,2,Tarde,6
457,Pedro,Souza,1986-12-19,39,1,Particular,6,Manha,6
458,Lucas,Rodrigues,1999-02-07,26,1,Particular,8,Tarde,5
459,Renata,Pereira,1998-10-12,27,1,Particular,3,Manha,3
460,Carlos,Oliveira,1988-06-05,37,1,Particular,8,Tarde,3
461,Patrícia,Lima,1983-03-21,42,0,Particular,3,Noite,2
462,Julia,Souza,1980-09-21,45,0,Particular,4,Manha,5
463,Vanessa,Lima,1995-11-25,30,0,Particular,7,Manha,5
464,Mariana,Almeida,1996-09-03,29,1,Particular,1,Noite,2
465,Rodrigo,Pereira,1994-03-06,31,0,Particular,6,Manha,2
466,Beatriz,Souza,1988-06-08,37,0,Publica,6,Tarde,4
467,Ana,Silva,2000-06-04,25,1,Particular,3,Tarde,6
468,Camila,Nascimento,2000-02-17,25,1,Particular,4,Noite,4
469,Camila,Almeida,2005-08-20,20,0,Publica,8,Manha,2
470,Rodrigo,Rodrigues,1986-03-06,39,0,Particular,2,Noite,2
471,Camila,Souza,1995-11-16,30,1,Publica,3,Noite,4
472,Carlos,Silva,1984-10-19,41,0,Publica,1,Noite,2
473,Gabriel,Rodrigues,1985-09-13,40,0,Particular,2,Manha,4
474,Patrícia,Pereira,1987-07-20,38,0,Publica,5,Manha,6
475,Patrícia,Nascimento,1998-02-08,27,1,Particular,3,Manha,1
476,Rodrigo,Lima,2001-07-27,24,0,Publica,3,Tarde,5
477,Rodrigo,Lima,2004-02-03,21,1,Publica,1,Noite,6
478,Vanessa,Oliveira,1991-01-23,34,1,Publica,8,Tarde,3
479,Felipe,Pereira,1988-08-25,37,0,Publica,5,Noite,5
480,Fernanda,Costa,1980-12-24,45,0,Publica,1,Tarde,6
481,Bruno,Oliveira,1991-02-05,34,1,Particular,5,Noite,4
482,Renata,Rodrigues,2001-07-25,24,0,Particular,8,Manha,3
483,Fernanda,Rodrigues,1998-06-25,27,1,Publica,2,Noite,2
484,Mariana,Souza,1986-09-13,39,1,Publica,3,Tarde,6
485,Lucas,Pereira,1995-10-14,30,0,Publica,5,Manha,3
486,Eduardo,Silva,2003-07-13,22,1,Publica,3,Noite,4
487,Ana,Costa,2001-09-10,24,0,Publica,4,Noite,2
488,Bruno,Costa,2000-01-06,25,0,Particular,7,Tarde,6
489,Larissa,Nascimento,1986-09-01,39,0,Publica,5,Noite,5
490,Camila,Rodrigues,1987-10-07,38,1,Particular,1,Tarde,2
491,Vanessa,Souza,1997-02-17,28,1,Particular,2,Noite,3
492,Patrícia,Oliveira,1998-08-25,27,0,Particular,8,Noite,4
493,André,Souza,1988-02-13,37,0,Publica,6,Tarde,3
494,Pedro,Costa,1989-02-13,36,1,Publica,3,Tarde,3
495,Beatriz,Nascimento,1988-03-24,37,0,Particular,4,Manha,6
496,Pedro,Costa,1987-04-27,38,0,Particular,3,Manha,1
497,André,Nascimento,1980-09-02,45,1,Particular,6,Tarde,5
498,Patrícia,Pereira,2004-09-09,21,1,Publica,3,Manha,5
499,Patrícia,Lima,1981-09-12,44,1,Publica,8,Manha,6
500,Camila,Silva,1980-11-07,45,1,Publica,6,Tarde,5
501,Mariana,Lima,1988-04-09,37,1,Particular,6,Manha,4
502,Beatriz,Oliveira,2002-06-12,23,1,Particular,8,Manha,5
503,Eduardo,Costa,2006-02-24,19,1,Publica,7,Tarde,2
504,Gabriel,Almeida,2005-01-06,20,1,Particular,3,Noite,5
505,Patrícia,Rodrigues,1988-09-28,37,0,Particular,2,Noite,2
506,Carlos,Rodrigues,1995-11-04,30,1,Particular,5,Tarde,3
507,Camila,Silva,1993-02-12,32,0,Publica,5,Tarde,3
508,Patrícia,Souza,1992-10-10,33,1,Publica,3,Noite,3
509,Renata,Nascimento,1992-02-03,33,0,Particular,4,Tarde,3
510,Fernanda,Nascimento,2000-07-09,25,1,Particular,8,Tarde,2
511,Rafael,Pereira,2003-04-22,22,1,Publica,4,Manha,4
512,Lucas,Souza,1995-09-02,30,0,Particular,2,Manha,3
513,Lucas,Oliveira,1989-04-08,36,1,Particular,3,Manha,5
514,Rafael,Silva,2001-06-28,24,1,Particular,8,Noite,3
515,Mariana,Lima,1985-10-20,40,1,Particular,5,Tarde,4
516,Lucas,Almeida,1989-06-14,36,1,Publica,5,Manha,1
517,Bruno,Rodrigues,1995-09-01,30,1,Particular,5,Manha,4
518,Renata,Costa,2005-01-18,20,1,Publica,7,Noite,4
519,Beatriz,Pereira,2002-12-21,23,1,Particular,4,Tarde,1
520,Beatriz,Lima,2004-10-26,21,1,Particular,5,Tarde,2
521,Gabriel,Pereira,1989-02-21,36,1,Particular,5,Noite,5
522,Beatriz,Santos,1980-03-02,45,0,Publica,2,Tarde,3
523,André,Silva,1987-02-05,38,0,Particular,4,Tarde,4
524,Patrícia,Santos,1994-12-26,31,0,Particular,2,Manha,1
525,Larissa,Souza,1997-08-06,28,0,Particular,7,Manha,1
526,Felipe,Almeida,1987-12-02,38,0,Particular,2,Noite,6
527,André,Oliveira,2001-05-11,24,0,Publica,2,Tarde,4
528,Beatriz,Santos,1981-11-07,44,0,Publica,7,Tarde,1
529,Pedro,Nascimento,1983-07-26,42,0,Publica,1,Noite,6
530,Renata,Pereira,1991-02-08,34,0,Particular,2,Noite,5
531,Ana,Silva,1991-11-05,34,0,Publica,8,Manha,3
532,Patrícia,Costa,1980-12-13,45,1,Publica,5,Manha,4
533,Vanessa,Rodrigues,1997-12-16,28,0,Publica,6,Tarde,6
534,Fernanda,Nascimento,1997-03-03,28,0,Particular,5,Tarde,5
535,Patrícia,Silva,2004-11-17,21,1,Publica,1,Noite,3
536,Bruno,Souza,2001-09-27,24,1,Publica,8,Noite,2
537,Camila,Oliveira,2000-06-04,25,0,Publica,1,Manha,2
538,Carlos,Souza,1995-04-04,30,0,Particular,8,Noite,5
539,Ana,Santos,1987-10-23,38,0,Publica,4,Noite,4
540,André,Silva,1991-09-24,34,1,Particular,1,Noite,3
541,Lucas,Rodrigues,1982-04-17,43,0,Publica,4,Noite,4
542,Carlos,Lima,2001-04-19,24,0,Particular,2,Noite,5
543,Patrícia,Oliveira,1983-03-26,42,0,Particular,6,Noite,2
544,Camila,Santos,1997-06-28,28,1,Particular,7,Noite,3
545,Eduardo,Lima,1986-07-25,39,1,Particular,8,Tarde,4
546,Rafael,Rodrigues,1999-01-17,26,0,Particular,1,Tarde,2
547,Bruno,Silva,2004-12-27,21,1,Publica,2,Manha,4
548,Mariana,Pereira,1988-06-19,37,0,Publica,5,Tarde,1
549,Renata,Costa,2003-02-24,22,1,Particular,3,Tarde,6
550,Eduardo,Rodrigues,1981-12-26,44,1,Publica,1,Tarde,3
551,Larissa,Souza,2004-04-24,21,0,Particular,1,Tarde,5
552,Bruno,Lima,1998-03-11,27,0,Publica,1,Noite,6
553,Patrícia,Nascimento,1998-09-03,27,0,Particular,5,Tarde,2
554,Bruno,Souza,1995-10-24,30,0,Particular,5,Manha,4
555,Mariana,Pereira,1995-09-07,30,1,Particular,4,Noite,5
556,Carlos,Souza,1988-07-11,37,0,Publica,7,Tarde,3
557,Beatriz,Santos,1991-10-21,34,0,Particular,3,Tarde,5
558,Renata,Pereira,1994-01-27,31,0,Publica,6,Manha,6
559,Lucas,Silva,1987-10-05,38,1,Publica,6,Noite,1
560,Patrícia,Almeida,1980-06-07,45,0,Publica,5,Noite,4
561,Rafael,Oliveira,1998-11-17,27,0,Particular,3,Manha,3
562,Eduardo,Rodrigues,1981-08-21,44,0,Publica,7,Noite,3
563,Julia,Silva,1989-11-13,36,0,Particular,2,Tarde,4
564,Gabriel,Costa,1996-08-18,29,0,Publica,4,Noite,3
565,Patrícia,Oliveira,2003-03-01,22,1,Particular,6,Noite,3
566,Rodrigo,Rodrigues,2005-01-21,20,1,Particular,1,Noite,3
567,Gabriel,Santos,1992-11-05,33,0,Particular,4,Tarde,2
568,Felipe,Rodrigues,1999-06-15,26,0,Publica,3,Noite,5
569,Gabriel,Rodrigues,2002-12-17,23,0,Particular,3,Noite,5
570,Bruno,Souza,1997-09-24,28,0,Publica,6,Manha,6
571,Bruno,Oliveira,1993-05-15,32,1,Publica,4,Manha,2
572,Rafael,Nascimento,1999-05-20,26,0,Publica,4,Noite,1
573,Julia,Almeida,1984-09-28,41,1,Particular,3,Tarde,4
574,Mariana,Pereira,1986-04-02,39,1,Publica,5,Tarde,2
575,Carlos,Souza,1985-08-28,40,1,Particular,8,Manha,4
576,Ana,Nascimento,2003-07-24,22,1,Particular,1,Noite,1
577,Patrícia,Silva,1987-09-18,38,1,Publica,7,Noite,6
578,Carlos,Rodrigues,1994-07-10,31,1,Particular,3,Tarde,3
579,Rodrigo,Pereira,1994-11-15,31,0,Publica,3,Noite,6
580,Felipe,Oliveira,1990-08-01,35,0,Particular,4,Tarde,1
581,Camila,Pereira,2002-12-04,23,0,Publica,8,Noite,3
582,Rodrigo,Oliveira,2003-09-20,22,0,Particular,7,Manha,2
583,Renata,Pereira,1985-03-06,40,0,Particular,5,Tarde,6
584,Fernanda,Pereira,1983-03-07,42,0,Particular,1,Tarde,4
585,Vanessa,Silva,1999-08-08,26,0,Particular,8,Tarde,4
586,Eduardo,Nascimento,1980-04-18,45,1,Publica,1,Manha,2
587,Bruno,Silva,1984-01-22,41,1,Particular,2,Manha,1
588,Mariana,Pereira,2001-05-20,24,0,Particular,6,Manha,1
589,Camila,Santos,1992-02-25,33,1,Publica,5,Tarde,2
590,Pedro,Santos,1996-07-17,29,0,Publica,1,Manha,5
591,André,Nascimento,2005-12-10,20,1,Particular,5,Noite,5
592,Mariana,Nascimento,1998-08-17,27,1,Particular,3,Noite,2
593,Beatriz,Silva,1983-01-15,42,0,Publica,7,Tarde,1
594,Camila,Lima,2005-11-07,20,0,Publica,5,Tarde,1
595,Fernanda,Lima,1997-06-25,28,0,Publica,6,Tarde,4
596,Gabriel,Costa,1990-06-22,35,1,Particular,1,Noite,2
597,Mariana,Almeida,1997-06-15,28,1,Publica,5,Noite,6
598,Vanessa,Lima,1980-04-19,45,1,Particular,2,Manha,3
599,Bruno,Oliveira,2000-09-27,25,0,Particular,3,Noite,1
600,Camila,Silva,1988-07-03,37,1,Publica,6,Tarde,3
601,Rodrigo,Rodrigues,1985-02-12,40,0,Publica,2,Tarde,5
602,André,Lima,1984-04-11,41,1,Particular,6,Manha,1
603,Carlos,Silva,1994-07-23,31,0,Publica,5,Manha,6
604,Bruno,Almeida,1981-02-17,44,1,Publica,5,Noite,2
605,Beatriz,Costa,1989-05-18,36,1,Particular,2,Tarde,2
606,Pedro,Souza,1980-10-18,45,0,Publica,6,Noite,3
607,Mariana,Rodrigues,1998-04-06,27,0,Particular,6,Noite,4
608,Gabriel,Silva,1995-11-02,30,0,Particular,1,Manha,4
609,Mariana,Nascimento,1998-11-27,27,1,Particular,5,Tarde,2
610,André,Nascimento,1984-02-27,41,1,Publica,8,Tarde,6
611,Patrícia,Costa,1987-03-28,38,1,Particular,7,Manha,6
612,Camila,Almeida,1995-01-03,30,1,Publica,6,Tarde,4
613,Pedro,Santos,1999-10-05,26,0,Particular,2,Tarde,5
614,Pedro,Lima,1994-07-19,31,1,Publica,4,Noite,2
615,Larissa,Souza,1990-04-27,35,1,Particular,6,Noite,6
616,Gabriel,Souza,2003-12-19,22,1,Publica,8,Tarde,5
617,André,Pereira,1989-07-03,36,0,Particular,6,Tarde,6
618,Lucas,Costa,2006-03-19,19,0,Publica,3,Tarde,5
619,Larissa,Nascimento,1998-08-07,27,0,Particular,5,Noite,6
620,Larissa,Santos,1982-10-01,43,1,Publica,5,Manha,3
621,Rafael,Lima,2006-06-04,19,1,Publica,4,Tarde,6
622,Camila,Oliveira,1992-07-14,33,0,Publica,8,Manha,2
623,Camila,Oliveira,1984-05-28,41,0,Publica,1,Manha,6
624,Gabriel,Almeida,2001-07-05,24,0,Publica,7,Tarde,6
625,Renata,Pereira,1994-09-14,31,1,Particular,6,Manha,2
626,Renata,Silva,1998-08-28,27,0,Particular,7,Noite,5
627,Ana,Silva,1998-08-23,27,1,Publica,8,Noite,1
628,Rodrigo,Rodrigues,1994-09-03,31,0,Publica,8,Noite,6
629,Rodrigo,Nascimento,1989-10-02,36,1,Publica,8,Tarde,5
630,Renata,Santos,1993-06-26,32,1,Particular,3,Manha,6
631,Renata,Rodrigues,1981-11-16,44,0,Publica,5,Noite,5
632,Pedro,Almeida,1982-03-17,43,0,Particular,5,Manha,5
633,Fernanda,Rodrigues,1980-12-04,45,0,Publica,8,Tarde,2
634,Beatriz,Almeida,1985-09-28,40,0,Particular,2,Manha,5
635,André,Oliveira,2004-07-08,21,1,Publica,4,Noite,6
636,Ana,Rodrigues,2004-02-02,21,0,Particular,7,Tarde,3
637,Vanessa,Costa,1992-11-23,33,1,Particular,5,Manha,5
638,Ana,Rodrigues,2005-08-13,20,1,Publica,2,Noite,6
639,Larissa,Nascimento,2000-05-11,25,1,Particular,2,Tarde,6
640,Patrícia,Costa,2003-11-19,22,0,Particular,3,Tarde,5
641,Rafael,Souza,1980-07-04,45,0,Particular,6,Manha,6
642,Fernanda,Costa,1981-01-20,44,0,Publica,4,Noite,6
643,Lucas,Souza,1999-03-13,26,0,Publica,3,Tarde,3
644,Julia,Almeida,1988-07-23,37,1,Particular,3,Manha,3
645,Felipe,Oliveira,1990-01-09,35,1,Publica,8,Manha,4
646,Eduardo,Oliveira,1985-11-16,40,0,Publica,7,Manha,5
647,André,Rodrigues,1983-01-03,42,0,Particular,8,Manha,4
648,Rafael,Silva,2001-07-09,24,0,Particular,7,Noite,1
649,Patrícia,Oliveira,1992-12-25,33,0,Publica,1,Tarde,6
650,Julia,Nascimento,1997-06-11,28,1,Particular,1,Noite,6
651,Bruno,Lima,1990-02-27,35,1,Particular,4,Manha,5
652,Felipe,Costa,1989-12-13,36,0,Particular,8,Manha,6
653,Beatriz,Pereira,1981-04-01,44,0,Particular,7,Manha,5
654,Patrícia,Lima,2006-08-01,19,0,Particular,1,Tarde,6
655,Felipe,Souza,1986-11-22,39,1,Publica,4,Manha,1
656,André,Silva,1995-10-02,30,0,Publica,1,Manha,6
657,Pedro,Souza,1994-10-06,31,0,Publica,2,Tarde,5
658,Lucas,Costa,1993-06-26,32,1,Particular,2,Noite,5
659,Bruno,Costa,2004-01-19,21,0,Particular,2,Manha,3
660,Felipe,Pereira,2002-06-18,23,0,Particular,4,Noite,1
661,Lucas,Nascimento,1992-03-01,33,1,Publica,1,Manha,2
662,Eduardo,Rodrigues,1993-12-26,32,1,Publica,4,Manha,6
663,Vanessa,Almeida,1993-04-06,32,0,Publica,8,Noite,1
664,Camila,Oliveira,1980-09-08,45,0,Publica,2,Noite,3
665,André,Costa,1988-01-07,37,0,Publica,8,Tarde,2
666,Rafael,Silva,2000-06-10,25,0,Particular,5,Tarde,5
667,Ana,Souza,2003-01-18,22,0,Publica,1,Tarde,5
668,Lucas,Costa,2003-08-19,22,1,Particular,4,Noite,6
669,Beatriz,Souza,1990-04-04,35,0,Particular,4,Tarde,2
670,André,Nascimento,1995-01-14,30,0,Publica,8,Manha,4
671,Mariana,Almeida,2003-04-21,22,1,Particular,4,Tarde,2
672,Eduardo,Silva,1988-03-04,37,1,Particular,7,Manha,3
673,Pedro,Nascimento,1985-11-20,40,0,Publica,2,Tarde,5
674,Beatriz,Nascimento,1995-08-09,30,0,Particular,4,Manha,3
675,Renata,Costa,1998-03-19,27,0,Particular,1,Manha,4
676,Felipe,Lima,1992-08-26,33,0,Particular,8,Manha,1
677,Felipe,Costa,1984-06-10,41,0,Publica,1,Tarde,6
678,Mariana,Almeida,1998-12-19,27,0,Particular,8,Manha,6
679,Mariana,Santos,2000-08-23,25,0,Publica,7,Noite,3
680,Pedro,Oliveira,2004-05-23,21,0,Publica,6,Noite,1
681,Ana,Souza,1992-06-15,33,0,Particular,6,Manha,6
682,Rodrigo,Costa,1984-06-08,41,0,Particular,4,Noite,2
683,Camila,Rodrigues,1996-11-14,29,1,Publica,2,Tarde,3
684,Patrícia,Lima,1996-02-16,29,1,Particular,6,Noite,6
685,Carlos,Almeida,1982-02-13,43,0,Particular,2,Manha,2
686,Julia,Pereira,1995-03-28,30,0,Publica,5,Tarde,6
687,André,Santos,1993-08-24,32,0,Particular,4,Manha,1
688,Rodrigo,Santos,1993-10-11,32,1,Particular,8,Tarde,3
689,Pedro,Pereira,2005-05-08,20,1,Particular,5,Manha,2
690,Fernanda,Almeida,1985-10-06,40,1,Publica,3,Noite,6
691,Gabriel,Costa,1983-01-11,42,0,Particular,5,Tarde,2
692,Rodrigo,Silva,2001-06-12,24,0,Particular,8,Noite,2
693,Julia,Silva,1992-08-25,33,0,Particular,6,Manha,1
694,Fernanda,Almeida,1989-10-22,36,0,Particular,6,Noite,1
695,Ana,Pereira,2001-09-04,24,1,Publica,7,Noite,2
696,Camila,Souza,1990-01-20,35,0,Publica,5,Manha,1
697,Rodrigo,Almeida,2001-11-03,24,1,Publica,8,Tarde,5
698,Bruno,Oliveira,1984-12-28,41,1,Particular,7,Tarde,1
699,Camila,Santos,1989-08-28,36,0,Publica,8,Noite,4
700,Fernanda,Pereira,2005-12-14,20,1,Publica,2,Manha,2
701,Patrícia,Lima,1990-02-19,35,1,Publica,1,Tarde,6
702,Larissa,Pereira,1997-08-23,28,0,Publica,3,Tarde,3
703,Ana,Rodrigues,2006-10-10,19,1,Particular,4,Manha,1
704,Pedro,Rodrigues,2000-11-16,25,0,Particular,7,Manha,4
705,Rafael,Souza,2004-05-16,21,0,Particular,8,Noite,4
706,Patrícia,Souza,1991-09-24,34,0,Particular,3,Noite,1
707,Bruno,Almeida,2002-03-12,23,0,Publica,5,Tarde,4
708,Ana,Rodrigues,1989-09-21,36,0,Publica,3,Manha,5
709,Rodrigo,Santos,1990-11-26,35,1,Particular,6,Manha,5
710,Mariana,Silva,1984-09-10,41,1,Particular,7,Tarde,2
711,Carlos,Pereira,1996-04-27,29,0,Publica,7,Tarde,1
712,Gabriel,Silva,1995-06-10,30,1,Publica,8,Noite,5
713,Mariana,Rodrigues,1980-12-27,45,0,Publica,3,Noite,2
714,Pedro,Pereira,1986-03-03,39,1,Publica,2,Manha,4
715,Ana,Costa,1983-01-26,42,0,Particular,2,Tarde,1
716,Pedro,Silva,2004-02-26,21,0,Publica,4,Manha,6
717,Ana,Souza,1984-12-09,41,1,Particular,3,Noite,6
718,Rodrigo,Nascimento,1982-02-27,43,0,Publica,4,Tarde,2
719,Lucas,Costa,1996-12-16,29,1,Publica,8,Noite,1
720,Bruno,Oliveira,1993-04-17,32,0,Particular,2,Tarde,1
721,Julia,Lima,1984-08-25,41,1,Particular,1,Manha,3
722,Julia,Oliveira,1989-08-20,36,1,Particular,4,Noite,4
723,Larissa,Costa,1982-08-22,43,1,Publica,1,Noite,4
724,Felipe,Almeida,1996-11-22,29,0,Publica,3,Tarde,4
725,Gabriel,Souza,1991-04-11,34,0,Particular,2,Manha,4
726,Fernanda,Nascimento,1998-05-25,27,1,Particular,8,Noite,5
727,Patrícia,Lima,1988-03-25,37,1,Publica,2,Tarde,4
728,Beatriz,Pereira,1980-02-24,45,0,Publica,8,Noite,1
729,Felipe,Nascimento,2001-06-05,24,1,Publica,2,Noite,5
730,Patrícia,Costa,1989-11-16,36,1,Particular,6,Noite,5
731,Rafael,Oliveira,1983-07-15,42,1,Particular,8,Tarde,1
732,Gabriel,Lima,2001-05-23,24,0,Particular,7,Manha,3
733,Patrícia,Souza,1998-11-16,27,1,Particular,3,Noite,1
734,Fernanda,Almeida,1998-07-20,27,1,Particular,6,Manha,1
735,Gabriel,Santos,1991-12-19,34,0,Particular,7,Manha,4
736,Camila,Oliveira,1991-01-22,34,0,Publica,4,Noite,3
737,Lucas,Rodrigues,1983-06-06,42,0,Particular,1,Tarde,6
738,Renata,Lima,1993-05-01,32,1,Publica,6,Tarde,5
739,Camila,Nascimento,1983-08-04,42,0,Particular,8,Noite,6
740,Mariana,Nascimento,1989-06-14,36,0,Particular,2,Noite,2
741,Fernanda,Silva,1989-10-13,36,0,Publica,2,Noite,3
742,Julia,Nascimento,2005-09-16,20,1,Publica,6,Manha,6
743,Vanessa,Rodrigues,1993-11-18,32,1,Publica,7,Tarde,3
744,Vanessa,Pereira,1980-11-23,45,0,Particular,4,Noite,6
745,Fernanda,Lima,2005-10-28,20,1,Publica,4,Tarde,4
746,Carlos,Pereira,2003-11-25,22,1,Particular,7,Tarde,1
747,Felipe,Rodrigues,2006-05-21,19,0,Particular,4,Tarde,2
748,Gabriel,Costa,1980-04-26,45,1,Particular,8,Noite,4
749,Ana,Costa,1985-05-05,40,0,Particular,5,Noite,5
750,Rafael,Almeida,2005-01-02,20,0,Particular,5,Manha,4
751,Julia,Oliveira,2006-12-27,19,0,Publica,2,Noite,6
752,Rodrigo,Nascimento,2004-09-09,21,1,Publica,4,Noite,1
753,Camila,Nascimento,2003-07-26,22,0,Particular,4,Manha,1
754,Carlos,Rodrigues,1994-07-09,31,0,Particular,6,Noite,1
755,Vanessa,Oliveira,1995-11-08,30,1,Publica,6,Tarde,6
756,Fernanda,Silva,2000-10-02,25,0,Publica,5,Noite,4
757,Camila,Souza,1997-04-28,28,1,Particular,1,Tarde,3
758,Julia,Costa,1989-04-28,36,0,Particular,6,Noite,4
759,Pedro,Souza,2006-08-16,19,1,Particular,7,Manha,2
760,Vanessa,Souza,1991-07-20,34,1,Particular,1,Manha,6
761,André,Pereira,1980-07-07,45,1,Particular,2,Manha,2
762,Rodrigo,Pereira,1999-11-14,26,1,Particular,8,Noite,2
763,Mariana,Nascimento,2006-06-26,19,1,Publica,2,Tarde,3
764,Felipe,Oliveira,2006-10-08,19,0,Publica,4,Manha,4
765,Pedro,Pereira,1981-07-20,44,1,Particular,3,Manha,3
766,Eduardo,Souza,1980-12-17,45,1,Particular,8,Manha,2
767,Carlos,Rodrigues,1989-12-16,36,1,Publica,7,Manha,5
768,Pedro,Costa,1993-03-14,32,0,Publica,5,Tarde,2
769,Beatriz,Santos,1998-11-21,27,1,Publica,1,Tarde,2
770,Larissa,Costa,2002-07-23,23,1,Particular,2,Manha,5
771,Rafael,Santos,1987-08-12,38,0,Publica,5,Noite,5
772,Fernanda,Oliveira,2001-06-05,24,0,Publica,5,Manha,5
773,Camila,Almeida,1984-02-11,41,1,Publica,5,Manha,3
774,Gabriel,Almeida,2006-05-24,19,1,Particular,5,Tarde,5
775,Vanessa,Santos,1993-03-11,32,1,Publica,8,Manha,2
776,Rafael,Costa,1985-01-16,40,1,Publica,8,Tarde,1
777,Ana,Almeida,1991-12-18,34,1,Particular,8,Manha,6
778,Lucas,Santos,1982-04-28,43,1,Publica,3,Noite,5
779,Renata,Nascimento,1986-10-01,39,0,Particular,2,Manha,4
780,Bruno,Silva,1989-11-22,36,0,Particular,6,Noite,1
781,Mariana,Silva,1982-08-27,43,1,Particular,5,Noite,6
782,Bruno,Silva,2000-10-15,25,1,Publica,4,Manha,6
783,Camila,Silva,2003-02-18,22,1,Publica,7,Tarde,2
784,Felipe,Souza,1980-04-06,45,1,Particular,5,Noite,6
785,Lucas,Rodrigues,1995-07-24,30,1,Publica,6,Noite,1
786,Vanessa,Costa,1995-08-13,30,1,Particular,7,Manha,4
787,Renata,Pereira,1993-11-14,32,0,Publica,6,Tarde,6
788,Gabriel,Almeida,1996-11-21,29,0,Particular,8,Tarde,1
789,Fernanda,Pereira,1984-11-10,41,0,Particular,5,Noite,1
790,Rafael,Lima,1983-09-14,42,1,Publica,8,Noite,6
791,Camila,Rodrigues,1998-02-25,27,0,Publica,8,Manha,2
792,Ana,Souza,1993-12-10,32,1,Particular,8,Noite,3
793,Mariana,Costa,1985-02-24,40,1,Publica,7,Noite,1
794,Felipe,Souza,1980-03-21,45,1,Particular,7,Noite,6
795,Fernanda,Nascimento,2006-10-12,19,1,Particular,2,Manha,2
796,Carlos,Souza,2006-01-23,19,0,Publica,4,Tarde,6
797,Carlos,Oliveira,2006-11-28,19,0,Publica,5,Tarde,2
798,Larissa,Silva,1983-03-05,42,1,Particular,8,Manha,4
799,Carlos,Rodrigues,1998-07-02,27,1,Publica,2,Noite,6
800,Larissa,Almeida,2003-10-20,22,1,Publica,8,Tarde,4
801,Beatriz,Silva,1996-01-14,29,1,Publica,5,Noite,4
802,Julia,Almeida,1999-11-12,26,1,Particular,1,Manha,3
803,André,Santos,1994-04-17,31,0,Particular,8,Manha,3
804,Larissa,Santos,2005-08-26,20,0,Publica,5,Noite,6
805,André,Pereira,1985-04-06,40,1,Publica,7,Tarde,3
806,Carlos,Lima,1981-01-12,44,1,Particular,3,Manha,5
807,Lucas,Santos,1993-02-20,32,0,Publica,4,Tarde,3
808,Camila,Silva,2004-09-09,21,0,Publica,1,Tarde,4
809,Lucas,Nascimento,1999-02-27,26,0,Publica,3,Noite,1
810,Bruno,Pereira,2003-05-23,22,1,Particular,2,Manha,6
811,Camila,Pereira,1983-04-15,42,1,Publica,4,Tarde,3
812,Vanessa,Pereira,1982-05-12,43,1,Particular,4,Manha,5
813,Beatriz,Pereira,2005-07-14,20,1,Particular,6,Manha,4
814,Rafael,Lima,1982-02-11,43,1,Particular,3,Tarde,1
815,Ana,Pereira,1998-01-21,27,1,Particular,7,Noite,6
816,Camila,Santos,1980-05-17,45,0,Particular,8,Noite,2
817,Camila,Oliveira,2004-04-10,21,0,Publica,6,Tarde,6
818,Rodrigo,Lima,1989-04-03,36,1,Particular,3,Manha,1
819,Beatriz,Rodrigues,2003-07-17,22,0,Publica,6,Tarde,6
820,Julia,Silva,2004-11-04,21,1,Particular,1,Tarde,3
821,Eduardo,Nascimento,2002-11-22,23,0,Particular,5,Tarde,6
822,Felipe,Lima,2003-04-04,22,1,Publica,6,Tarde,1
823,Felipe,Oliveira,1982-02-02,43,1,Publica,8,Manha,4
824,Bruno,Lima,1992-10-18,33,1,Particular,8,Noite,4
825,Patrícia,Oliveira,2006-03-05,19,0,Particular,8,Manha,6
826,Carlos,Almeida,1995-01-24,30,0,Particular,2,Noite,4
827,Lucas,Santos,1998-05-02,27,0,Publica,6,Tarde,3
828,Fernanda,Almeida,1980-03-05,45,1,Publica,5,Tarde,2
829,André,Silva,1983-09-12,42,0,Publica,7,Tarde,5
830,Renata,Almeida,1990-07-16,35,0,Publica,8,Tarde,6
831,Mariana,Santos,1982-10-22,43,1,Particular,4,Tarde,3
832,André,Rodrigues,2000-02-28,25,0,Publica,5,Noite,6
833,Rodrigo,Souza,1986-10-18,39,0,Publica,8,Noite,1
834,Rodrigo,Pereira,1980-05-26,45,0,Publica,8,Manha,5
835,Larissa,Nascimento,1981-08-28,44,0,Particular,7,Manha,4
836,Rodrigo,Santos,1992-05-03,33,0,Publica,3,Tarde,2
837,Pedro,Souza,1984-05-14,41,0,Publica,6,Manha,1
838,Pedro,Oliveira,1983-06-05,42,1,Particular,5,Tarde,1
839,Carlos,Costa,2004-10-19,21,0,Particular,7,Manha,3
840,Bruno,Almeida,1997-07-03,28,1,Publica,7,Noite,2
841,Pedro,Lima,1998-11-04,27,0,Publica,5,Noite,4
842,Julia,Lima,1986-03-12,39,0,Publica,7,Noite,4
843,Rafael,Almeida,2006-10-10,19,0,Publica,1,Tarde,3
844,Larissa,Santos,2006-11-07,19,1,Publica,3,Noite,5
845,Pedro,Souza,1992-12-04,33,0,Particular,7,Manha,5
846,Camila,Rodrigues,2004-12-15,21,1,Publica,6,Tarde,2
847,Renata,Santos,1980-12-05,45,0,Particular,1,Manha,6
848,Felipe,Lima,2002-12-16,23,1,Publica,2,Noite,1
849,Julia,Santos,2006-07-27,19,1,Particular,3,Noite,1
850,André,Santos,1986-08-01,39,0,Publica,5,Noite,6
851,Beatriz,Souza,2006-10-21,19,1,Publica,4,Tarde,3
852,Pedro,Almeida,2002-12-20,23,0,Publica,4,Noite,4
853,Pedro,Nascimento,1996-08-06,29,0,Publica,2,Noite,2
854,Gabriel,Rodrigues,1998-04-17,27,1,Publica,1,Noite,6
855,Vanessa,Almeida,1980-07-21,45,0,Particular,7,Tarde,3
856,Rodrigo,Almeida,1995-06-17,30,0,Publica,1,Tarde,4
857,Camila,Silva,1992-04-11,33,0,Publica,4,Noite,4
858,Carlos,Costa,1985-06-10,40,0,Publica,1,Tarde,4
859,Eduardo,Santos,2006-05-08,19,0,Particular,4,Tarde,1
860,Vanessa,Costa,1982-10-20,43,1,Publica,8,Noite,1
861,Rafael,Silva,1992-06-28,33,0,Publica,1,Tarde,1
862,Renata,Oliveira,1982-02-22,43,0,Publica,5,Tarde,4
863,Eduardo,Oliveira,1987-10-26,38,0,Particular,7,Tarde,4
864,Bruno,Silva,1994-09-11,31,0,Publica,2,Manha,5
865,Eduardo,Costa,1998-03-21,27,1,Particular,7,Tarde,6
866,Mariana,Costa,1984-01-02,41,0,Particular,7,Noite,6
867,Fernanda,Nascimento,1997-03-05,28,1,Particular,6,Tarde,3
868,Rodrigo,Nascimento,2001-11-05,24,0,Publica,1,Tarde,3
869,Carlos,Costa,2005-02-11,20,0,Particular,8,Noite,6
870,Renata,Nascimento,1990-10-10,35,1,Particular,3,Manha,4
871,André,Costa,1980-11-08,45,0,Particular,4,Manha,4
872,Larissa,Costa,1992-03-27,33,0,Particular,1,Manha,3
873,Rodrigo,Souza,1984-05-15,41,0,Particular,1,Manha,2
874,Pedro,Pereira,1987-05-24,38,0,Particular,4,Manha,2
875,Gabriel,Rodrigues,1983-01-27,42,0,Particular,2,Tarde,2
876,Patrícia,Costa,1991-06-22,34,0,Particular,2,Manha,2
877,Carlos,Costa,1997-07-23,28,1,Particular,7,Noite,2
878,Eduardo,Nascimento,1986-09-10,39,0,Particular,4,Manha,6
879,Mariana,Lima,1998-08-07,27,0,Particular,2,Manha,5
880,Vanessa,Santos,1995-09-15,30,0,Particular,6,Noite,6
881,Patrícia,Almeida,1988-10-13,37,0,Publica,4,Manha,4
882,Felipe,Costa,1989-07-13,36,0,Particular,5,Noite,1
883,Lucas,Rodrigues,1994-09-12,31,0,Publica,8,Noite,5
884,Larissa,Almeida,1994-07-14,31,1,Particular,6,Tarde,4
885,Gabriel,Almeida,1987-05-21,38,0,Particular,2,Tarde,5
886,Pedro,Costa,1983-02-03,42,1,Publica,4,Tarde,2
887,Fernanda,Rodrigues,2003-11-28,22,1,Publica,3,Noite,6
888,Ana,Rodrigues,1989-06-26,36,1,Particular,1,Tarde,6
889,Felipe,Costa,1987-12-24,38,0,Particular,4,Noite,5
890,Patrícia,Santos,2005-02-11,20,0,Particular,7,Manha,4
891,Vanessa,Silva,1991-03-19,34,0,Particular,1,Tarde,6
892,Camila,Costa,1993-07-22,32,1,Particular,6,Noite,1
893,Gabriel,Pereira,1990-10-21,35,1,Particular,4,Tarde,1
894,Beatriz,Almeida,1983-06-19,42,1,Particular,2,Manha,1
895,Rafael,Nascimento,1995-01-06,30,0,Publica,7,Tarde,2
896,Pedro,Lima,1982-08-02,43,1,Publica,3,Tarde,4
897,Mariana,Souza,1984-09-14,41,1,Publica,7,Manha,2
898,Pedro,Oliveira,2006-12-22,19,1,Publica,5,Noite,2
899,Fernanda,Costa,1980-03-15,45,0,Particular,4,Noite,3
900,Patrícia,Almeida,1998-01-24,27,0,Particular,8,Tarde,6
901,Larissa,Nascimento,2006-03-14,19,0,Publica,7,Tarde,4
902,Eduardo,Souza,1992-12-02,33,0,Publica,5,Noite,5
903,Julia,Costa,1995-07-25,30,0,Particular,2,Manha,5
904,Larissa,Almeida,1985-05-07,40,0,Particular,1,Manha,6
905,Larissa,Santos,2003-07-28,22,0,Particular,1,Manha,3
906,Gabriel,Santos,2001-12-15,24,1,Particular,2,Manha,5
907,André,Pereira,1995-05-27,30,0,Publica,1,Noite,1
908,Pedro,Souza,1997-12-13,28,0,Publica,1,Noite,3
909,André,Santos,1985-04-23,40,0,Publica,8,Noite,1
910,Felipe,Rodrigues,1994-01-20,31,0,Publica,7,Manha,2
911,Beatriz,Costa,1982-01-14,43,0,Publica,6,Manha,6
912,Carlos,Souza,2005-11-06,20,0,Publica,7,Noite,1
913,Camila,Lima,2000-04-20,25,0,Particular,7,Manha,2
914,Lucas,Santos,1990-03-01,35,1,Particular,1,Tarde,2
915,Beatriz,Souza,2001-05-21,24,1,Publica,2,Manha,4
916,Renata,Almeida,1983-12-18,42,0,Particular,2,Noite,3
917,Mariana,Santos,1985-11-25,40,1,Particular,2,Tarde,1
918,Larissa,Lima,2000-12-08,25,0,Publica,1,Noite,1
919,Beatriz,Oliveira,2004-04-20,21,0,Publica,3,Tarde,4
920,Beatriz,Pereira,1992-04-21,33,0,Publica,8,Noite,3
921,Pedro,Santos,2000-01-17,25,1,Particular,1,Manha,6
922,Camila,Costa,1986-09-02,39,0,Publica,7,Noite,3
923,André,Silva,1982-08-03,43,0,Publica,3,Manha,2
924,Gabriel,Nascimento,1997-04-08,28,0,Particular,8,Tarde,2
925,Carlos,Oliveira,1985-10-08,40,1,Particular,8,Noite,2
926,Patrícia,Souza,1991-07-13,34,0,Particular,8,Tarde,5
927,Mariana,Almeida,1980-07-14,45,0,Particular,3,Noite,6
928,Pedro,Oliveira,1994-05-15,31,1,Particular,8,Manha,3
929,André,Costa,1984-04-01,41,0,Particular,8,Tarde,4
930,Camila,Oliveira,1995-05-21,30,0,Particular,1,Manha,4
931,Carlos,Oliveira,1988-12-12,37,1,Particular,1,Noite,4
932,Beatriz,Costa,1995-01-27,30,1,Publica,3,Tarde,5
933,Mariana,Rodrigues,1987-10-19,38,0,Publica,2,Manha,6
934,Larissa,Nascimento,1982-09-07,43,1,Publica,7,Tarde,6
935,Vanessa,Lima,2001-07-19,24,1,Particular,2,Manha,6
936,Mariana,Rodrigues,2003-04-24,22,1,Particular,1,Manha,4
937,Lucas,Souza,2004-12-14,21,1,Particular,7,Manha,2
938,Mariana,Pereira,1986-08-06,39,0,Particular,4,Manha,2
939,Gabriel,Costa,1988-07-15,37,0,Publica,2,Tarde,1
940,Julia,Rodrigues,1982-06-01,43,0,Particular,8,Noite,1
941,Rafael,Rodrigues,2004-01-22,21,0,Publica,4,Noite,1
942,Renata,Lima,2004-05-16,21,1,Particular,7,Tarde,3
943,Camila,Costa,1991-11-13,34,1,Publica,6,Tarde,1
944,André,Oliveira,2003-03-01,22,0,Particular,4,Tarde,4
945,Vanessa,Oliveira,2001-04-01,24,1,Publica,6,Manha,6
946,Patrícia,Costa,1999-08-13,26,0,Particular,7,Tarde,6
947,Felipe,Rodrigues,1999-04-23,26,0,Publica,3,Tarde,1
948,Vanessa,Almeida,1985-08-04,40,1,Publica,4,Manha,2
949,Lucas,Oliveira,2002-01-06,23,1,Particular,5,Manha,6
950,Patrícia,Souza,2001-03-18,24,1,Publica,6,Manha,5
951,Bruno,Oliveira,2002-12-24,23,1,Particular,4,Manha,3
952,Pedro,Souza,1983-02-11,42,0,Publica,6,Manha,3
953,Renata,Silva,1989-01-19,36,0,Particular,7,Tarde,3
954,Rodrigo,Nascimento,1998-04-04,27,1,Publica,8,Tarde,2
955,Beatriz,Almeida,2001-08-05,24,1,Publica,1,Noite,3
956,Vanessa,Souza,1988-12-19,37,1,Publica,8,Tarde,6
957,Ana,Santos,1984-12-07,41,0,Publica,3,Tarde,6
958,Fernanda,Pereira,1980-09-13,45,1,Particular,8,Tarde,4
959,Julia,Lima,2003-05-10,22,0,Particular,2,Manha,3
960,Pedro,Almeida,2000-03-19,25,0,Particular,8,Tarde,2
961,Carlos,Costa,2003-11-01,22,1,Publica,3,Tarde,4
962,Rafael,Souza,1991-08-06,34,0,Publica,6,Noite,4
963,Felipe,Costa,1981-02-08,44,1,Particular,5,Noite,5
964,Felipe,Souza,2004-08-28,21,1,Particular,8,Tarde,1
965,Lucas,Souza,1983-08-21,42,0,Publica,8,Tarde,6
966,Eduardo,Pereira,1992-08-21,33,1,Particular,3,Manha,3
967,Rodrigo,Pereira,1992-12-01,33,1,Particular,2,Noite,5
968,Carlos,Souza,1985-10-23,40,0,Publica,8,Tarde,1
969,Gabriel,Nascimento,1986-11-06,39,0,Particular,1,Manha,1
970,Camila,Lima,1985-07-22,40,0,Publica,5,Manha,5
971,Vanessa,Almeida,1984-10-16,41,1,Particular,4,Noite,1
972,Carlos,Silva,1986-03-10,39,0,Publica,4,Noite,3
973,Mariana,Nascimento,1993-02-18,32,1,Particular,7,Noite,2
974,Patrícia,Souza,1988-11-14,37,0,Publica,2,Noite,6
975,Beatriz,Santos,1998-11-21,27,0,Particular,3,Tarde,4
976,Ana,Nascimento,1987-02-09,38,0,Publica,7,Manha,3
977,Bruno,Santos,2004-05-05,21,0,Particular,1,Manha,4
978,Felipe,Souza,2005-02-06,20,1,Particular,2,Noite,3
979,Vanessa,Rodrigues,1999-02-02,26,0,Particular,7,Manha,3
980,Patrícia,Nascimento,1984-05-01,41,0,Publica,3,Tarde,5
981,Ana,Santos,2002-04-22,23,1,Particular,3,Tarde,3
982,Vanessa,Rodrigues,1988-07-17,37,0,Particular,2,Tarde,4
983,Julia,Souza,1982-12-08,43,0,Publica,1,Manha,6
984,Vanessa,Almeida,2005-01-14,20,0,Particular,8,Noite,6
985,Felipe,Silva,1999-04-27,26,0,Particular,6,Manha,6
986,Eduardo,Almeida,1985-11-25,40,0,Publica,2,Tarde,2
987,Ana,Oliveira,1995-07-06,30,1,Publica,6,Noite,2
988,Pedro,Rodrigues,1995-05-09,30,0,Publica,7,Manha,3
989,André,Nascimento,1995-01-12,30,0,Particular,6,Tarde,3
990,Rafael,Santos,2003-03-13,22,1,Publica,2,Tarde,4
991,Lucas,Lima,1996-03-14,29,0,Particular,1,Manha,6
992,Beatriz,Almeida,1992-06-10,33,1,Particular,3,Noite,3
993,André,Almeida,1985-03-12,40,1,Publica,6,Noite,2
994,Carlos,Rodrigues,1981-03-13,44,1,Particular,1,Manha,6
995,André,Rodrigues,1983-07-16,42,1,Publica,6,Tarde,5
996,Mariana,Souza,1983-01-05,42,0,Particular,1,Noite,2
997,Bruno,Oliveira,1999-12-01,26,1,Particular,5,Tarde,4
998,Felipe,Costa,1999-03-24,26,0,Publica,5,Manha,3
999,Felipe,Costa,1995-12-26,30,0,Publica,4,Noite,6
1000,Carlos,Souza,1984-07-02,41,1,Publica,3,Tarde,1
1001,Lucas,Silva,1992-07-17,33,1,Publica,4,Tarde,4
1002,Ana,Lima,1993-11-02,32,1,Publica,5,Tarde,3
1003,Larissa,Costa,1990-01-06,35,0,Publica,1,Noite,6
1004,Beatriz,Rodrigues,1995-05-20,30,0,Particular,3,Tarde,4
1005,Camila,Rodrigues,1983-02-22,42,0,Publica,6,Tarde,6
1006,Renata,Lima,1999-06-08,26,1,Publica,7,Manha,1
1007,Eduardo,Souza,1981-10-21,44,0,Publica,8,Manha,1
1008,Fernanda,Almeida,2004-04-18,21,0,Publica,3,Manha,4
1009,Vanessa,Santos,1991-08-21,34,0,Particular,2,Tarde,4
1010,Gabriel,Nascimento,1988-12-05,37,1,Publica,1,Noite,2
1011,Patrícia,Lima,1996-02-06,29,1,Particular,7,Tarde,5
1012,Beatriz,Pereira,1980-03-19,45,0,Publica,8,Noite,6
1013,Fernanda,Costa,1989-12-09,36,0,Publica,4,Manha,5
1014,Pedro,Silva,2000-03-09,25,0,Particular,1,Noite,2
1015,Rodrigo,Souza,1980-11-12,45,1,Particular,2,Noite,5
1016,Mariana,Oliveira,1999-05-11,26,0,Publica,6,Manha,6
1017,Mariana,Rodrigues,1980-09-22,45,0,Particular,5,Noite,6
1018,André,Costa,1990-05-07,35,1,Publica,8,Manha,6
1019,Camila,Pereira,1995-02-16,30,0,Particular,3,Manha,2
1020,Mariana,Rodrigues,1980-05-06,45,0,Particular,4,Manha,2
1021,Felipe,Costa,1994-11-13,31,0,Publica,1,Noite,1
1022,Larissa,Silva,1983-01-25,42,0,Publica,4,Manha,3
1023,Eduardo,Silva,2005-01-26,20,0,Particular,2,Manha,2
1024,Renata,Almeida,2006-03-10,19,1,Particular,3,Manha,1
1025,Vanessa,Souza,1980-01-04,45,1,Publica,7,Manha,1
1026,Rafael,Costa,1993-07-05,32,1,Particular,4,Noite,4
1027,André,Pereira,1983-04-04,42,1,Particular,2,Noite,3
1028,Bruno,Souza,1981-10-05,44,0,Particular,6,Noite,2
1029,Mariana,Rodrigues,1999-05-12,26,0,Particular,8,Noite,3
1030,Julia,Silva,1984-11-05,41,1,Publica,7,Tarde,6
1031,Julia,Souza,1998-07-24,27,1,Publica,2,Tarde,2
1032,Felipe,Santos,1990-08-14,35,1,Particular,6,Manha,6
1033,Felipe,Oliveira,1997-08-18,28,1,Publica,7,Manha,5
1034,Vanessa,Nascimento,2004-12-26,21,0,Publica,4,Tarde,1
1035,Rafael,Santos,1997-08-05,28,0,Publica,6,Tarde,2
1036,Patrícia,Pereira,2006-09-14,19,0,Publica,4,Manha,6
1037,Lucas,Pereira,1992-12-01,33,1,Particular,1,Noite,1
1038,André,Nascimento,1985-01-05,40,1,Publica,2,Manha,1
1039,Eduardo,Oliveira,1984-03-16,41,0,Particular,8,Tarde,6
1040,Patrícia,Silva,1989-02-05,36,0,Publica,3,Noite,2
1041,Felipe,Oliveira,2001-08-18,24,1,Particular,4,Tarde,2
1042,Julia,Lima,1992-03-24,33,0,Particular,1,Manha,4
1043,Rodrigo,Nascimento,2006-02-27,19,1,Particular,6,Noite,6
1044,Larissa,Pereira,1981-06-21,44,1,Publica,5,Manha,1
1045,Bruno,Nascimento,2004-06-01,21,0,Particular,3,Noite,1
1046,Carlos,Nascimento,1980-05-07,45,0,Publica,4,Tarde,1
1047,Eduardo,Almeida,1981-01-11,44,0,Particular,1,Tarde,3
1048,Vanessa,Costa,1990-07-24,35,1,Publica,2,Tarde,4
1049,Rodrigo,Pereira,1980-10-26,45,1,Particular,1,Tarde,2
1050,André,Souza,2000-02-23,25,0,Publica,3,Noite,2
1051,Patrícia,Pereira,1990-05-12,35,1,Publica,7,Manha,2
1052,Gabriel,Nascimento,2000-08-04,25,0,Publica,5,Noite,1
1053,Julia,Almeida,1990-03-10,35,0,Publica,5,Noite,3
1054,Julia,Souza,1985-12-25,40,1,Particular,8,Tarde,4
1055,Lucas,Nascimento,1995-01-12,30,1,Particular,7,Noite,6
1056,André,Santos,1996-10-11,29,1,Publica,7,Noite,4
1057,Ana,Nascimento,2000-01-24,25,0,Publica,3,Manha,3
1058,Mariana,Nascimento,1992-02-08,33,1,Particular,2,Tarde,4
1059,Vanessa,Almeida,1983-02-06,42,0,Particular,7,Manha,4
1060,Julia,Santos,1990-10-16,35,0,Particular,2,Tarde,4
1061,Rodrigo,Pereira,1995-03-21,30,0,Particular,1,Noite,4
1062,Bruno,Oliveira,1995-04-02,30,0,Publica,7,Tarde,3
1063,Lucas,Pereira,1982-05-13,43,0,Particular,8,Tarde,5
1064,Pedro,Pereira,2006-01-03,19,1,Particular,5,Manha,2
1065,Larissa,Almeida,1995-09-23,30,0,Particular,6,Noite,5
1066,Ana,Lima,2005-10-07,20,0,Publica,6,Noite,6
1067,Ana,Pereira,1994-03-16,31,1,Publica,7,Tarde,5
1068,André,Pereira,2000-08-21,25,0,Publica,4,Noite,2
1069,Vanessa,Pereira,1999-07-07,26,1,Publica,4,Noite,5
1070,Bruno,Santos,1980-05-10,45,0,Particular,8,Tarde,4
1071,Camila,Lima,1993-09-25,32,1,Publica,3,Tarde,4
1072,Mariana,Lima,1999-03-18,26,1,Particular,5,Noite,6
1073,Fernanda,Nascimento,1983-02-26,42,0,Publica,1,Noite,4
1074,André,Nascimento,1997-02-21,28,1,Publica,5,Tarde,2
1075,André,Lima,1992-02-07,33,1,Publica,6,Tarde,4
1076,Ana,Santos,2005-04-17,20,1,Particular,5,Tarde,4
1077,Rafael,Oliveira,1981-01-01,44,0,Particular,6,Tarde,2
1078,Beatriz,Lima,1992-04-20,33,1,Publica,7,Manha,6
1079,Mariana,Oliveira,1990-09-06,35,1,Publica,2,Noite,2
1080,Eduardo,Oliveira,2006-11-09,19,0,Particular,4,Manha,1
1081,Felipe,Silva,2000-10-05,25,0,Publica,7,Manha,6
1082,André,Santos,1985-04-21,40,0,Particular,4,Noite,2
1083,Fernanda,Silva,1988-02-05,37,0,Publica,2,Tarde,5
1084,Lucas,Pereira,1989-05-06,36,0,Publica,8,Tarde,2
1085,Julia,Almeida,2005-01-14,20,0,Particular,2,Manha,6
1086,Larissa,Santos,2000-08-26,25,0,Publica,5,Manha,2
1087,Lucas,Santos,1991-08-20,34,0,Publica,5,Manha,2
1088,Rodrigo,Silva,1996-09-25,29,0,Publica,6,Manha,2
1089,Bruno,Pereira,1987-02-24,38,0,Particular,5,Tarde,2
1090,Bruno,Lima,2000-05-15,25,1,Particular,7,Manha,3
1091,Carlos,Rodrigues,1992-02-19,33,1,Publica,4,Noite,4
1092,Patrícia,Oliveira,1999-12-09,26,1,Publica,7,Tarde,2
1093,Camila,Souza,1994-03-02,31,1,Particular,5,Noite,6
1094,Larissa,Silva,1983-03-26,42,1,Particular,3,Tarde,2
1095,Carlos,Santos,1991-03-25,34,1,Publica,1,Tarde,6
1096,Bruno,Costa,1994-10-26,31,1,Publica,2,Tarde,3
1097,Rodrigo,Costa,1983-09-09,42,0,Particular,7,Tarde,3
1098,Carlos,Silva,2005-08-16,20,0,Particular,7,Manha,1
1099,Mariana,Nascimento,1990-10-13,35,0,Publica,5,Manha,6
1100,André,Rodrigues,1984-07-02,41,0,Particular,1,Manha,4
1101,Felipe,Rodrigues,1988-06-25,37,1,Particular,2,Noite,3
1102,Renata,Silva,1992-05-23,33,1,Particular,2,Tarde,5
1103,Rafael,Costa,1981-01-05,44,0,Particular,7,Manha,2
1104,Carlos,Santos,2006-09-01,19,0,Particular,1,Manha,1
1105,Julia,Rodrigues,1990-12-20,35,1,Particular,3,Manha,5
1106,Julia,Pereira,1990-03-25,35,1,Particular,2,Noite,5
1107,Eduardo,Almeida,2001-08-09,24,1,Particular,4,Manha,3
1108,Julia,Santos,1997-04-22,28,0,Publica,2,Tarde,1
1109,Rafael,Costa,1994-07-07,31,1,Publica,6,Manha,5
1110,Fernanda,Almeida,2000-03-28,25,0,Publica,4,Tarde,4
1111,Renata,Lima,1986-07-07,39,0,Particular,7,Manha,6
1112,Renata,Souza,1984-08-04,41,0,Publica,1,Tarde,2
1113,Ana,Almeida,2001-09-15,24,1,Particular,2,Noite,1
1114,Larissa,Costa,1984-07-17,41,1,Particular,1,Tarde,3
1115,Julia,Silva,2000-07-24,25,1,Publica,5,Manha,4
1116,Eduardo,Rodrigues,1996-10-16,29,1,Publica,1,Noite,2
1117,Carlos,Souza,1981-01-19,44,1,Publica,2,Noite,1
1118,Beatriz,Nascimento,2002-12-13,23,1,Particular,2,Manha,6
1119,Patrícia,Costa,1985-04-12,40,1,Particular,1,Manha,2
1120,Fernanda,Costa,1985-06-22,40,0,Publica,3,Tarde,4
1121,Rafael,Almeida,1993-06-01,32,0,Particular,2,Manha,6
1122,Eduardo,Santos,1995-10-01,30,1,Publica,8,Manha,1
1123,Eduardo,Rodrigues,2006-04-17,19,0,Publica,2,Manha,3
1124,Patrícia,Almeida,2003-06-18,22,1,Particular,5,Tarde,4
1125,Bruno,Rodrigues,2002-06-17,23,1,Publica,5,Noite,5
1126,Gabriel,Oliveira,1987-11-05,38,1,Particular,1,Manha,5
1127,Camila,Costa,2003-02-07,22,1,Publica,5,Noite,6
1128,Vanessa,Pereira,1988-11-12,37,1,Particular,7,Tarde,3
1129,Rafael,Nascimento,1996-12-11,29,0,Particular,8,Noite,3
1130,Julia,Silva,1995-11-05,30,1,Publica,5,Noite,5
1131,Pedro,Almeida,1989-02-26,36,1,Publica,8,Manha,2
1132,Renata,Souza,1981-08-10,44,0,Particular,6,Noite,1
1133,Pedro,Pereira,1991-05-26,34,0,Publica,5,Manha,6
1134,Felipe,Nascimento,1982-05-08,43,0,Particular,6,Manha,6
1135,Larissa,Oliveira,1983-05-10,42,1,Publica,7,Noite,3
1136,Carlos,Rodrigues,1984-07-18,41,0,Particular,5,Manha,3
1137,Vanessa,Pereira,1992-07-04,33,0,Particular,6,Noite,6
1138,Patrícia,Santos,1993-08-14,32,1,Particular,1,Noite,1
1139,Julia,Pereira,1999-05-26,26,0,Particular,3,Noite,5
1140,Ana,Oliveira,1984-07-22,41,0,Particular,8,Manha,1
1141,Pedro,Souza,1990-10-04,35,1,Particular,6,Manha,1
1142,Carlos,Lima,1984-09-24,41,1,Publica,4,Noite,6
1143,Pedro,Rodrigues,2003-01-26,22,1,Publica,2,Manha,1
1144,Eduardo,Souza,1996-02-08,29,0,Publica,8,Manha,5
1145,Larissa,Silva,1983-05-13,42,1,Publica,4,Noite,3
1146,Renata,Souza,1993-03-21,32,0,Publica,3,Noite,6
1147,Gabriel,Lima,2003-12-18,22,0,Particular,8,Tarde,3
1148,Eduardo,Almeida,1991-11-09,34,1,Particular,2,Tarde,4
1149,Mariana,Silva,1989-08-04,36,1,Publica,5,Manha,6
1150,Ana,Santos,1984-08-24,41,1,Particular,1,Manha,3
1151,Bruno,Lima,1992-09-03,33,0,Publica,6,Noite,6
1152,Patrícia,Pereira,1988-11-10,37,1,Publica,8,Tarde,4
1153,Eduardo,Lima,2004-11-17,21,1,Publica,6,Noite,5
1154,Renata,Nascimento,2006-07-03,19,0,Publica,3,Manha,1
1155,André,Almeida,1990-04-25,35,0,Publica,3,Noite,4
1156,Julia,Silva,1999-05-04,26,0,Publica,8,Tarde,5
1157,Gabriel,Santos,1983-12-15,42,1,Publica,4,Manha,3
1158,Patrícia,Rodrigues,1987-04-24,38,0,Particular,4,Manha,5
1159,Lucas,Costa,1981-03-01,44,1,Particular,2,Tarde,2
1160,Beatriz,Costa,1998-08-17,27,1,Particular,3,Manha,4
1161,Larissa,Souza,1998-02-05,27,1,Publica,2,Tarde,2
1162,Eduardo,Lima,1990-01-08,35,1,Particular,7,Noite,3
1163,Gabriel,Rodrigues,1982-09-19,43,0,Particular,7,Noite,1
1164,Eduardo,Almeida,1988-11-01,37,0,Particular,7,Tarde,2
1165,Ana,Pereira,1986-09-27,39,1,Publica,4,Tarde,1
1166,Bruno,Souza,1993-10-24,32,0,Particular,3,Tarde,6
1167,Lucas,Silva,1995-09-08,30,1,Particular,8,Tarde,2
1168,Rafael,Silva,2004-04-18,21,1,Publica,8,Manha,4
1169,Mariana,Oliveira,2002-07-18,23,0,Publica,8,Manha,5
1170,Camila,Costa,1990-07-02,35,0,Publica,2,Noite,1
1171,Felipe,Lima,1998-01-26,27,0,Publica,1,Manha,1
1172,André,Pereira,1989-01-11,36,1,Publica,5,Manha,5
1173,Patrícia,Souza,2001-02-03,24,1,Publica,8,Noite,6
1174,Beatriz,Almeida,2002-05-12,23,1,Publica,5,Tarde,6
1175,Rafael,Santos,1993-12-20,32,1,Particular,2,Manha,2
1176,Pedro,Lima,1986-02-12,39,0,Publica,4,Noite,4
1177,Julia,Silva,1995-01-09,30,1,Particular,5,Manha,1
1178,Renata,Oliveira,1995-01-28,30,1,Particular,8,Manha,2
1179,Felipe,Pereira,2001-07-18,24,0,Particular,1,Noite,3
1180,Eduardo,Santos,2006-05-26,19,0,Publica,6,Noite,5
1181,Larissa,Silva,2005-02-18,20,1,Particular,8,Tarde,5
1182,Mariana,Oliveira,1994-12-08,31,0,Publica,5,Noite,3
1183,Carlos,Lima,1989-06-19,36,1,Publica,5,Tarde,3
1184,Renata,Silva,1983-05-19,42,1,Particular,3,Tarde,4
1185,André,Silva,1994-01-12,31,1,Publica,7,Manha,5
1186,Pedro,Nascimento,1997-06-03,28,1,Publica,5,Tarde,3
1187,Mariana,Costa,2000-03-05,25,0,Publica,2,Noite,1
1188,Rodrigo,Almeida,1998-06-02,27,0,Publica,5,Tarde,1
1189,Vanessa,Silva,1999-04-12,26,0,Publica,8,Manha,5
1190,Carlos,Costa,1990-10-12,35,1,Publica,7,Tarde,2
1191,Bruno,Nascimento,2005-06-11,20,1,Particular,8,Tarde,5
1192,Gabriel,Santos,1981-05-05,44,0,Publica,4,Tarde,5
1193,Beatriz,Oliveira,2006-10-02,19,0,Particular,2,Manha,2
1194,Vanessa,Souza,1996-01-20,29,1,Particular,6,Tarde,2
1195,Beatriz,Santos,1987-06-08,38,1,Particular,2,Noite,2
1196,Larissa,Santos,1982-06-18,43,0,Particular,8,Noite,2
1197,Larissa,Costa,1998-03-18,27,0,Particular,3,Noite,3
1198,Camila,Santos,1983-02-14,42,1,Publica,8,Noite,2
1199,André,Silva,1985-02-14,40,1,Particular,2,Manha,1
1200,Ana,Pereira,1982-03-17,43,1,Particular,6,Manha,4
1201,Pedro,Souza,1990-06-19,35,0,Publica,2,Noite,3
1202,Larissa,Almeida,2003-07-10,22,1,Publica,3,Noite,5
1203,Gabriel,Silva,1998-10-12,27,1,Particular,6,Tarde,2
1204,Julia,Costa,1989-08-11,36,0,Particular,5,Tarde,4
1205,Mariana,Pereira,1981-12-24,44,0,Particular,5,Noite,5
1206,Julia,Santos,1989-03-04,36,1,Particular,8,Tarde,2
1207,Pedro,Rodrigues,1999-02-08,26,1,Publica,2,Manha,5
1208,Rafael,Nascimento,1981-09-18,44,0,Publica,8,Manha,3
1209,Pedro,Nascimento,1993-12-15,32,0,Particular,5,Manha,6
1210,André,Oliveira,1995-05-03,30,0,Particular,2,Tarde,1
1211,Lucas,Santos,1985-09-11,40,1,Particular,2,Noite,6
1212,Ana,Oliveira,1983-12-26,42,1,Publica,1,Noite,6
1213,Carlos,Pereira,1998-07-28,27,0,Publica,5,Tarde,2
1214,Mariana,Almeida,1989-03-07,36,0,Publica,1,Tarde,1
1215,Vanessa,Nascimento,1986-12-06,39,0,Particular,5,Noite,4
1216,Bruno,Almeida,1996-11-06,29,1,Publica,5,Noite,4
1217,Larissa,Nascimento,1991-09-16,34,1,Publica,4,Manha,3
1218,Patrícia,Santos,1987-11-14,38,0,Publica,8,Tarde,6
1219,Bruno,Oliveira,2002-03-25,23,1,Particular,7,Noite,2
1220,Pedro,Rodrigues,1996-04-28,29,1,Publica,6,Tarde,6
1221,Larissa,Oliveira,2005-08-14,20,1,Particular,1,Tarde,4
1222,Bruno,Silva,1989-08-14,36,0,Publica,4,Noite,1
1223,Mariana,Nascimento,1997-01-24,28,0,Particular,2,Noite,3
1224,Vanessa,Souza,2000-01-17,25,0,Particular,4,Manha,5
1225,Beatriz,Rodrigues,2005-03-12,20,1,Particular,4,Noite,6
1226,Rafael,Silva,1980-09-04,45,1,Particular,1,Manha,3
1227,Ana,Costa,2000-12-08,25,0,Particular,2,Tarde,6
1228,Mariana,Rodrigues,1982-02-03,43,1,Publica,1,Noite,5
1229,Lucas,Nascimento,2005-07-07,20,1,Particular,7,Noite,6
1230,Pedro,Rodrigues,1994-04-04,31,1,Particular,7,Tarde,4
1231,Carlos,Oliveira,1997-05-16,28,1,Publica,7,Manha,4
1232,Camila,Lima,2002-02-15,23,0,Publica,7,Manha,4
1233,Patrícia,Nascimento,1983-11-10,42,1,Publica,2,Manha,5
1234,Carlos,Almeida,1998-04-03,27,0,Particular,8,Noite,6
1235,Rafael,Almeida,1988-07-10,37,1,Publica,1,Tarde,6
1236,Ana,Rodrigues,2002-04-25,23,1,Particular,6,Noite,2
1237,Patrícia,Almeida,1996-09-28,29,0,Publica,7,Noite,1
1238,Mariana,Silva,1985-09-24,40,0,Publica,4,Tarde,1
1239,Felipe,Almeida,1985-11-26,40,1,Publica,7,Tarde,1
1240,Julia,Oliveira,1989-12-22,36,1,Particular,6,Noite,6
1241,Gabriel,Rodrigues,1996-11-07,29,1,Particular,8,Tarde,2
1242,Mariana,Pereira,1996-12-27,29,1,Publica,6,Tarde,2
1243,André,Souza,1980-05-23,45,0,Publica,2,Noite,4
1244,Julia,Silva,1999-08-20,26,0,Publica,6,Noite,5
1245,Bruno,Silva,1986-05-10,39,1,Particular,6,Noite,4
1246,Vanessa,Lima,2000-11-07,25,0,Publica,2,Noite,2
1247,Mariana,Rodrigues,1998-02-05,27,1,Particular,5,Noite,5
1248,Beatriz,Pereira,1980-04-07,45,0,Publica,3,Manha,4
1249,Bruno,Souza,1981-03-17,44,1,Particular,8,Tarde,3
1250,Carlos,Lima,1992-07-25,33,1,Particular,6,Tarde,5
1251,Vanessa,Souza,1999-04-06,26,1,Publica,7,Noite,4
1252,Fernanda,Souza,1997-07-21,28,1,Publica,1,Tarde,4
1253,Larissa,Costa,1999-09-07,26,1,Particular,3,Noite,1
1254,André,Santos,1996-04-01,29,1,Particular,2,Tarde,3
1255,Eduardo,Rodrigues,1981-11-09,44,1,Particular,1,Noite,6
1256,Fernanda,Silva,1998-01-28,27,1,Particular,8,Manha,4
1257,Rafael,Santos,1980-10-23,45,0,Publica,3,Manha,4
1258,Rafael,Almeida,2000-12-02,25,1,Publica,5,Manha,6
1259,Bruno,Santos,2002-03-19,23,1,Publica,7,Tarde,6
1260,Lucas,Costa,2006-09-05,19,1,Publica,3,Tarde,1
1261,Renata,Costa,2002-09-14,23,0,Publica,5,Tarde,5
1262,Julia,Santos,1994-10-27,31,0,Particular,2,Manha,1
1263,Lucas,Pereira,1990-10-21,35,0,Publica,1,Manha,6
1264,Patrícia,Souza,2003-04-10,22,0,Publica,5,Manha,4
1265,Mariana,Rodrigues,1984-10-11,41,1,Publica,4,Tarde,2
1266,Pedro,Rodrigues,2002-08-09,23,0,Particular,6,Noite,3
1267,Vanessa,Almeida,2006-11-22,19,0,Publica,7,Manha,5
1268,Felipe,Santos,2000-11-26,25,1,Publica,6,Noite,5
1269,Julia,Lima,2004-04-09,21,0,Particular,5,Manha,1
1270,André,Pereira,1994-10-11,31,1,Particular,1,Tarde,6
1271,Bruno,Silva,1985-07-16,40,1,Particular,2,Manha,3
1272,Mariana,Almeida,1997-03-25,28,0,Particular,8,Noite,5
1273,Larissa,Almeida,2006-04-09,19,1,Particular,8,Noite,4
1274,Ana,Costa,2004-09-04,21,1,Particular,5,Noite,4
1275,Gabriel,Lima,1985-05-20,40,0,Publica,3,Noite,3
1276,Lucas,Rodrigues,2005-03-26,20,1,Particular,7,Manha,4
1277,Gabriel,Costa,1985-05-10,40,0,Publica,4,Manha,4
1278,Carlos,Pereira,2001-09-28,24,1,Publica,8,Manha,3
1279,André,Lima,2001-07-23,24,0,Particular,7,Tarde,6
1280,Lucas,Oliveira,1984-06-25,41,0,Particular,6,Tarde,6
1281,Renata,Oliveira,1997-02-12,28,1,Publica,4,Noite,2
1282,Bruno,Santos,1990-09-27,35,0,Particular,2,Noite,2
1283,André,Costa,1981-04-10,44,1,Publica,6,Tarde,6
1284,Felipe,Pereira,1989-05-13,36,1,Publica,5,Tarde,2
1285,Felipe,Lima,2006-02-15,19,0,Particular,2,Noite,4
1286,Gabriel,Santos,1984-10-17,41,1,Particular,1,Tarde,6
1287,Larissa,Silva,1989-07-09,36,0,Particular,6,Tarde,6
1288,Vanessa,Santos,1983-03-14,42,1,Publica,3,Manha,3
1289,Beatriz,Lima,2006-10-24,19,1,Particular,1,Tarde,3
1290,Lucas,Almeida,1994-06-02,31,1,Particular,7,Tarde,6
1291,Ana,Lima,1988-03-10,37,1,Particular,1,Tarde,3
1292,Ana,Nascimento,1983-06-24,42,0,Particular,4,Manha,1
1293,Gabriel,Pereira,2000-08-14,25,1,Particular,8,Noite,5
1294,Rodrigo,Nascimento,1994-01-03,31,1,Particular,1,Manha,5
1295,Felipe,Lima,2003-02-11,22,1,Particular,7,Manha,2
1296,Julia,Oliveira,1983-04-19,42,1,Particular,4,Noite,1
1297,Renata,Almeida,1986-07-09,39,0,Particular,1,Noite,4
1298,Pedro,Rodrigues,1980-07-07,45,0,Particular,3,Tarde,3
1299,Renata,Santos,1983-04-08,42,0,Particular,4,Manha,5
1300,Renata,Almeida,1998-07-21,27,1,Particular,8,Noite,1
1301,Camila,Santos,1991-08-05,34,1,Particular,4,Noite,6
1302,Felipe,Rodrigues,1992-01-22,33,0,Particular,6,Manha,2
1303,Fernanda,Rodrigues,2004-06-15,21,1,Publica,3,Noite,5
1304,Eduardo,Santos,1998-07-14,27,0,Particular,8,Manha,4
1305,Felipe,Nascimento,1983-02-13,42,0,Publica,2,Noite,3
1306,Gabriel,Oliveira,1997-07-12,28,0,Particular,5,Tarde,3
1307,Bruno,Lima,1997-09-13,28,0,Particular,8,Tarde,3
1308,Mariana,Pereira,1992-05-01,33,1,Particular,3,Noite,1
1309,Renata,Oliveira,1993-07-07,32,0,Publica,3,Noite,5
1310,Eduardo,Nascimento,2003-07-01,22,1,Publica,3,Noite,6
1311,Julia,Santos,1980-12-20,45,1,Publica,3,Tarde,3
1312,Gabriel,Almeida,2002-04-11,23,0,Particular,2,Manha,2
1313,Patrícia,Costa,2001-10-15,24,0,Publica,8,Noite,6
1314,Eduardo,Santos,1985-04-15,40,0,Publica,1,Noite,6
1315,Vanessa,Almeida,1992-02-26,33,1,Particular,2,Noite,5
1316,André,Almeida,2006-12-02,19,1,Particular,1,Tarde,4
1317,Larissa,Souza,1983-03-28,42,1,Publica,3,Tarde,4
1318,Mariana,Costa,2005-08-07,20,1,Publica,6,Noite,6
1319,André,Almeida,2004-04-25,21,1,Particular,5,Noite,4
1320,Patrícia,Rodrigues,1998-05-20,27,0,Publica,3,Noite,3
1321,Carlos,Santos,1998-06-23,27,1,Particular,3,Noite,6
1322,Patrícia,Almeida,2001-05-05,24,0,Publica,5,Tarde,3
1323,Rafael,Costa,1998-05-05,27,0,Particular,6,Noite,5
1324,Patrícia,Nascimento,1985-06-21,40,0,Particular,6,Tarde,4
1325,Rodrigo,Almeida,1985-08-13,40,0,Publica,6,Manha,3
1326,Carlos,Pereira,1988-10-25,37,0,Publica,6,Tarde,4
1327,Rodrigo,Costa,2003-04-12,22,0,Particular,2,Tarde,5
1328,Pedro,Lima,1997-12-18,28,0,Publica,8,Noite,5
1329,Carlos,Rodrigues,2005-12-06,20,0,Publica,8,Manha,1
1330,Vanessa,Rodrigues,1982-12-07,43,0,Publica,5,Manha,2
1331,Carlos,Nascimento,2004-10-16,21,1,Publica,1,Tarde,6
1332,Carlos,Almeida,1983-08-03,42,1,Publica,2,Noite,5
1333,Eduardo,Almeida,1989-10-01,36,1,Publica,8,Noite,2
1334,Ana,Rodrigues,2004-07-20,21,1,Particular,3,Tarde,5
1335,Vanessa,Rodrigues,2000-05-09,25,0,Particular,5,Noite,5
1336,Patrícia,Souza,2004-03-16,21,0,Particular,8,Tarde,2
1337,Lucas,Oliveira,2001-05-04,24,1,Particular,3,Manha,1
1338,Carlos,Rodrigues,1996-05-11,29,1,Publica,5,Noite,2
1339,Bruno,Pereira,1986-07-26,39,0,Publica,3,Tarde,5
1340,Renata,Oliveira,2004-12-09,21,0,Particular,8,Tarde,3
1341,Pedro,Santos,2003-06-27,22,1,Particular,5,Tarde,5
1342,Larissa,Silva,2004-07-02,21,1,Particular,3,Tarde,3
1343,Carlos,Costa,2001-12-09,24,1,Particular,1,Tarde,4
1344,Camila,Lima,1997-12-07,28,0,Particular,5,Manha,1
1345,Gabriel,Santos,2003-08-24,22,1,Publica,7,Noite,6
1346,Beatriz,Rodrigues,1999-10-13,26,0,Publica,1,Noite,3
1347,Vanessa,Santos,1994-05-04,31,1,Publica,2,Tarde,6
1348,Mariana,Pereira,1998-05-19,27,0,Publica,8,Manha,3
1349,Vanessa,Lima,2006-05-23,19,0,Publica,2,Noite,6
1350,Camila,Almeida,2003-04-06,22,1,Particular,4,Tarde,3
1351,Beatriz,Rodrigues,1988-10-24,37,0,Publica,2,Noite,4
1352,Larissa,Almeida,2005-01-27,20,0,Particular,1,Noite,4
1353,Rodrigo,Santos,2005-09-16,20,1,Particular,2,Noite,1
1354,Rodrigo,Souza,1997-03-26,28,0,Particular,4,Manha,6
1355,Fernanda,Almeida,1994-12-05,31,1,Publica,3,Noite,5
1356,Patrícia,Lima,2004-12-24,21,1,Publica,7,Noite,3
1357,Eduardo,Oliveira,1980-01-08,45,1,Particular,3,Tarde,2
1358,Vanessa,Almeida,2000-11-07,25,1,Publica,4,Manha,2
1359,Mariana,Souza,1980-09-20,45,0,Publica,6,Manha,3
1360,Beatriz,Costa,1986-05-06,39,1,Particular,4,Manha,3
1361,Gabriel,Almeida,1983-07-01,42,1,Publica,7,Manha,4
1362,Larissa,Costa,1986-07-19,39,0,Publica,3,Noite,5
1363,Gabriel,Costa,1983-08-24,42,1,Particular,7,Manha,2
1364,Rodrigo,Santos,1995-05-17,30,0,Particular,1,Manha,4
1365,Larissa,Souza,1991-06-10,34,0,Particular,5,Manha,6
1366,Felipe,Almeida,1980-05-24,45,1,Publica,3,Manha,2
1367,Gabriel,Lima,1984-03-23,41,1,Publica,1,Noite,2
1368,Camila,Nascimento,1993-03-14,32,0,Publica,3,Noite,6
1369,Bruno,Souza,2005-03-01,20,1,Publica,5,Tarde,6
1370,Fernanda,Nascimento,1990-01-26,35,0,Particular,1,Tarde,1
1371,Felipe,Silva,1997-07-25,28,0,Publica,2,Manha,3
1372,Lucas,Oliveira,1982-02-16,43,1,Particular,8,Manha,5
1373,Pedro,Almeida,1995-05-05,30,1,Particular,2,Tarde,4
1374,Gabriel,Costa,1996-03-26,29,0,Publica,2,Noite,1
1375,Fernanda,Nascimento,1983-04-08,42,1,Publica,5,Tarde,6
1376,Renata,Lima,1996-10-09,29,0,Particular,7,Tarde,6
1377,Eduardo,Silva,2003-07-21,22,0,Publica,3,Manha,2
1378,Carlos,Pereira,1992-06-01,33,1,Particular,6,Manha,6
1379,Patrícia,Costa,1994-10-09,31,1,Publica,5,Noite,5
1380,Camila,Pereira,1988-06-26,37,1,Particular,2,Noite,3
1381,Julia,Santos,1993-11-01,32,0,Publica,4,Tarde,1
1382,Rodrigo,Rodrigues,1984-06-10,41,1,Particular,2,Noite,2
1383,Vanessa,Costa,1984-11-08,41,0,Publica,6,Noite,5
1384,Eduardo,Lima,1996-01-26,29,1,Publica,3,Tarde,2
1385,Gabriel,Nascimento,1987-12-05,38,1,Publica,5,Manha,4
1386,Larissa,Lima,1993-08-15,32,1,Publica,5,Manha,1
1387,Vanessa,Rodrigues,1986-12-20,39,0,Publica,7,Manha,2
1388,Mariana,Costa,1992-03-21,33,1,Particular,4,Manha,3
1389,Carlos,Rodrigues,1984-07-04,41,0,Publica,8,Manha,6
1390,Camila,Silva,2000-02-17,25,1,Publica,8,Manha,6
1391,Fernanda,Souza,1997-12-20,28,1,Publica,2,Noite,3
1392,Ana,Oliveira,2006-05-04,19,1,Particular,3,Noite,6
1393,Fernanda,Costa,1996-02-03,29,1,Publica,8,Noite,4
1394,Ana,Souza,2004-05-27,21,1,Particular,6,Tarde,6
1395,Camila,Souza,1980-02-23,45,1,Publica,8,Manha,5
1396,Fernanda,Souza,2004-12-16,21,1,Particular,1,Noite,1
1397,Eduardo,Souza,1983-04-12,42,1,Particular,1,Tarde,6
1398,Patrícia,Nascimento,1996-01-13,29,1,Publica,4,Noite,2
1399,Bruno,Souza,1989-07-26,36,0,Particular,5,Tarde,6
1400,Camila,Costa,1988-08-26,37,0,Particular,8,Noite,6
1401,Mariana,Costa,1997-09-21,28,1,Particular,6,Manha,4
1402,Bruno,Santos,1999-09-24,26,0,Particular,5,Manha,6
1403,Felipe,Santos,1999-08-21,26,0,Particular,4,Tarde,6
1404,Camila,Santos,2005-08-12,20,0,Publica,6,Manha,1
1405,Eduardo,Rodrigues,1996-12-21,29,1,Publica,7,Noite,6
1406,Carlos,Souza,1982-12-20,43,1,Particular,3,Noite,3
1407,Larissa,Pereira,1992-02-28,33,1,Publica,6,Manha,4
1408,Carlos,Lima,1984-11-09,41,0,Particular,4,Noite,2
1409,Carlos,Almeida,2000-04-05,25,0,Particular,4,Manha,5
1410,Patrícia,Oliveira,1997-09-19,28,0,Particular,3,Noite,5
1411,Renata,Oliveira,2003-05-23,22,1,Particular,7,Tarde,3
1412,Bruno,Lima,1991-02-23,34,0,Particular,4,Noite,5
1413,Lucas,Lima,2002-08-18,23,1,Publica,4,Noite,3
1414,André,Rodrigues,1998-01-15,27,1,Particular,7,Manha,2
1415,Rodrigo,Almeida,1997-11-02,28,1,Particular,3,Manha,6
1416,Julia,Rodrigues,1998-05-24,27,0,Particular,7,Noite,2
1417,Beatriz,Almeida,1989-09-23,36,1,Particular,4,Noite,5
1418,Mariana,Lima,2001-10-11,24,0,Publica,6,Noite,1
1419,Eduardo,Souza,1996-07-24,29,0,Publica,4,Noite,2
1420,Rafael,Almeida,2003-02-11,22,0,Publica,7,Noite,6
1421,Larissa,Oliveira,2002-08-05,23,1,Publica,2,Tarde,3
1422,Felipe,Rodrigues,1995-02-06,30,1,Particular,4,Manha,3
1423,Bruno,Almeida,2004-02-17,21,1,Publica,1,Noite,1
1424,Julia,Pereira,1980-09-01,45,0,Particular,7,Tarde,1
1425,Julia,Pereira,1986-11-20,39,1,Publica,4,Tarde,1
1426,Eduardo,Santos,1998-03-15,27,0,Publica,8,Manha,5
1427,Rodrigo,Souza,2005-05-10,20,0,Particular,3,Noite,5
1428,Lucas,Almeida,1986-10-05,39,1,Particular,7,Tarde,1
1429,Bruno,Costa,1991-03-08,34,1,Publica,7,Manha,3
1430,André,Nascimento,1983-09-03,42,1,Particular,4,Tarde,3
1431,André,Costa,1989-11-14,36,1,Particular,7,Manha,4
1432,André,Souza,1990-09-16,35,1,Particular,8,Tarde,6
1433,Rodrigo,Silva,1986-02-10,39,0,Particular,1,Noite,1
1434,Pedro,Oliveira,1986-06-18,39,0,Particular,3,Noite,3
1435,Carlos,Souza,1994-03-08,31,1,Publica,4,Tarde,2
1436,Rafael,Oliveira,1986-12-04,39,1,Publica,4,Noite,3
1437,Felipe,Costa,1991-07-02,34,0,Publica,4,Noite,6
1438,Larissa,Nascimento,2002-11-10,23,0,Particular,7,Noite,1
1439,Larissa,Oliveira,1988-04-27,37,1,Particular,1,Noite,6
1440,Ana,Almeida,1984-11-23,41,0,Publica,2,Manha,2
1441,Julia,Pereira,1997-06-06,28,1,Particular,5,Noite,3
1442,Renata,Rodrigues,1983-02-13,42,0,Publica,8,Manha,2
1443,André,Almeida,1983-02-08,42,0,Particular,3,Manha,6
1444,Carlos,Oliveira,1999-06-15,26,0,Particular,1,Noite,5
1445,Carlos,Santos,1981-10-01,44,0,Particular,5,Manha,3
1446,Beatriz,Silva,1992-07-05,33,1,Publica,4,Manha,6
1447,Bruno,Almeida,1980-08-03,45,0,Particular,3,Manha,5
1448,Ana,Souza,2001-02-14,24,0,Publica,6,Tarde,1
1449,Lucas,Costa,1980-07-01,45,0,Particular,2,Manha,6
1450,Eduardo,Lima,1982-01-21,43,1,Particular,5,Noite,5
1451,Patrícia,Costa,2001-08-20,24,1,Particular,8,Tarde,2
1452,Vanessa,Santos,1987-03-10,38,0,Particular,5,Manha,3
1453,Felipe,Rodrigues,1984-01-15,41,1,Publica,7,Manha,6
1454,Beatriz,Oliveira,1993-07-15,32,1,Particular,7,Tarde,3
1455,Camila,Oliveira,1984-12-17,41,0,Publica,4,Noite,2
1456,Eduardo,Santos,1994-09-28,31,1,Particular,5,Manha,4
1457,André,Souza,1997-11-15,28,1,Particular,1,Manha,2
1458,Vanessa,Pereira,2001-07-17,24,1,Publica,8,Manha,6
1459,Felipe,Nascimento,2001-03-09,24,0,Particular,4,Manha,4
1460,Patrícia,Costa,2003-03-25,22,1,Particular,1,Noite,1
1461,Lucas,Silva,1980-01-11,45,0,Particular,6,Manha,6
1462,Carlos,Rodrigues,2006-02-12,19,1,Particular,8,Tarde,6
1463,Pedro,Rodrigues,1983-09-06,42,0,Publica,7,Manha,5
1464,Mariana,Lima,1997-11-16,28,1,Publica,2,Noite,2
1465,Julia,Silva,1984-07-16,41,1,Particular,3,Manha,5
1466,Patrícia,Nascimento,1998-03-15,27,0,Particular,6,Tarde,1
1467,Julia,Pereira,1984-10-10,41,1,Publica,2,Noite,2
1468,Fernanda,Souza,1991-10-26,34,1,Publica,7,Manha,3
1469,Beatriz,Lima,1988-09-01,37,1,Particular,3,Manha,6
1470,Pedro,Rodrigues,1994-07-11,31,0,Particular,8,Noite,1
1471,Vanessa,Silva,1984-10-01,41,0,Particular,7,Manha,4
1472,Larissa,Silva,2002-11-09,23,1,Particular,6,Noite,4
1473,Camila,Pereira,1991-12-09,34,0,Particular,5,Tarde,1
1474,Julia,Santos,1996-02-01,29,0,Publica,4,Manha,2
1475,Julia,Pereira,1998-04-25,27,0,Publica,1,Noite,1
1476,Renata,Souza,1984-10-21,41,1,Particular,2,Noite,1
1477,Gabriel,Costa,2003-02-06,22,0,Publica,1,Tarde,6
1478,Carlos,Silva,2002-02-13,23,1,Publica,8,Manha,6
1479,Renata,Pereira,1995-05-24,30,0,Particular,3,Noite,1
1480,Gabriel,Costa,1988-03-18,37,0,Publica,2,Manha,2
1481,Beatriz,Pereira,1992-11-27,33,1,Particular,5,Manha,4
1482,Camila,Costa,1996-01-21,29,1,Particular,3,Manha,1
1483,André,Santos,2003-01-20,22,1,Publica,8,Manha,6
1484,Bruno,Nascimento,2004-06-23,21,0,Particular,6,Tarde,3
1485,Camila,Almeida,1989-08-11,36,0,Publica,3,Manha,6
1486,Larissa,Almeida,1994-06-26,31,1,Particular,8,Tarde,2
1487,Felipe,Oliveira,1980-03-26,45,1,Particular,3,Tarde,3
1488,Felipe,Pereira,1984-10-06,41,0,Publica,1,Tarde,4
1489,Pedro,Santos,1986-01-16,39,1,Publica,5,Noite,3
1490,Carlos,Almeida,1999-12-16,26,1,Particular,3,Tarde,6
1491,Bruno,Souza,1982-06-23,43,1,Particular,3,Manha,5
1492,Beatriz,Oliveira,1995-01-10,30,0,Particular,5,Noite,5
1493,Renata,Souza,1999-03-17,26,1,Particular,6,Noite,2
1494,Renata,Almeida,1982-01-15,43,1,Particular,4,Manha,3
1495,Bruno,Almeida,2005-05-18,20,1,Particular,4,Manha,3
1496,Eduardo,Nascimento,1987-04-16,38,1,Publica,6,Noite,1
1497,Mariana,Nascimento,1990-02-17,35,1,Particular,5,Manha,4
1498,Beatriz,Rodrigues,2002-03-12,23,0,Particular,4,Manha,6
1499,Bruno,Santos,2006-10-16,19,0,Particular,6,Tarde,3
1500,Carlos,Nascimento,1999-02-10,26,0,Publica,5,Manha,4
1501,Ana,Rodrigues,1988-04-05,37,1,Publica,1,Noite,6
1502,Julia,Santos,1994-03-15,31,1,Publica,8,Tarde,1
1503,Patrícia,Rodrigues,1986-12-20,39,1,Particular,3,Noite,2
1504,Ana,Souza,1981-06-18,44,1,Particular,3,Tarde,6
1505,Vanessa,Silva,2000-07-21,25,1,Particular,3,Tarde,5
1506,Pedro,Santos,1998-10-02,27,0,Publica,8,Manha,1
1507,Gabriel,Souza,1996-03-23,29,0,Publica,6,Tarde,3
1508,Felipe,Santos,2004-02-16,21,1,Publica,7,Noite,4
1509,Rodrigo,Souza,2006-04-15,19,0,Publica,5,Manha,2
1510,Rodrigo,Silva,1981-11-27,44,0,Particular,1,Manha,2
1511,Gabriel,Pereira,1996-06-11,29,1,Particular,1,Noite,3
1512,Ana,Oliveira,1997-02-02,28,0,Publica,4,Manha,5
1513,Ana,Santos,2002-02-19,23,1,Publica,7,Manha,2
1514,Eduardo,Rodrigues,1988-09-12,37,1,Publica,4,Noite,3
1515,Beatriz,Santos,1988-07-04,37,1,Particular,1,Tarde,5
1516,Beatriz,Pereira,1983-01-13,42,0,Publica,4,Noite,6
1517,Beatriz,Nascimento,2006-05-12,19,1,Publica,4,Noite,3
1518,Rodrigo,Silva,1989-01-07,36,0,Particular,4,Tarde,6
1519,Camila,Almeida,1992-10-25,33,0,Particular,8,Noite,5
1520,Beatriz,Souza,1999-02-01,26,0,Publica,1,Tarde,1
1521,Patrícia,Oliveira,2003-10-06,22,0,Publica,6,Manha,6
1522,Felipe,Santos,1982-05-14,43,0,Particular,1,Manha,3
1523,Pedro,Almeida,2005-04-04,20,0,Particular,3,Manha,1
1524,Carlos,Almeida,1998-12-18,27,1,Particular,1,Noite,5
1525,Julia,Pereira,1986-02-13,39,1,Publica,1,Tarde,4
1526,Larissa,Pereira,1980-10-02,45,0,Particular,5,Noite,4
1527,Pedro,Silva,2001-05-28,24,0,Publica,8,Manha,6
1528,Eduardo,Oliveira,1997-12-16,28,0,Publica,5,Tarde,1
1529,Patrícia,Almeida,1997-03-12,28,1,Publica,6,Noite,6
1530,Larissa,Pereira,1998-07-12,27,1,Particular,5,Manha,6
1531,Vanessa,Oliveira,1991-07-03,34,1,Publica,6,Tarde,6
1532,Patrícia,Lima,2001-03-02,24,1,Publica,6,Noite,6
1533,Eduardo,Pereira,2006-04-27,19,1,Publica,7,Manha,5
1534,Rodrigo,Souza,1998-01-09,27,0,Publica,6,Tarde,1
1535,Camila,Lima,1992-09-22,33,1,Publica,6,Noite,4
1536,Carlos,Almeida,1984-12-25,41,0,Publica,2,Tarde,2
1537,Pedro,Costa,2004-07-10,21,0,Publica,4,Manha,1
1538,Pedro,Souza,1986-03-27,39,0,Publica,5,Tarde,1
1539,Camila,Oliveira,1980-12-20,45,1,Particular,7,Tarde,2
1540,Larissa,Nascimento,1998-08-21,27,0,Particular,1,Tarde,3
1541,Ana,Rodrigues,2002-08-28,23,1,Publica,7,Noite,5
1542,Patrícia,Silva,1992-01-16,33,0,Particular,5,Noite,1
1543,Carlos,Souza,1994-07-24,31,1,Publica,8,Manha,3
1544,Vanessa,Almeida,1986-10-14,39,0,Publica,3,Noite,6
1545,Rodrigo,Almeida,1982-09-06,43,1,Particular,7,Noite,6
1546,Pedro,Nascimento,1983-12-17,42,1,Publica,8,Tarde,2
1547,Pedro,Nascimento,1990-07-04,35,0,Publica,4,Tarde,4
1548,Rafael,Oliveira,2004-12-26,21,0,Particular,1,Tarde,2
1549,Bruno,Nascimento,1995-04-23,30,1,Publica,2,Manha,2
1550,Eduardo,Nascimento,1980-08-16,45,1,Particular,1,Noite,5
1551,Vanessa,Souza,1993-08-02,32,1,Particular,7,Manha,1
1552,Pedro,Santos,1995-07-17,30,0,Publica,2,Manha,2
1553,Eduardo,Pereira,2001-04-15,24,1,Particular,8,Manha,6
1554,Eduardo,Oliveira,1983-09-02,42,0,Publica,3,Tarde,2
1555,Ana,Santos,1981-09-26,44,0,Publica,5,Noite,5
1556,Pedro,Pereira,1990-04-28,35,1,Publica,4,Noite,4
1557,Patrícia,Costa,1983-03-13,42,0,Publica,3,Noite,2
1558,André,Lima,1982-10-06,43,0,Particular,6,Manha,3
1559,Ana,Oliveira,1981-06-25,44,1,Publica,4,Noite,6
1560,Larissa,Almeida,1999-04-24,26,0,Particular,7,Noite,6
1561,Carlos,Nascimento,1996-05-16,29,0,Particular,1,Tarde,1
1562,Gabriel,Silva,1991-05-13,34,1,Particular,6,Tarde,5
1563,Fernanda,Almeida,1996-08-13,29,0,Particular,6,Manha,6
1564,Camila,Lima,1996-10-21,29,0,Particular,5,Tarde,3
1565,Bruno,Santos,1987-10-07,38,1,Particular,4,Tarde,5
1566,Fernanda,Rodrigues,1999-07-22,26,0,Publica,5,Manha,6
1567,Vanessa,Lima,1990-04-26,35,1,Publica,2,Noite,6
1568,Beatriz,Costa,1999-11-27,26,1,Publica,8,Tarde,2
1569,Patrícia,Rodrigues,1998-08-18,27,1,Publica,5,Noite,1
1570,Julia,Oliveira,2006-09-13,19,0,Publica,4,Tarde,4
1571,Vanessa,Nascimento,2006-05-17,19,1,Publica,5,Manha,4
1572,Renata,Souza,1995-07-13,30,1,Publica,3,Manha,1
1573,Ana,Silva,1982-05-04,43,1,Publica,2,Noite,6
1574,Beatriz,Silva,2001-10-02,24,0,Publica,6,Noite,6
1575,Fernanda,Oliveira,1987-04-08,38,1,Particular,4,Manha,1
1576,Beatriz,Pereira,2005-07-07,20,0,Publica,2,Noite,6
1577,Patrícia,Souza,1983-04-28,42,1,Publica,4,Tarde,5
1578,Gabriel,Costa,1988-02-01,37,0,Particular,7,Noite,5
1579,Patrícia,Costa,1987-02-28,38,0,Particular,8,Tarde,2
1580,Renata,Oliveira,1980-09-25,45,1,Publica,8,Tarde,5
1581,Camila,Silva,1995-09-20,30,1,Particular,4,Tarde,2
1582,Eduardo,Oliveira,1985-07-07,40,0,Particular,6,Tarde,3
1583,Pedro,Costa,1992-10-16,33,0,Publica,2,Tarde,6
1584,Felipe,Nascimento,1991-06-13,34,0,Particular,7,Noite,4
1585,Julia,Oliveira,1988-06-08,37,1,Particular,5,Tarde,2
1586,Carlos,Nascimento,2000-09-20,25,0,Publica,7,Tarde,1
1587,Lucas,Pereira,1982-10-23,43,0,Particular,2,Noite,3
1588,Mariana,Rodrigues,1984-07-09,41,0,Publica,7,Tarde,2
1589,Carlos,Souza,1999-01-19,26,0,Particular,8,Tarde,2
1590,Rafael,Costa,1999-12-03,26,0,Publica,5,Manha,5
1591,André,Lima,2004-06-24,21,0,Publica,3,Manha,1
1592,Mariana,Rodrigues,1996-01-17,29,0,Particular,3,Manha,1
1593,Mariana,Pereira,1987-10-27,38,1,Particular,8,Manha,4
1594,Lucas,Costa,1985-11-20,40,0,Publica,7,Manha,1
1595,Patrícia,Lima,2005-08-22,20,1,Particular,8,Noite,5
1596,Renata,Nascimento,2002-12-13,23,1,Particular,3,Noite,4
1597,Rafael,Costa,1982-10-12,43,1,Publica,7,Tarde,4
1598,Camila,Silva,1990-08-07,35,0,Publica,7,Noite,2
1599,Renata,Pereira,2000-05-13,25,0,Publica,1,Manha,4
1600,Patrícia,Oliveira,1994-12-15,31,1,Publica,8,Manha,4
1601,Carlos,Pereira,2000-02-10,25,1,Publica,6,Tarde,4
1602,Julia,Nascimento,1989-06-27,36,1,Publica,8,Manha,3
1603,Beatriz,Rodrigues,1996-03-01,29,0,Publica,5,Manha,1
1604,Rodrigo,Santos,1980-08-13,45,1,Particular,6,Noite,3
1605,Camila,Silva,2005-09-19,20,0,Particular,8,Tarde,5
1606,Rodrigo,Nascimento,1996-02-05,29,1,Particular,8,Noite,6
1607,Mariana,Pereira,2004-04-03,21,1,Particular,7,Manha,1
1608,Pedro,Silva,1984-04-14,41,0,Particular,3,Tarde,5
1609,Beatriz,Silva,1982-03-28,43,0,Particular,8,Manha,2
1610,Mariana,Almeida,1983-02-22,42,1,Particular,6,Tarde,3
1611,Camila,Lima,1984-11-22,41,1,Publica,4,Manha,4
1612,Fernanda,Santos,1996-05-16,29,1,Publica,5,Tarde,1
1613,Rodrigo,Costa,2005-04-08,20,1,Publica,2,Noite,5
1614,Larissa,Oliveira,1993-10-11,32,1,Publica,4,Manha,5
1615,Julia,Santos,1981-07-13,44,1,Publica,7,Tarde,1
1616,Camila,Souza,1989-04-16,36,1,Particular,4,Tarde,4
1617,Pedro,Costa,1999-03-11,26,0,Particular,7,Manha,1
1618,Lucas,Silva,1984-09-14,41,1,Publica,3,Manha,1
1619,Mariana,Silva,1984-05-27,41,1,Particular,2,Manha,2
1620,Camila,Souza,1981-10-03,44,0,Publica,4,Manha,4
1621,Julia,Rodrigues,1998-05-20,27,0,Particular,3,Manha,4
1622,Mariana,Lima,1983-08-20,42,0,Particular,1,Tarde,3
1623,André,Almeida,1991-09-10,34,1,Particular,7,Manha,3
1624,Beatriz,Costa,1994-03-23,31,0,Publica,2,Manha,5
1625,Gabriel,Souza,1994-03-05,31,0,Particular,6,Noite,3
1626,André,Oliveira,1993-02-21,32,1,Publica,8,Noite,1
1627,Mariana,Oliveira,1986-06-03,39,0,Publica,5,Tarde,2
1628,Patrícia,Oliveira,2005-12-28,20,1,Particular,3,Tarde,6
1629,Camila,Nascimento,2002-03-01,23,0,Particular,7,Manha,4
1630,Mariana,Silva,1984-04-17,41,1,Particular,4,Noite,2
1631,Ana,Silva,2000-06-23,25,1,Particular,6,Manha,1
1632,Vanessa,Costa,1986-03-11,39,1,Particular,4,Tarde,6
1633,André,Nascimento,1997-05-18,28,1,Publica,5,Tarde,1
1634,Renata,Souza,1995-07-15,30,0,Particular,4,Tarde,3
1635,Ana,Costa,2001-10-09,24,1,Particular,1,Noite,2
1636,Carlos,Almeida,1987-07-01,38,1,Publica,2,Tarde,5
1637,Ana,Lima,2003-11-26,22,1,Publica,8,Noite,2
1638,Julia,Costa,1992-09-24,33,1,Publica,4,Manha,6
1639,Julia,Santos,2000-04-16,25,0,Publica,3,Noite,6
1640,Mariana,Rodrigues,2001-05-14,24,0,Particular,4,Noite,2
1641,Julia,Rodrigues,1989-09-23,36,0,Publica,3,Manha,1
1642,Lucas,Rodrigues,1985-02-25,40,1,Particular,2,Noite,5
1643,Vanessa,Souza,1995-11-20,30,1,Publica,6,Manha,3
1644,Felipe,Costa,1997-05-24,28,0,Publica,2,Manha,2
1645,Mariana,Lima,2006-12-18,19,0,Particular,6,Manha,3
1646,Larissa,Souza,2005-09-25,20,1,Publica,3,Manha,5
1647,Renata,Souza,2003-04-27,22,1,Particular,7,Tarde,6
1648,Beatriz,Silva,1981-08-07,44,0,Particular,1,Noite,3
1649,Larissa,Silva,1990-08-03,35,0,Publica,2,Noite,2
1650,Patrícia,Lima,1997-12-25,28,1,Publica,1,Noite,3
1651,Pedro,Lima,2006-07-10,19,0,Publica,1,Tarde,6
1652,Pedro,Oliveira,1984-05-11,41,1,Publica,6,Manha,4
1653,Fernanda,Oliveira,1980-01-10,45,1,Publica,2,Manha,5
1654,Bruno,Souza,1983-05-25,42,1,Particular,2,Manha,5
1655,Eduardo,Souza,1987-01-09,38,1,Publica,5,Noite,6
1656,Julia,Oliveira,2004-01-10,21,1,Publica,6,Tarde,6
1657,Gabriel,Souza,1983-10-01,42,0,Particular,1,Tarde,3
1658,Vanessa,Souza,1988-03-19,37,0,Publica,6,Manha,2
1659,Rafael,Almeida,1986-12-23,39,0,Publica,4,Tarde,1
1660,Renata,Costa,1995-09-08,30,0,Particular,4,Noite,6
1661,Beatriz,Lima,1989-06-05,36,1,Particular,5,Tarde,2
1662,Felipe,Rodrigues,2000-10-16,25,0,Publica,7,Noite,2
1663,Mariana,Nascimento,1985-11-19,40,0,Publica,3,Noite,1
1664,Carlos,Silva,2003-02-22,22,1,Publica,4,Tarde,1
1665,Carlos,Souza,2006-12-01,19,1,Publica,6,Manha,4
1666,Gabriel,Souza,1991-06-14,34,1,Particular,8,Noite,2
1667,Carlos,Oliveira,1991-04-28,34,0,Particular,8,Tarde,4
1668,Pedro,Silva,1993-08-06,32,0,Publica,8,Noite,3
1669,Felipe,Souza,1989-03-10,36,1,Publica,7,Manha,4
1670,Eduardo,Almeida,1991-05-21,34,0,Particular,4,Noite,3
1671,Larissa,Rodrigues,1985-08-08,40,1,Publica,1,Manha,6
1672,Larissa,Costa,1997-09-21,28,0,Publica,5,Noite,3
1673,Julia,Rodrigues,2001-09-26,24,1,Particular,1,Manha,5
1674,Carlos,Rodrigues,1988-04-25,37,0,Particular,1,Manha,1
1675,Vanessa,Oliveira,1998-06-01,27,1,Publica,3,Manha,6
1676,Larissa,Rodrigues,2002-05-19,23,0,Particular,6,Manha,4
1677,Renata,Costa,1987-06-02,38,1,Particular,8,Manha,5
1678,Patrícia,Costa,1993-09-01,32,0,Publica,3,Manha,4
1679,Carlos,Almeida,1993-09-24,32,0,Publica,8,Noite,2
1680,Carlos,Costa,1991-02-02,34,1,Publica,7,Manha,3
1681,Beatriz,Souza,1990-04-20,35,0,Publica,5,Noite,5
1682,Rafael,Almeida,2002-05-18,23,0,Publica,8,Manha,4
1683,Julia,Souza,1996-10-08,29,1,Publica,7,Noite,3
1684,Patrícia,Lima,2002-03-01,23,0,Publica,5,Manha,2
1685,Carlos,Silva,2003-03-07,22,0,Publica,3,Tarde,4
1686,André,Costa,1999-03-02,26,0,Publica,6,Noite,3
1687,Mariana,Souza,2006-03-16,19,1,Publica,3,Tarde,1
1688,Felipe,Souza,1982-03-07,43,0,Publica,7,Manha,4
1689,Gabriel,Rodrigues,2002-09-23,23,1,Particular,3,Noite,5
1690,André,Oliveira,1985-10-27,40,1,Particular,6,Tarde,5
1691,Rafael,Costa,1992-05-13,33,1,Publica,2,Noite,2
1692,Carlos,Lima,1983-09-16,42,1,Publica,1,Noite,2
1693,Gabriel,Costa,1981-09-28,44,0,Publica,2,Tarde,5
1694,Pedro,Rodrigues,1990-09-05,35,0,Publica,7,Tarde,2
1695,Carlos,Souza,1996-03-20,29,1,Publica,7,Noite,6
1696,Bruno,Almeida,1985-11-09,40,1,Publica,1,Manha,1
1697,Rafael,Souza,1990-03-25,35,0,Publica,4,Tarde,1
1698,Vanessa,Santos,1981-11-24,44,0,Publica,6,Tarde,4
1699,Rodrigo,Rodrigues,2004-05-09,21,0,Publica,3,Noite,6
1700,Fernanda,Almeida,1996-02-05,29,0,Particular,1,Tarde,4
1701,Ana,Lima,1993-08-01,32,0,Publica,1,Noite,3
1702,Felipe,Santos,2000-06-03,25,1,Particular,3,Tarde,4
1703,Carlos,Oliveira,1984-05-17,41,0,Particular,6,Noite,1
1704,Fernanda,Pereira,2005-10-13,20,0,Publica,8,Manha,4
1705,Carlos,Oliveira,1999-10-18,26,1,Particular,1,Noite,6
1706,Gabriel,Souza,1981-05-26,44,0,Publica,7,Tarde,5
1707,Rodrigo,Lima,2003-01-09,22,1,Publica,8,Tarde,2
1708,Felipe,Costa,1996-11-03,29,1,Particular,4,Manha,6
1709,Gabriel,Oliveira,1999-11-10,26,0,Particular,7,Tarde,2
1710,Carlos,Oliveira,2004-12-05,21,1,Particular,4,Manha,3
1711,Julia,Almeida,1981-07-10,44,1,Publica,6,Tarde,3
1712,Gabriel,Oliveira,2005-04-24,20,1,Particular,3,Tarde,2
1713,Lucas,Almeida,1992-05-14,33,1,Particular,1,Manha,6
1714,Bruno,Costa,1997-12-17,28,0,Particular,6,Noite,2
1715,Renata,Silva,2001-12-11,24,0,Particular,1,Tarde,2
1716,Carlos,Costa,2004-06-07,21,1,Particular,2,Tarde,6
1717,Gabriel,Souza,1982-02-23,43,1,Particular,2,Noite,1
1718,Carlos,Nascimento,1982-11-22,43,0,Particular,4,Manha,4
1719,Beatriz,Silva,1993-01-24,32,0,Publica,8,Tarde,4
1720,André,Lima,1993-09-24,32,0,Publica,3,Manha,1
1721,Eduardo,Souza,1990-07-04,35,0,Publica,4,Noite,4
1722,Patrícia,Almeida,1988-12-10,37,0,Particular,1,Noite,6
1723,Felipe,Santos,1999-06-05,26,0,Publica,5,Noite,1
1724,Rodrigo,Nascimento,1989-02-18,36,1,Publica,4,Tarde,5
1725,Camila,Silva,1998-03-25,27,1,Publica,3,Noite,2
1726,Eduardo,Nascimento,1996-03-03,29,0,Particular,5,Tarde,3
1727,Julia,Souza,1988-01-23,37,1,Publica,7,Noite,1
1728,Ana,Santos,1987-08-13,38,1,Particular,1,Noite,6
1729,Lucas,Pereira,1993-01-02,32,0,Publica,4,Tarde,4
1730,Renata,Souza,2006-01-13,19,0,Particular,2,Tarde,6
1731,Lucas,Pereira,2004-04-09,21,1,Particular,1,Tarde,5
1732,Felipe,Nascimento,1983-08-21,42,1,Particular,3,Noite,2
1733,Fernanda,Silva,1983-04-10,42,0,Particular,4,Tarde,3
1734,André,Lima,2003-09-05,22,1,Publica,4,Manha,6
1735,Renata,Souza,1981-02-22,44,1,Particular,1,Noite,1
1736,Renata,Nascimento,2002-02-26,23,1,Particular,3,Manha,6
1737,Fernanda,Nascimento,2005-03-13,20,1,Particular,5,Noite,6
1738,Julia,Lima,1989-03-18,36,1,Particular,4,Manha,3
1739,Pedro,Silva,2004-09-10,21,0,Publica,4,Manha,2
1740,Pedro,Pereira,2004-07-13,21,0,Particular,1,Noite,4
1741,Felipe,Souza,1994-07-01,31,1,Publica,4,Tarde,5
1742,Rodrigo,Nascimento,1987-06-22,38,1,Publica,3,Noite,5
1743,Pedro,Silva,1991-07-22,34,0,Publica,7,Tarde,1
1744,Felipe,Nascimento,2004-06-18,21,0,Particular,5,Manha,5
1745,Renata,Oliveira,1991-07-21,34,0,Publica,1,Noite,4
1746,Julia,Pereira,2004-04-26,21,1,Particular,2,Tarde,2
1747,Larissa,Lima,1984-04-19,41,1,Particular,1,Manha,2
1748,Beatriz,Silva,1980-11-28,45,1,Particular,7,Manha,1
1749,Felipe,Lima,1986-02-03,39,0,Particular,1,Manha,1
1750,Vanessa,Silva,1999-11-09,26,0,Particular,2,Noite,3
1751,André,Oliveira,2004-03-28,21,0,Particular,7,Noite,2
1752,Bruno,Costa,2000-05-09,25,0,Particular,8,Tarde,5
1753,Larissa,Pereira,1981-12-15,44,0,Particular,7,Noite,2
1754,Bruno,Silva,1997-02-24,28,1,Particular,7,Manha,2
1755,Pedro,Silva,1992-09-22,33,1,Publica,4,Manha,2
1756,Beatriz,Souza,1984-06-12,41,0,Publica,6,Tarde,1
1757,Vanessa,Souza,1994-01-07,31,0,Publica,2,Noite,2
1758,Felipe,Souza,1987-07-08,38,1,Publica,8,Tarde,5
1759,Larissa,Souza,1986-04-15,39,0,Particular,5,Tarde,5
1760,Gabriel,Nascimento,1990-01-05,35,1,Particular,1,Manha,4
1761,Fernanda,Silva,1987-08-07,38,1,Publica,7,Tarde,5
1762,Gabriel,Almeida,2003-08-22,22,0,Publica,2,Manha,2
1763,André,Nascimento,1997-03-04,28,0,Particular,7,Manha,5
1764,Patrícia,Nascimento,1994-04-25,31,1,Publica,4,Manha,5
1765,Rodrigo,Santos,1993-01-11,32,0,Particular,1,Tarde,6
1766,Larissa,Souza,1994-08-23,31,0,Particular,8,Manha,4
1767,Rafael,Santos,2004-01-13,21,0,Publica,3,Manha,2
1768,Camila,Pereira,1982-07-22,43,1,Publica,6,Noite,4
1769,Pedro,Oliveira,1998-03-24,27,0,Publica,2,Noite,2
1770,Renata,Oliveira,1994-10-02,31,1,Publica,7,Noite,5
1771,Vanessa,Silva,1985-03-02,40,1,Publica,4,Noite,5
1772,Renata,Rodrigues,1996-05-21,29,0,Particular,6,Noite,5
1773,Lucas,Rodrigues,1991-08-21,34,1,Publica,8,Manha,3
1774,Carlos,Lima,1992-08-13,33,1,Publica,3,Manha,5
1775,Fernanda,Oliveira,2004-02-20,21,0,Particular,8,Noite,5
1776,Larissa,Lima,1984-10-19,41,1,Particular,3,Manha,3
1777,André,Silva,2005-11-18,20,1,Publica,7,Noite,2
1778,Bruno,Silva,2002-05-01,23,1,Particular,7,Noite,5
1779,Patrícia,Nascimento,1981-01-22,44,0,Publica,5,Noite,2
1780,Camila,Rodrigues,1988-03-17,37,1,Particular,7,Manha,2
1781,Renata,Rodrigues,1985-11-08,40,0,Particular,7,Manha,2
1782,Bruno,Oliveira,1985-05-03,40,1,Publica,6,Noite,4
1783,Bruno,Oliveira,1985-10-06,40,1,Publica,4,Tarde,5
1784,Julia,Costa,1996-02-18,29,1,Particular,6,Manha,6
1785,Vanessa,Rodrigues,1992-09-11,33,0,Particular,8,Noite,3
1786,Beatriz,Silva,1986-05-21,39,0,Publica,2,Tarde,5
1787,Mariana,Silva,1986-09-27,39,1,Publica,5,Manha,1
1788,Beatriz,Oliveira,1989-02-11,36,1,Particular,2,Tarde,3
1789,Lucas,Costa,2003-03-12,22,0,Particular,8,Noite,5
1790,Carlos,Oliveira,1994-06-02,31,0,Particular,3,Noite,6
1791,Pedro,Souza,1981-06-06,44,1,Particular,2,Noite,5
1792,Vanessa,Silva,1999-12-27,26,0,Particular,1,Tarde,3
1793,Carlos,Lima,1996-09-28,29,1,Particular,3,Manha,3
1794,Larissa,Silva,1990-10-17,35,1,Particular,8,Tarde,3
1795,Gabriel,Almeida,2002-06-17,23,1,Particular,6,Noite,5
1796,Camila,Santos,2005-12-27,20,1,Publica,3,Tarde,5
1797,Lucas,Oliveira,1990-01-05,35,0,Publica,1,Manha,3
1798,Beatriz,Nascimento,2000-04-03,25,0,Publica,2,Tarde,3
1799,Carlos,Silva,1990-06-16,35,0,Publica,7,Noite,6
1800,Lucas,Rodrigues,1989-05-28,36,1,Particular,8,Manha,4
1801,Felipe,Almeida,2000-08-24,25,1,Particular,3,Noite,1
1802,Bruno,Lima,2003-12-06,22,1,Particular,4,Manha,5
1803,Gabriel,Lima,2005-02-24,20,0,Publica,2,Manha,2
1804,Rafael,Rodrigues,1999-02-02,26,1,Publica,2,Noite,2
1805,Fernanda,Almeida,1985-04-23,40,1,Particular,1,Noite,2
1806,Larissa,Lima,2002-02-22,23,1,Publica,3,Tarde,4
1807,Camila,Rodrigues,2003-06-18,22,1,Particular,3,Tarde,2
1808,Bruno,Pereira,1999-02-17,26,1,Particular,4,Noite,1
1809,Ana,Lima,1985-12-15,40,0,Particular,3,Manha,4
1810,Carlos,Almeida,2005-12-24,20,0,Publica,1,Tarde,2
1811,Gabriel,Nascimento,1998-10-07,27,1,Publica,2,Noite,4
1812,Renata,Souza,2000-05-08,25,0,Publica,3,Tarde,6
1813,Beatriz,Nascimento,1997-04-11,28,1,Particular,7,Manha,4
1814,Patrícia,Costa,1985-07-10,40,0,Publica,6,Tarde,3
1815,Renata,Souza,1985-08-20,40,1,Publica,3,Noite,2
1816,Julia,Pereira,1981-06-08,44,1,Particular,2,Manha,4
1817,Mariana,Nascimento,1997-09-08,28,0,Publica,1,Noite,1
1818,Bruno,Oliveira,2003-12-28,22,0,Publica,3,Manha,1
1819,Vanessa,Almeida,1999-11-15,26,1,Particular,4,Noite,6
1820,Vanessa,Santos,1985-04-21,40,1,Publica,1,Manha,1
1821,Fernanda,Costa,1992-11-03,33,1,Publica,8,Manha,3
1822,Carlos,Nascimento,1982-01-25,43,0,Publica,6,Noite,1
1823,Pedro,Costa,1995-05-21,30,0,Publica,4,Manha,5
1824,Patrícia,Souza,1986-11-19,39,1,Publica,2,Manha,4
1825,Gabriel,Pereira,1983-04-06,42,0,Particular,7,Tarde,6
1826,Rafael,Souza,1999-12-22,26,0,Publica,2,Tarde,4
1827,Gabriel,Pereira,1981-02-20,44,0,Particular,3,Noite,3
1828,Beatriz,Costa,1999-12-24,26,0,Publica,5,Noite,2
1829,Larissa,Santos,1986-09-01,39,0,Particular,5,Noite,1
1830,Pedro,Pereira,1983-02-10,42,0,Particular,3,Tarde,1
1831,Mariana,Pereira,1999-05-13,26,0,Publica,4,Noite,3
1832,Larissa,Souza,2005-12-24,20,0,Publica,6,Manha,6
1833,Ana,Souza,1987-08-04,38,0,Particular,4,Tarde,3
1834,Vanessa,Santos,1992-05-25,33,0,Publica,1,Tarde,1
1835,Rafael,Pereira,1995-01-14,30,0,Particular,3,Tarde,2
1836,Fernanda,Silva,1985-10-20,40,0,Particular,2,Tarde,4
1837,Felipe,Costa,1984-03-28,41,1,Publica,6,Tarde,3
1838,Rafael,Costa,2002-12-28,23,1,Publica,4,Manha,1
1839,Eduardo,Santos,1992-08-19,33,1,Particular,7,Tarde,5
1840,Bruno,Almeida,1998-11-25,27,1,Particular,5,Tarde,2
1841,Pedro,Almeida,2006-02-05,19,1,Particular,7,Manha,1
1842,Rodrigo,Silva,2004-02-26,21,0,Publica,4,Manha,6
1843,Vanessa,Costa,1983-08-13,42,1,Publica,8,Manha,4
1844,Rodrigo,Silva,1996-02-26,29,1,Particular,2,Manha,5
1845,Lucas,Santos,2002-01-15,23,0,Publica,1,Tarde,4
1846,Carlos,Silva,1994-12-08,31,1,Publica,1,Tarde,3
1847,Patrícia,Rodrigues,1986-07-06,39,0,Publica,1,Manha,5
1848,Mariana,Santos,1997-09-22,28,1,Particular,7,Noite,4
1849,Patrícia,Silva,1986-02-18,39,0,Particular,4,Noite,2
1850,Mariana,Almeida,1988-07-13,37,1,Publica,2,Tarde,5
1851,Rodrigo,Costa,2006-03-23,19,1,Publica,1,Manha,3
1852,Larissa,Oliveira,1983-05-11,42,0,Publica,2,Manha,4
1853,Patrícia,Souza,1988-01-01,37,1,Publica,2,Noite,5
1854,Renata,Silva,1990-04-22,35,0,Particular,3,Manha,3
1855,Eduardo,Rodrigues,2000-10-27,25,1,Particular,8,Noite,2
1856,Carlos,Almeida,1998-08-22,27,0,Particular,7,Noite,5
1857,Julia,Oliveira,1992-02-05,33,0,Particular,5,Manha,4
1858,Renata,Rodrigues,1987-04-27,38,0,Particular,7,Manha,2
1859,Renata,Nascimento,1983-10-15,42,0,Publica,5,Manha,4
1860,Rafael,Costa,1994-01-17,31,1,Publica,2,Manha,4
1861,Gabriel,Silva,2000-11-21,25,1,Publica,2,Manha,3
1862,Mariana,Souza,1982-08-01,43,1,Publica,2,Noite,4
1863,Fernanda,Lima,1984-03-25,41,0,Particular,6,Noite,5
1864,Eduardo,Almeida,1996-06-15,29,0,Publica,1,Manha,3
1865,Felipe,Almeida,1990-08-22,35,0,Publica,4,Tarde,5
1866,Pedro,Nascimento,1992-02-25,33,0,Publica,8,Noite,5
1867,Mariana,Nascimento,2001-07-18,24,0,Particular,7,Noite,6
1868,Ana,Rodrigues,1981-10-12,44,0,Publica,5,Manha,5
1869,Julia,Santos,1993-01-16,32,0,Publica,8,Tarde,6
1870,Bruno,Oliveira,1991-02-25,34,1,Particular,3,Tarde,6
1871,Eduardo,Oliveira,2002-11-10,23,1,Particular,4,Noite,3
1872,Ana,Rodrigues,1994-09-10,31,0,Publica,8,Manha,2
1873,Julia,Oliveira,1984-03-12,41,0,Particular,5,Noite,5
1874,Rafael,Lima,1998-04-09,27,1,Publica,1,Tarde,2
1875,Larissa,Almeida,1984-09-15,41,0,Particular,1,Noite,1
1876,Pedro,Souza,1986-02-19,39,0,Particular,3,Manha,6
1877,Julia,Costa,1986-08-24,39,1,Publica,6,Manha,2
1878,Pedro,Santos,1997-09-04,28,1,Particular,1,Manha,3
1879,Fernanda,Almeida,1984-05-04,41,0,Particular,6,Noite,1
1880,Pedro,Rodrigues,1980-10-14,45,1,Publica,8,Noite,4
1881,Rodrigo,Pereira,2002-05-20,23,0,Publica,7,Tarde,5
1882,Lucas,Rodrigues,1982-08-09,43,1,Publica,4,Tarde,5
1883,Felipe,Oliveira,1988-09-14,37,0,Particular,8,Tarde,5
1884,Renata,Rodrigues,2002-02-11,23,1,Particular,6,Noite,1
1885,Lucas,Nascimento,1984-12-20,41,0,Publica,8,Tarde,2
1886,Ana,Santos,1983-02-16,42,0,Particular,1,Manha,5
1887,Beatriz,Oliveira,1990-04-14,35,0,Publica,5,Tarde,3
1888,Felipe,Almeida,1980-01-01,45,1,Publica,5,Noite,5
1889,Mariana,Silva,1989-07-13,36,1,Particular,7,Tarde,4
1890,Bruno,Oliveira,1988-03-01,37,1,Particular,7,Tarde,4
1891,Camila,Lima,1980-10-15,45,1,Particular,4,Manha,5
1892,Felipe,Pereira,1987-06-09,38,1,Particular,3,Noite,2
1893,Camila,Rodrigues,1981-02-13,44,1,Particular,4,Manha,1
1894,Mariana,Pereira,1983-03-05,42,1,Publica,8,Tarde,4
1895,Fernanda,Oliveira,1984-06-20,41,0,Particular,1,Manha,1
1896,Pedro,Souza,1982-06-28,43,1,Particular,1,Manha,5
1897,Lucas,Almeida,1998-09-13,27,1,Particular,3,Manha,1
1898,Eduardo,Nascimento,1991-08-26,34,0,Particular,8,Manha,6
1899,Fernanda,Pereira,2000-07-03,25,0,Publica,3,Manha,2
1900,Beatriz,Almeida,1990-04-14,35,1,Particular,1,Tarde,5
1901,Mariana,Santos,1988-09-06,37,1,Publica,2,Noite,5
1902,Rodrigo,Santos,1988-06-26,37,1,Publica,1,Noite,4
1903,Fernanda,Santos,1989-11-15,36,1,Publica,4,Manha,1
1904,Carlos,Pereira,2002-08-10,23,1,Publica,8,Tarde,4
1905,Carlos,Rodrigues,2000-11-22,25,0,Particular,3,Manha,2
1906,Mariana,Souza,1995-06-23,30,0,Publica,2,Noite,4
1907,Rafael,Rodrigues,1990-12-21,35,0,Publica,7,Noite,2
1908,Vanessa,Lima,2006-03-09,19,0,Particular,4,Tarde,1
1909,Lucas,Lima,1982-12-28,43,1,Particular,8,Noite,3
1910,Felipe,Santos,1985-05-09,40,1,Particular,5,Tarde,4
1911,Rodrigo,Costa,2006-09-12,19,0,Particular,4,Tarde,6
1912,Rafael,Santos,1987-11-20,38,0,Publica,8,Noite,5
1913,Vanessa,Oliveira,2005-10-19,20,1,Publica,1,Tarde,3
1914,Renata,Pereira,2006-08-04,19,1,Particular,3,Tarde,4
1915,Rafael,Souza,2003-10-18,22,1,Particular,3,Tarde,2
1916,Rodrigo,Costa,1998-08-06,27,0,Publica,2,Manha,1
1917,Ana,Oliveira,2006-03-19,19,0,Publica,1,Noite,5
1918,Gabriel,Pereira,1983-01-27,42,0,Publica,3,Manha,2
1919,Rafael,Souza,2002-09-13,23,1,Particular,7,Manha,1
1920,Rodrigo,Nascimento,2001-09-26,24,1,Particular,2,Manha,5
1921,Pedro,Costa,1991-07-26,34,0,Particular,1,Noite,2
1922,Camila,Costa,2000-02-19,25,0,Particular,5,Tarde,5
1923,Carlos,Santos,1989-07-28,36,1,Publica,1,Manha,2
1924,André,Oliveira,1985-01-12,40,1,Particular,7,Tarde,1
1925,Ana,Silva,1993-07-22,32,1,Particular,5,Manha,1
1926,Felipe,Santos,1989-02-23,36,0,Publica,5,Manha,4
1927,Julia,Oliveira,1999-10-09,26,1,Publica,1,Tarde,5
1928,Felipe,Oliveira,1997-04-10,28,0,Particular,7,Manha,4
1929,Ana,Lima,1987-09-14,38,0,Particular,8,Noite,1
1930,Ana,Santos,2005-10-14,20,0,Particular,8,Manha,5
1931,Larissa,Silva,2002-10-08,23,0,Publica,2,Manha,4
1932,Patrícia,Lima,1998-09-27,27,0,Particular,1,Tarde,1
1933,Eduardo,Santos,1984-02-26,41,1,Particular,6,Noite,3
1934,André,Almeida,1994-05-23,31,0,Publica,8,Tarde,4
1935,Lucas,Souza,1997-11-26,28,0,Particular,2,Noite,6
1936,Mariana,Oliveira,1988-03-06,37,0,Particular,6,Noite,5
1937,André,Silva,2005-12-09,20,1,Particular,3,Manha,5
1938,Fernanda,Santos,1995-01-11,30,1,Publica,1,Noite,2
1939,Bruno,Almeida,2006-01-23,19,0,Publica,2,Noite,4
1940,Bruno,Oliveira,1988-01-15,37,0,Publica,3,Tarde,4
1941,Rodrigo,Pereira,1997-10-11,28,1,Publica,1,Manha,4
1942,Gabriel,Rodrigues,2002-08-08,23,0,Publica,7,Manha,4
1943,Ana,Almeida,1982-01-26,43,1,Publica,2,Manha,5
1944,Ana,Nascimento,1985-08-26,40,0,Publica,6,Manha,4
1945,Rafael,Santos,1987-08-02,38,0,Publica,1,Manha,4
1946,Felipe,Nascimento,1990-11-01,35,0,Particular,5,Noite,6
1947,Rodrigo,Nascimento,2005-05-18,20,1,Particular,4,Noite,2
1948,Larissa,Nascimento,1997-10-07,28,1,Particular,3,Noite,3
1949,Patrícia,Souza,1993-12-03,32,0,Particular,4,Tarde,5
1950,Carlos,Souza,1981-05-11,44,0,Publica,6,Noite,6
1951,Beatriz,Pereira,1982-08-10,43,0,Particular,8,Tarde,5
1952,Bruno,Pereira,1993-09-02,32,1,Particular,7,Manha,6
1953,Patrícia,Costa,1998-09-08,27,1,Particular,4,Noite,3
1954,Bruno,Costa,1992-11-28,33,1,Particular,3,Noite,1
1955,Camila,Silva,1994-08-09,31,0,Particular,6,Tarde,5
1956,Camila,Souza,1991-07-06,34,0,Publica,1,Noite,1
1957,Camila,Souza,1981-08-21,44,1,Publica,2,Manha,1
1958,Lucas,Almeida,2004-09-13,21,0,Publica,3,Tarde,3
1959,Larissa,Silva,2001-12-06,24,0,Publica,7,Noite,5
1960,Beatriz,Santos,2006-05-23,19,0,Publica,1,Manha,6
1961,Gabriel,Almeida,1990-10-12,35,0,Publica,3,Tarde,6
1962,Lucas,Santos,1983-06-07,42,0,Particular,5,Tarde,6
1963,Ana,Almeida,1989-01-27,36,1,Publica,8,Noite,2
1964,André,Nascimento,1997-01-12,28,1,Publica,4,Noite,1
1965,Rafael,Oliveira,1989-11-20,36,0,Particular,1,Manha,6
1966,Rafael,Rodrigues,1991-03-02,34,0,Particular,1,Noite,5
1967,Julia,Souza,1997-05-21,28,0,Publica,6,Noite,5
1968,Rodrigo,Santos,1991-04-12,34,1,Publica,1,Tarde,4
1969,Rafael,Silva,1993-08-19,32,0,Publica,7,Noite,4
1970,Lucas,Lima,1992-12-15,33,1,Particular,1,Noite,2
1971,Vanessa,Rodrigues,2002-11-05,23,0,Publica,5,Tarde,5
1972,Beatriz,Silva,1980-07-16,45,1,Particular,3,Tarde,3
1973,Carlos,Pereira,2000-06-27,25,0,Publica,8,Manha,4
1974,Fernanda,Pereira,1992-03-10,33,0,Particular,5,Manha,5
1975,Gabriel,Nascimento,2002-03-08,23,0,Particular,6,Manha,1
1976,Rafael,Nascimento,1981-11-14,44,0,Particular,4,Manha,6
1977,Vanessa,Rodrigues,1987-01-05,38,0,Publica,7,Tarde,4
1978,Gabriel,Nascimento,1980-05-22,45,1,Particular,6,Noite,5
1979,Camila,Nascimento,1985-02-06,40,1,Particular,3,Tarde,1
1980,Carlos,Oliveira,2001-03-26,24,0,Publica,8,Tarde,3
1981,Lucas,Rodrigues,1994-08-01,31,0,Publica,8,Manha,1
1982,Mariana,Costa,2002-09-01,23,0,Publica,7,Noite,2
1983,Eduardo,Pereira,1982-06-17,43,0,Particular,1,Noite,3
1984,Felipe,Souza,2004-02-17,21,1,Publica,6,Tarde,5
1985,Eduardo,Santos,1998-12-15,27,1,Publica,2,Tarde,5
1986,Rafael,Santos,1987-08-18,38,0,Publica,7,Noite,2
1987,Mariana,Lima,1988-06-10,37,0,Publica,3,Manha,6
1988,Mariana,Silva,1981-03-18,44,0,Particular,3,Noite,2
1989,Gabriel,Silva,1988-02-09,37,1,Particular,5,Noite,2
1990,Rodrigo,Souza,1982-07-12,43,0,Publica,3,Noite,6
1991,Gabriel,Silva,2000-04-02,25,1,Publica,4,Manha,2
1992,Patrícia,Santos,1984-12-04,41,0,Particular,4,Manha,2
1993,Felipe,Santos,1981-07-09,44,1,Publica,1,Noite,1
1994,Renata,Costa,2006-08-15,19,1,Particular,7,Noite,1
1995,Gabriel,Souza,2001-01-21,24,0,Publica,7,Noite,6
1996,André,Rodrigues,1992-10-02,33,0,Publica,2,Manha,3
1997,Rodrigo,Rodrigues,1982-10-13,43,1,Publica,3,Noite,1
1998,Lucas,Oliveira,1995-01-17,30,0,Particular,7,Noite,3
1999,Larissa,Almeida,2004-01-13,21,0,Particular,3,Manha,5
2000,Camila,Santos,1981-05-19,44,1,Particular,5,Noite,1
2001,Larissa,Oliveira,1986-11-10,39,0,Publica,7,Tarde,1
2002,Renata,Oliveira,1985-08-07,40,0,Publica,7,Manha,4
2003,Lucas,Rodrigues,1984-05-07,41,1,Publica,6,Noite,5
2004,Fernanda,Pereira,1983-11-17,42,0,Particular,2,Noite,5
2005,Mariana,Costa,2003-05-27,22,0,Particular,5,Manha,2
2006,Beatriz,Pereira,2003-05-15,22,0,Particular,1,Tarde,5
2007,Carlos,Costa,1988-04-27,37,0,Publica,2,Manha,6
2008,Vanessa,Almeida,1992-01-12,33,1,Particular,8,Noite,4
2009,Patrícia,Santos,2005-08-13,20,1,Particular,4,Tarde,2
2010,Camila,Nascimento,1995-05-13,30,1,Particular,2,Tarde,2
2011,Mariana,Souza,1985-06-10,40,1,Publica,1,Noite,3
2012,Vanessa,Souza,2006-06-06,19,1,Publica,6,Tarde,5
2013,Larissa,Rodrigues,1994-03-04,31,0,Publica,8,Tarde,2
2014,Bruno,Nascimento,1983-05-06,42,1,Publica,5,Manha,6
2015,Vanessa,Nascimento,1986-04-26,39,0,Particular,2,Tarde,3
2016,Beatriz,Silva,1994-10-14,31,0,Particular,4,Manha,6
2017,Rafael,Lima,2000-11-24,25,0,Particular,6,Manha,2
2018,Lucas,Santos,2003-09-15,22,0,Particular,6,Manha,2
2019,Fernanda,Pereira,1993-09-26,32,1,Particular,5,Noite,6
2020,Ana,Souza,1995-04-21,30,0,Publica,7,Tarde,6
2021,Carlos,Almeida,1994-08-05,31,1,Particular,6,Tarde,2
2022,André,Silva,1983-05-02,42,0,Particular,3,Tarde,5
2023,Rafael,Santos,1990-11-17,35,0,Publica,1,Manha,4
2024,Gabriel,Souza,1989-03-11,36,1,Publica,2,Tarde,1
2025,Beatriz,Nascimento,2002-02-25,23,0,Particular,2,Tarde,2
2026,Carlos,Souza,1986-07-20,39,1,Particular,3,Noite,4
2027,Rafael,Nascimento,2000-03-19,25,1,Publica,6,Manha,6
2028,Renata,Santos,2006-11-22,19,0,Publica,3,Manha,2
2029,Beatriz,Nascimento,1986-09-20,39,0,Publica,5,Tarde,4
2030,Bruno,Costa,1984-04-14,41,1,Publica,6,Manha,4
2031,Julia,Silva,1997-08-02,28,0,Particular,8,Manha,5
2032,Carlos,Oliveira,1981-02-01,44,1,Publica,3,Tarde,1
2033,Vanessa,Costa,1997-11-18,28,0,Publica,8,Noite,6
2034,Fernanda,Lima,1988-07-16,37,0,Particular,8,Tarde,2
2035,Carlos,Costa,2002-03-05,23,0,Publica,2,Noite,3
2036,Mariana,Santos,1997-11-28,28,0,Publica,3,Noite,3
2037,Ana,Oliveira,1985-10-11,40,0,Particular,1,Tarde,2
2038,Beatriz,Souza,2000-02-18,25,0,Particular,7,Noite,4
2039,Julia,Costa,1980-08-22,45,1,Publica,5,Manha,6
2040,Mariana,Silva,2001-02-08,24,1,Publica,7,Noite,1
2041,Larissa,Costa,1998-12-16,27,1,Particular,2,Tarde,6
2042,Patrícia,Silva,1991-06-09,34,0,Publica,2,Tarde,1
2043,Fernanda,Souza,1982-10-25,43,1,Particular,7,Tarde,1
2044,Eduardo,Oliveira,1998-04-19,27,1,Particular,8,Tarde,2
2045,André,Silva,2005-03-01,20,1,Publica,7,Manha,6
2046,Lucas,Nascimento,2000-08-04,25,0,Publica,3,Tarde,1
2047,Eduardo,Costa,2004-12-14,21,1,Particular,8,Tarde,1
2048,Beatriz,Souza,1985-07-16,40,1,Publica,2,Noite,2
2049,André,Oliveira,2001-01-15,24,1,Particular,7,Tarde,2
2050,Eduardo,Rodrigues,1986-02-20,39,0,Particular,6,Tarde,2
2051,Rodrigo,Nascimento,2000-06-06,25,0,Publica,3,Manha,2
2052,Eduardo,Souza,1991-01-25,34,1,Particular,7,Tarde,3
2053,Fernanda,Almeida,1980-12-02,45,0,Publica,7,Noite,4
2054,Fernanda,Rodrigues,1997-11-25,28,1,Particular,7,Tarde,5
2055,Renata,Almeida,1989-02-14,36,0,Particular,6,Tarde,6
2056,Pedro,Santos,1981-01-14,44,0,Particular,6,Noite,2
2057,Beatriz,Silva,1998-12-13,27,1,Particular,3,Tarde,4
2058,Lucas,Nascimento,2000-06-05,25,1,Publica,6,Manha,1
2059,Renata,Almeida,2003-01-06,22,1,Particular,2,Manha,5
2060,André,Oliveira,2001-04-14,24,1,Publica,2,Tarde,5
2061,Vanessa,Nascimento,1997-10-25,28,1,Particular,6,Tarde,4
2062,Beatriz,Rodrigues,1990-05-28,35,1,Publica,5,Noite,3
2063,Pedro,Nascimento,1983-07-19,42,0,Publica,5,Tarde,5
2064,Fernanda,Costa,1998-05-14,27,1,Publica,3,Manha,2
2065,Eduardo,Santos,1996-07-05,29,1,Publica,5,Manha,2
2066,Lucas,Silva,2004-10-15,21,0,Publica,3,Manha,4
2067,André,Santos,1989-09-12,36,0,Particular,7,Tarde,3
2068,Renata,Pereira,2004-03-02,21,0,Publica,1,Tarde,3
2069,Fernanda,Oliveira,1982-03-24,43,0,Publica,1,Manha,6
2070,Julia,Pereira,2004-02-07,21,1,Particular,7,Tarde,5
2071,Beatriz,Santos,1998-06-21,27,1,Publica,7,Manha,5
2072,Lucas,Rodrigues,2002-06-18,23,1,Publica,5,Noite,3
2073,Larissa,Costa,1982-02-08,43,1,Publica,4,Tarde,2
2074,Felipe,Pereira,2001-12-05,24,0,Publica,4,Tarde,4
2075,Mariana,Rodrigues,1993-04-21,32,0,Publica,5,Manha,6
2076,Renata,Oliveira,1996-12-23,29,1,Publica,1,Noite,6
2077,Mariana,Nascimento,1988-07-25,37,0,Publica,2,Noite,6
2078,Patrícia,Rodrigues,1982-08-09,43,0,Publica,5,Manha,3
2079,Gabriel,Costa,1997-06-02,28,0,Publica,5,Tarde,4
2080,Mariana,Almeida,2004-06-24,21,0,Publica,4,Manha,5
2081,Eduardo,Costa,1980-03-01,45,0,Particular,7,Noite,1
2082,Carlos,Silva,1987-01-08,38,0,Particular,7,Tarde,4
2083,Lucas,Oliveira,2005-08-12,20,0,Particular,7,Manha,4
2084,Camila,Costa,2003-01-06,22,1,Particular,4,Manha,1
2085,Carlos,Nascimento,1997-05-27,28,1,Publica,4,Manha,2
2086,Mariana,Silva,1984-09-10,41,1,Publica,1,Manha,4
2087,Gabriel,Pereira,1989-01-12,36,0,Particular,7,Tarde,6
2088,Julia,Almeida,2000-11-23,25,1,Particular,5,Tarde,1
2089,Pedro,Silva,1992-06-21,33,0,Particular,3,Noite,4
2090,Bruno,Lima,1982-03-05,43,1,Publica,6,Tarde,4
2091,Fernanda,Lima,2003-12-05,22,0,Particular,4,Noite,2
2092,Renata,Souza,2005-03-04,20,0,Publica,2,Manha,1
2093,Vanessa,Silva,1987-12-12,38,1,Publica,2,Tarde,1
2094,Fernanda,Silva,2005-11-08,20,0,Particular,2,Noite,5
2095,Camila,Pereira,1999-06-24,26,0,Particular,2,Manha,2
2096,André,Oliveira,2003-05-08,22,0,Particular,3,Manha,1
2097,Fernanda,Pereira,1984-02-13,41,0,Particular,6,Noite,3
2098,Beatriz,Costa,2003-12-01,22,0,Publica,5,Tarde,3
2099,Ana,Rodrigues,1996-09-16,29,1,Publica,5,Tarde,1
2100,Rafael,Santos,1999-11-13,26,1,Publica,6,Manha,6
2101,Patrícia,Rodrigues,1999-12-06,26,1,Particular,4,Manha,5
2102,Larissa,Costa,1988-03-15,37,1,Particular,6,Manha,2
2103,Renata,Pereira,1980-07-03,45,1,Particular,2,Manha,5
2104,Rafael,Santos,1998-12-06,27,0,Particular,2,Manha,3
2105,Beatriz,Silva,1984-10-11,41,1,Particular,4,Tarde,2
2106,Mariana,Oliveira,1985-10-24,40,1,Publica,1,Tarde,4
2107,Bruno,Rodrigues,1999-09-01,26,1,Publica,4,Manha,6
2108,Carlos,Lima,2004-01-02,21,1,Publica,3,Manha,6
2109,Gabriel,Pereira,1983-03-26,42,0,Particular,5,Noite,6
2110,Bruno,Lima,1984-07-18,41,1,Particular,7,Tarde,1
2111,Eduardo,Souza,1996-06-09,29,0,Particular,5,Tarde,2
2112,Rafael,Oliveira,1985-10-17,40,1,Particular,8,Manha,3
2113,Larissa,Oliveira,1989-07-24,36,1,Publica,7,Noite,2
2114,Pedro,Pereira,1983-10-05,42,1,Publica,3,Manha,2
2115,Rafael,Rodrigues,2002-02-02,23,1,Publica,5,Noite,2
2116,Pedro,Almeida,1996-10-25,29,0,Publica,8,Noite,4
2117,Felipe,Nascimento,1999-10-20,26,1,Publica,3,Noite,6
2118,Lucas,Lima,1980-01-08,45,1,Particular,7,Manha,6
2119,Rafael,Silva,1980-06-07,45,0,Particular,4,Noite,4
2120,Lucas,Silva,1990-11-02,35,1,Publica,5,Manha,5
2121,Rodrigo,Silva,1991-09-23,34,0,Particular,3,Noite,5
2122,Rafael,Almeida,1992-09-23,33,1,Publica,8,Tarde,2
2123,Gabriel,Lima,1986-09-20,39,1,Publica,4,Tarde,4
2124,Rodrigo,Santos,2000-02-21,25,1,Publica,7,Tarde,1
2125,Felipe,Lima,1989-02-01,36,0,Publica,3,Noite,5
2126,Carlos,Costa,2002-10-05,23,0,Publica,6,Manha,4
2127,Rodrigo,Almeida,1990-12-25,35,0,Particular,8,Tarde,4
2128,Rafael,Oliveira,2004-11-24,21,1,Publica,1,Noite,5
2129,Pedro,Costa,2004-02-20,21,0,Particular,8,Tarde,1
2130,Vanessa,Souza,1991-10-14,34,0,Particular,6,Noite,4
2131,Rafael,Pereira,2002-07-13,23,1,Particular,7,Manha,5
2132,Renata,Souza,1984-06-15,41,0,Particular,3,Tarde,3
2133,Eduardo,Rodrigues,2001-07-21,24,0,Particular,5,Manha,5
2134,André,Rodrigues,2000-08-05,25,1,Particular,5,Manha,4
2135,Patrícia,Silva,1997-01-18,28,1,Particular,8,Tarde,5
2136,Renata,Nascimento,1989-07-09,36,0,Publica,5,Manha,4
2137,Beatriz,Rodrigues,2006-08-17,19,1,Publica,7,Noite,5
2138,Felipe,Rodrigues,2004-10-18,21,0,Particular,5,Tarde,1
2139,Rodrigo,Oliveira,1980-06-06,45,0,Publica,3,Tarde,2
2140,Ana,Oliveira,1992-05-18,33,0,Publica,3,Tarde,5
2141,Camila,Lima,1983-04-01,42,0,Publica,6,Tarde,3
2142,Eduardo,Nascimento,2003-08-09,22,0,Particular,7,Manha,1
2143,André,Santos,1980-01-01,45,0,Publica,6,Noite,4
2144,Julia,Nascimento,2004-10-12,21,0,Publica,6,Tarde,3
2145,Rodrigo,Rodrigues,2004-10-07,21,1,Particular,7,Tarde,5
2146,Rodrigo,Almeida,2003-01-21,22,0,Particular,3,Tarde,6
2147,Rafael,Souza,2000-04-14,25,1,Publica,1,Manha,3
2148,Fernanda,Rodrigues,1984-10-20,41,0,Particular,8,Tarde,6
2149,Larissa,Lima,1992-06-06,33,1,Publica,7,Manha,2
2150,Bruno,Santos,1999-10-14,26,1,Publica,6,Tarde,2
2151,Gabriel,Souza,1999-01-11,26,0,Publica,5,Tarde,1
2152,Patrícia,Rodrigues,1995-07-10,30,1,Particular,6,Noite,2
2153,Camila,Pereira,1983-04-18,42,0,Particular,1,Tarde,1
2154,Pedro,Santos,2003-06-07,22,0,Publica,1,Manha,6
2155,Felipe,Pereira,2001-03-03,24,0,Particular,4,Noite,2
2156,Patrícia,Pereira,1993-05-18,32,0,Particular,6,Noite,6
2157,Vanessa,Santos,1985-03-19,40,1,Publica,6,Manha,6
2158,Julia,Oliveira,1983-09-11,42,1,Particular,2,Tarde,1
2159,Bruno,Silva,1996-11-02,29,1,Particular,2,Tarde,4
2160,Fernanda,Rodrigues,1995-04-25,30,1,Publica,6,Manha,3
2161,Vanessa,Rodrigues,1983-08-04,42,1,Particular,8,Manha,3
2162,Renata,Costa,1981-06-08,44,1,Publica,4,Manha,1
2163,Felipe,Souza,2005-02-23,20,0,Publica,3,Tarde,1
2164,Vanessa,Lima,1985-09-03,40,1,Publica,8,Noite,4
2165,Rafael,Rodrigues,2006-09-14,19,0,Particular,2,Tarde,2
2166,André,Rodrigues,1993-06-27,32,0,Particular,4,Tarde,5
2167,Lucas,Lima,1998-02-12,27,1,Particular,4,Tarde,3
2168,Patrícia,Souza,2003-08-15,22,1,Publica,7,Noite,1
2169,Beatriz,Costa,2006-07-05,19,1,Particular,7,Tarde,3
2170,Eduardo,Nascimento,1998-10-26,27,0,Publica,2,Manha,5
2171,Patrícia,Costa,1998-01-18,27,0,Particular,3,Manha,6
2172,Rodrigo,Nascimento,1993-11-17,32,1,Particular,3,Noite,3
2173,Fernanda,Lima,2004-09-10,21,1,Particular,8,Manha,5
2174,Patrícia,Santos,2000-12-19,25,1,Publica,2,Noite,1
2175,Gabriel,Souza,1994-12-19,31,1,Publica,3,Tarde,5
2176,Eduardo,Almeida,1982-08-01,43,1,Particular,5,Tarde,1
2177,Beatriz,Oliveira,1995-03-17,30,1,Publica,2,Manha,6
2178,Rafael,Costa,1996-09-11,29,1,Publica,2,Noite,2
2179,Vanessa,Souza,1988-06-19,37,0,Publica,3,Manha,4
2180,Renata,Silva,1991-06-05,34,1,Particular,4,Manha,3
2181,Bruno,Lima,1997-01-25,28,1,Publica,6,Manha,2
2182,Ana,Souza,1983-10-08,42,0,Publica,4,Noite,2
2183,Fernanda,Pereira,2000-06-12,25,0,Publica,7,Manha,5
2184,Rodrigo,Santos,2006-09-26,19,0,Publica,1,Tarde,3
2185,Gabriel,Rodrigues,1986-12-15,39,0,Particular,2,Tarde,6
2186,Beatriz,Oliveira,2004-07-05,21,1,Publica,4,Noite,3
2187,Renata,Costa,1986-06-08,39,0,Publica,6,Noite,3
2188,Julia,Santos,2000-05-15,25,0,Publica,6,Tarde,4
2189,Eduardo,Almeida,1998-03-12,27,1,Publica,2,Tarde,3
2190,Felipe,Nascimento,1981-11-05,44,0,Particular,8,Manha,4
2191,Gabriel,Lima,1999-07-25,26,1,Particular,1,Tarde,2
2192,Mariana,Lima,1982-07-26,43,1,Particular,2,Noite,6
2193,Julia,Silva,1983-10-23,42,1,Particular,4,Tarde,5
2194,Larissa,Rodrigues,1981-06-04,44,0,Publica,1,Manha,4
2195,Rafael,Rodrigues,1984-08-14,41,0,Particular,3,Noite,1
2196,Fernanda,Rodrigues,1994-02-17,31,0,Particular,4,Manha,5
2197,Renata,Silva,1993-08-13,32,1,Publica,3,Manha,5
2198,Renata,Lima,1994-05-28,31,1,Particular,2,Noite,2
2199,Vanessa,Almeida,1984-08-04,41,1,Particular,4,Manha,6
2200,Vanessa,Lima,1983-02-25,42,1,Particular,1,Manha,3
2201,Eduardo,Lima,2004-09-03,21,1,Publica,8,Tarde,6
2202,Vanessa,Costa,2003-04-07,22,1,Particular,8,Tarde,1
2203,Julia,Costa,2002-01-20,23,0,Publica,6,Manha,5
2204,Ana,Pereira,1997-03-13,28,0,Particular,5,Manha,1
2205,Julia,Pereira,1987-02-20,38,0,Particular,8,Tarde,2
2206,Pedro,Rodrigues,1982-01-02,43,1,Particular,2,Noite,2
2207,Pedro,Santos,2004-04-27,21,0,Publica,8,Noite,5
2208,Julia,Pereira,1984-05-18,41,1,Publica,8,Manha,6
2209,Fernanda,Nascimento,1993-04-06,32,0,Particular,2,Tarde,3
2210,Gabriel,Rodrigues,1980-05-27,45,0,Publica,7,Manha,1
2211,Rafael,Costa,1989-07-17,36,1,Publica,7,Manha,1
2212,Ana,Pereira,1997-07-15,28,0,Publica,3,Manha,1
2213,Beatriz,Oliveira,2005-07-24,20,0,Publica,6,Manha,4
2214,Rafael,Santos,1994-08-20,31,1,Publica,1,Manha,4
2215,Gabriel,Santos,2005-10-01,20,0,Particular,4,Noite,4
2216,Carlos,Silva,2000-08-06,25,0,Publica,2,Manha,5
2217,Renata,Silva,2003-09-16,22,0,Particular,8,Manha,2
2218,Rafael,Rodrigues,1990-12-25,35,1,Particular,2,Tarde,1
2219,Rodrigo,Souza,1995-01-15,30,1,Particular,4,Tarde,1
2220,Carlos,Rodrigues,1989-03-06,36,1,Publica,2,Noite,4
2221,Gabriel,Santos,1985-04-19,40,1,Publica,3,Noite,6
2222,Eduardo,Rodrigues,1989-12-27,36,1,Particular,3,Tarde,5
2223,Carlos,Pereira,1993-11-21,32,1,Particular,2,Manha,2
2224,Larissa,Souza,2000-08-20,25,1,Publica,3,Tarde,3
2225,Renata,Lima,1991-02-13,34,0,Publica,2,Manha,5
2226,Bruno,Lima,1998-02-06,27,1,Particular,5,Noite,5
2227,Fernanda,Almeida,1997-07-26,28,1,Publica,4,Tarde,4
2228,Rafael,Lima,1996-05-10,29,1,Particular,1,Noite,6
2229,André,Lima,1982-10-04,43,0,Particular,5,Noite,5
2230,Lucas,Oliveira,1989-01-02,36,1,Publica,7,Noite,6
2231,Carlos,Santos,1987-05-18,38,1,Particular,5,Tarde,1
2232,Lucas,Costa,1998-09-14,27,1,Particular,7,Manha,2
2233,Gabriel,Souza,1985-04-24,40,1,Publica,1,Tarde,3
2234,Carlos,Costa,1980-01-01,45,0,Particular,4,Tarde,6
2235,Patrícia,Costa,1998-02-20,27,0,Publica,2,Manha,3
2236,Felipe,Silva,1980-10-28,45,0,Particular,3,Manha,2
2237,Beatriz,Almeida,2003-10-22,22,1,Publica,7,Manha,5
2238,Fernanda,Lima,2006-02-28,19,1,Particular,5,Tarde,2
2239,Rafael,Silva,1999-10-17,26,1,Publica,4,Tarde,1
2240,Carlos,Almeida,1982-02-17,43,0,Particular,2,Noite,5
2241,Fernanda,Santos,1996-03-25,29,1,Publica,1,Manha,6
2242,Ana,Souza,1991-04-11,34,0,Particular,7,Tarde,1
2243,Camila,Oliveira,1998-10-20,27,1,Particular,5,Tarde,4
2244,Mariana,Silva,1983-01-18,42,0,Particular,1,Manha,6
2245,Rodrigo,Pereira,1984-11-08,41,1,Particular,1,Manha,4
2246,Rafael,Lima,1991-09-03,34,1,Particular,6,Manha,4
2247,Bruno,Costa,1993-05-06,32,0,Particular,8,Manha,1
2248,Julia,Pereira,1999-02-25,26,0,Particular,2,Noite,1
2249,Julia,Pereira,2005-11-11,20,1,Publica,5,Noite,4
2250,Rafael,Silva,1994-10-06,31,0,Publica,5,Tarde,4
2251,Rafael,Souza,1984-09-08,41,0,Particular,2,Manha,1
2252,Carlos,Pereira,1998-12-21,27,1,Publica,6,Manha,2
2253,Pedro,Lima,2002-06-01,23,1,Particular,7,Tarde,2
2254,Fernanda,Oliveira,2003-01-10,22,0,Publica,8,Tarde,2
2255,Larissa,Silva,1983-10-03,42,1,Publica,1,Tarde,4
2256,Pedro,Almeida,1984-05-08,41,1,Particular,2,Tarde,4
2257,Gabriel,Santos,2004-02-24,21,0,Particular,3,Tarde,4
2258,Rodrigo,Oliveira,1993-12-26,32,1,Particular,7,Manha,2
2259,Julia,Nascimento,1994-07-28,31,1,Particular,5,Tarde,4
2260,Gabriel,Nascimento,1981-11-07,44,1,Publica,1,Tarde,1
2261,Vanessa,Nascimento,1995-05-05,30,0,Publica,6,Tarde,2
2262,Ana,Rodrigues,2003-07-24,22,1,Publica,2,Manha,1
2263,Larissa,Rodrigues,1999-12-25,26,1,Publica,6,Tarde,5
2264,Rafael,Oliveira,2001-12-09,24,1,Publica,2,Manha,6
2265,Beatriz,Lima,1997-02-17,28,0,Particular,4,Manha,6
2266,Beatriz,Rodrigues,1987-06-22,38,1,Publica,2,Noite,5
2267,Renata,Oliveira,1997-01-13,28,1,Particular,1,Tarde,1
2268,Rafael,Pereira,1982-03-27,43,1,Particular,4,Noite,6
2269,Julia,Pereira,1987-01-04,38,1,Publica,5,Noite,6
2270,Ana,Costa,1995-03-04,30,1,Publica,1,Manha,2
2271,Carlos,Souza,1999-08-18,26,0,Publica,2,Tarde,1
2272,Carlos,Rodrigues,1995-02-08,30,0,Particular,2,Noite,4
2273,Ana,Souza,2000-07-05,25,1,Publica,5,Manha,5
2274,Patrícia,Lima,1990-06-01,35,0,Publica,4,Tarde,3
2275,Bruno,Lima,1985-12-04,40,0,Particular,3,Noite,5
2276,Vanessa,Silva,1995-03-25,30,1,Publica,4,Tarde,1
2277,Julia,Oliveira,1980-09-23,45,0,Particular,3,Manha,2
2278,Fernanda,Almeida,1995-02-18,30,0,Particular,6,Manha,1
2279,Larissa,Lima,1983-01-06,42,1,Publica,6,Tarde,4
2280,Rafael,Pereira,2000-05-22,25,1,Publica,3,Manha,4
2281,Gabriel,Souza,1992-10-02,33,1,Particular,6,Tarde,3
2282,Patrícia,Silva,1992-08-22,33,1,Publica,7,Noite,6
2283,Carlos,Nascimento,1991-12-24,34,0,Publica,6,Manha,6
2284,Felipe,Rodrigues,2006-03-13,19,0,Publica,8,Manha,2
2285,Bruno,Silva,2006-11-17,19,1,Publica,5,Manha,6
2286,Eduardo,Lima,1987-10-05,38,1,Particular,2,Manha,1
2287,Pedro,Souza,2003-07-20,22,0,Publica,6,Manha,1
2288,Lucas,Santos,1982-07-16,43,1,Particular,5,Tarde,6
2289,Carlos,Nascimento,1990-04-10,35,0,Publica,1,Tarde,1
2290,Pedro,Almeida,1993-05-25,32,0,Particular,7,Manha,3
2291,Beatriz,Lima,1990-06-24,35,0,Publica,2,Tarde,4
2292,Julia,Pereira,1987-10-12,38,1,Publica,6,Tarde,3
2293,Felipe,Silva,2004-11-26,21,1,Publica,4,Noite,4
2294,Gabriel,Rodrigues,2005-05-14,20,1,Particular,7,Tarde,4
2295,Rafael,Santos,1982-08-04,43,0,Particular,4,Manha,5
2296,Julia,Santos,1992-05-25,33,1,Publica,8,Noite,6
2297,Carlos,Souza,1995-06-10,30,0,Publica,3,Tarde,3
2298,Pedro,Lima,1990-12-15,35,0,Particular,1,Manha,5
2299,Bruno,Rodrigues,2004-07-22,21,1,Publica,8,Manha,5
2300,Ana,Almeida,1993-07-09,32,0,Publica,8,Noite,4
2301,Gabriel,Almeida,1982-12-07,43,1,Publica,7,Tarde,4
2302,Bruno,Nascimento,1984-04-17,41,1,Particular,1,Tarde,6
2303,Pedro,Lima,1996-07-19,29,0,Publica,1,Noite,3
2304,Beatriz,Rodrigues,1980-06-26,45,0,Publica,8,Manha,5
2305,Julia,Santos,1999-08-14,26,1,Publica,6,Manha,6
2306,Larissa,Almeida,1981-12-16,44,1,Particular,6,Tarde,3
2307,Felipe,Souza,1998-12-28,27,0,Publica,5,Manha,2
2308,Beatriz,Oliveira,2003-03-15,22,0,Publica,1,Noite,2
2309,Gabriel,Almeida,1983-02-25,42,0,Particular,6,Noite,4
2310,Renata,Souza,1995-02-14,30,0,Publica,5,Manha,5
2311,Julia,Rodrigues,1988-09-13,37,0,Publica,6,Manha,1
2312,Renata,Silva,1986-10-28,39,0,Publica,1,Manha,6
2313,Renata,Lima,1980-02-09,45,0,Particular,5,Tarde,1
2314,Felipe,Lima,1980-02-15,45,1,Publica,4,Manha,4
2315,André,Silva,1990-11-01,35,0,Particular,4,Manha,2
2316,Patrícia,Pereira,1988-05-13,37,0,Publica,8,Manha,5
2317,Patrícia,Oliveira,1987-09-01,38,0,Publica,7,Tarde,3
2318,Gabriel,Santos,1999-12-20,26,1,Publica,4,Noite,5
2319,Gabriel,Almeida,2002-03-25,23,1,Publica,2,Manha,5
2320,Felipe,Costa,1991-11-02,34,1,Particular,1,Manha,4
2321,Patrícia,Oliveira,2000-06-27,25,0,Particular,3,Noite,6
2322,Camila,Costa,1998-08-09,27,1,Publica,8,Noite,1
2323,Fernanda,Silva,1993-12-16,32,1,Particular,1,Manha,1
2324,Lucas,Nascimento,2006-03-20,19,0,Publica,3,Manha,3
2325,Beatriz,Nascimento,1981-05-09,44,0,Publica,3,Manha,3
2326,Carlos,Costa,1985-01-06,40,0,Particular,2,Manha,2
2327,Camila,Santos,1981-02-20,44,0,Particular,5,Tarde,6
2328,Carlos,Oliveira,1998-09-27,27,1,Publica,4,Manha,2
2329,Pedro,Costa,1992-03-19,33,1,Publica,1,Noite,1
2330,Renata,Lima,2000-04-04,25,0,Particular,5,Manha,2
2331,André,Santos,2004-10-13,21,1,Publica,1,Manha,2
2332,André,Oliveira,1986-02-16,39,1,Particular,6,Tarde,2
2333,Rafael,Oliveira,1985-10-25,40,1,Publica,4,Tarde,3
2334,Eduardo,Pereira,1985-07-15,40,0,Publica,2,Tarde,3
2335,Felipe,Pereira,1993-05-16,32,1,Publica,7,Tarde,4
2336,Gabriel,Silva,1999-07-04,26,1,Publica,1,Manha,5
2337,Rodrigo,Rodrigues,1990-03-09,35,0,Publica,3,Noite,1
2338,Bruno,Costa,1990-06-01,35,1,Publica,5,Manha,6
2339,Lucas,Nascimento,2000-02-10,25,0,Publica,8,Tarde,5
2340,Mariana,Rodrigues,1994-10-05,31,1,Particular,3,Manha,1
2341,Pedro,Santos,2002-09-26,23,0,Publica,1,Tarde,5
2342,Patrícia,Silva,1993-08-21,32,1,Publica,4,Manha,2
2343,Camila,Souza,1991-10-02,34,0,Particular,8,Noite,5
2344,Larissa,Rodrigues,1981-09-11,44,1,Publica,3,Tarde,6
2345,Patrícia,Pereira,1992-03-01,33,1,Particular,8,Manha,6
2346,Bruno,Rodrigues,1986-11-28,39,1,Particular,2,Noite,4
2347,Rodrigo,Pereira,1985-03-28,40,1,Publica,2,Noite,2
2348,Larissa,Pereira,2004-05-15,21,0,Particular,4,Noite,3
2349,Rafael,Souza,1985-03-08,40,1,Publica,5,Noite,5
2350,Eduardo,Silva,2005-01-20,20,1,Particular,3,Noite,4
2351,Gabriel,Oliveira,1992-01-09,33,1,Publica,6,Tarde,2
2352,Lucas,Almeida,2006-05-21,19,0,Publica,4,Noite,1
2353,Lucas,Nascimento,1987-04-12,38,0,Publica,3,Manha,3
2354,Julia,Souza,1998-04-13,27,0,Publica,7,Manha,5
2355,André,Almeida,2001-01-11,24,1,Particular,7,Manha,6
2356,Ana,Almeida,1993-03-13,32,1,Publica,6,Manha,1
2357,Beatriz,Almeida,1985-04-09,40,1,Publica,8,Tarde,6
2358,Carlos,Souza,1986-04-26,39,1,Publica,1,Noite,5
2359,Fernanda,Souza,1993-05-05,32,0,Publica,7,Tarde,3
2360,Julia,Costa,1994-03-15,31,1,Particular,6,Tarde,4
2361,Felipe,Costa,2005-05-20,20,1,Publica,1,Tarde,4
2362,André,Santos,1990-02-17,35,1,Publica,2,Tarde,5
2363,Gabriel,Rodrigues,2002-03-02,23,0,Particular,4,Tarde,3
2364,Fernanda,Souza,2004-08-06,21,0,Particular,6,Tarde,3
2365,Rodrigo,Oliveira,1998-05-15,27,0,Publica,6,Tarde,5
2366,Beatriz,Oliveira,2006-03-14,19,0,Particular,8,Manha,2
2367,Fernanda,Souza,2000-01-01,25,1,Publica,6,Noite,3
2368,Fernanda,Pereira,1982-07-24,43,1,Publica,6,Noite,5
2369,Rafael,Nascimento,2004-04-16,21,0,Particular,7,Manha,3
2370,Larissa,Souza,1989-04-15,36,1,Particular,4,Tarde,1
2371,Larissa,Souza,1997-08-27,28,1,Particular,5,Tarde,4
2372,Felipe,Costa,1992-09-26,33,0,Particular,5,Noite,1
2373,Vanessa,Nascimento,1998-01-02,27,0,Particular,8,Noite,2
2374,Rafael,Lima,1989-06-02,36,1,Particular,1,Tarde,2
2375,Larissa,Oliveira,1981-06-02,44,0,Publica,8,Tarde,4
2376,Carlos,Silva,1992-08-21,33,1,Publica,1,Tarde,4
2377,Rodrigo,Pereira,1985-12-06,40,1,Particular,8,Noite,6
2378,Julia,Nascimento,1980-09-15,45,1,Particular,4,Noite,3
2379,Felipe,Almeida,2004-04-19,21,1,Publica,5,Noite,2
2380,Larissa,Silva,2003-06-26,22,1,Publica,5,Noite,2
2381,Lucas,Almeida,1981-05-21,44,1,Publica,7,Noite,6
2382,Ana,Oliveira,1992-04-06,33,0,Publica,7,Manha,5
2383,André,Costa,2005-10-19,20,0,Publica,3,Tarde,1
2384,Felipe,Santos,2004-04-25,21,0,Particular,2,Tarde,6
2385,Rodrigo,Oliveira,2006-05-20,19,1,Publica,7,Noite,3
2386,Rafael,Costa,2002-12-19,23,0,Publica,4,Tarde,3
2387,Lucas,Rodrigues,1991-10-20,34,1,Particular,1,Tarde,5
2388,Lucas,Nascimento,1990-09-15,35,0,Publica,6,Tarde,5
2389,Pedro,Costa,1997-09-24,28,1,Publica,1,Noite,2
2390,André,Lima,1983-07-16,42,0,Particular,7,Noite,3
2391,Lucas,Santos,2000-09-19,25,0,Publica,7,Noite,3
2392,Rodrigo,Souza,1990-01-07,35,1,Publica,2,Tarde,1
2393,Felipe,Rodrigues,1981-08-02,44,0,Publica,1,Noite,6
2394,André,Pereira,1992-03-17,33,0,Particular,3,Noite,3
2395,Vanessa,Santos,2004-01-22,21,0,Particular,3,Noite,5
2396,Renata,Pereira,2000-11-15,25,1,Publica,2,Tarde,5
2397,Felipe,Nascimento,2001-02-24,24,1,Publica,3,Tarde,4
2398,Mariana,Silva,1997-01-17,28,0,Publica,4,Noite,1
2399,Ana,Pereira,1993-04-22,32,1,Particular,5,Manha,3
2400,Mariana,Rodrigues,1990-09-22,35,1,Publica,2,Manha,1
2401,Mariana,Rodrigues,1985-11-12,40,0,Particular,1,Noite,1
2402,Carlos,Almeida,1991-04-01,34,0,Particular,8,Tarde,6
2403,Carlos,Nascimento,1992-11-25,33,1,Publica,3,Tarde,2
2404,Camila,Pereira,2004-12-10,21,0,Particular,6,Manha,6
2405,Fernanda,Lima,2004-02-23,21,1,Particular,5,Noite,1
2406,Felipe,Rodrigues,2006-09-18,19,0,Publica,6,Noite,5
2407,Patrícia,Costa,1996-06-09,29,1,Particular,3,Manha,2
2408,Felipe,Silva,1992-07-26,33,1,Particular,5,Noite,1
2409,Bruno,Nascimento,1989-10-27,36,1,Publica,3,Noite,1
2410,Mariana,Nascimento,1996-07-06,29,0,Particular,3,Manha,4
2411,Larissa,Souza,1994-10-19,31,1,Publica,4,Tarde,4
2412,Eduardo,Nascimento,2005-12-18,20,0,Publica,6,Noite,6
2413,Larissa,Lima,1996-08-23,29,1,Particular,3,Tarde,4
2414,Pedro,Souza,1987-05-17,38,0,Publica,5,Noite,2
2415,Bruno,Costa,1999-09-24,26,0,Publica,3,Manha,4
2416,Rafael,Silva,1982-05-10,43,0,Particular,7,Manha,5
2417,Pedro,Costa,1981-05-24,44,0,Publica,5,Manha,1
2418,Rodrigo,Nascimento,1995-06-05,30,1,Publica,1,Noite,5
2419,Camila,Oliveira,1989-03-24,36,0,Particular,1,Tarde,5
2420,Rafael,Lima,1985-04-11,40,0,Publica,8,Tarde,4
2421,Eduardo,Rodrigues,1997-10-13,28,0,Publica,6,Tarde,5
2422,Rafael,Souza,1995-11-12,30,0,Publica,8,Noite,4
2423,Julia,Lima,1993-10-11,32,1,Publica,5,Manha,3
2424,Pedro,Almeida,1988-02-23,37,0,Particular,4,Manha,6
2425,André,Nascimento,1990-07-04,35,0,Publica,8,Tarde,4
2426,Gabriel,Souza,1995-06-02,30,0,Particular,2,Noite,6
2427,Rafael,Pereira,2002-06-27,23,0,Publica,8,Manha,2
2428,Ana,Costa,1989-12-06,36,1,Particular,5,Tarde,3
2429,Pedro,Almeida,1993-01-15,32,1,Publica,4,Tarde,1
2430,André,Oliveira,1990-02-25,35,0,Particular,1,Noite,5
2431,Julia,Almeida,2002-04-22,23,0,Particular,2,Tarde,3
2432,Beatriz,Rodrigues,1981-10-27,44,0,Particular,1,Tarde,3
2433,Lucas,Santos,2006-08-09,19,1,Particular,6,Manha,5
2434,Felipe,Silva,2000-08-27,25,1,Publica,1,Tarde,1
2435,Rafael,Rodrigues,1990-05-04,35,1,Publica,4,Noite,6
2436,Gabriel,Souza,2005-09-01,20,0,Particular,7,Manha,6
2437,Carlos,Lima,1991-09-18,34,1,Particular,1,Noite,4
2438,Gabriel,Oliveira,1990-03-20,35,1,Publica,7,Tarde,6
2439,Renata,Costa,1986-12-08,39,1,Particular,3,Manha,1
2440,Eduardo,Almeida,1989-05-28,36,0,Publica,7,Tarde,1
2441,Ana,Nascimento,1985-01-22,40,0,Publica,5,Manha,1
2442,Carlos,Pereira,2005-07-13,20,0,Publica,6,Noite,3
2443,Vanessa,Silva,1990-03-26,35,1,Publica,3,Noite,1
2444,Eduardo,Oliveira,1981-05-15,44,0,Publica,1,Tarde,2
2445,Ana,Almeida,1995-05-12,30,1,Particular,8,Noite,6
2446,Rodrigo,Pereira,2000-04-03,25,1,Publica,5,Tarde,6
2447,Eduardo,Nascimento,1990-12-08,35,1,Particular,8,Tarde,4
2448,Felipe,Pereira,1987-06-23,38,1,Publica,6,Manha,1
2449,Felipe,Souza,2003-09-10,22,0,Publica,6,Tarde,5
2450,Ana,Costa,1992-09-13,33,0,Particular,1,Tarde,2
2451,Felipe,Oliveira,1987-07-27,38,0,Particular,1,Manha,6
2452,Felipe,Rodrigues,2006-01-20,19,0,Publica,4,Noite,1
2453,Gabriel,Silva,2005-12-08,20,0,Publica,6,Manha,1
2454,Camila,Pereira,2002-04-25,23,1,Particular,8,Noite,5
2455,Beatriz,Souza,1998-11-27,27,0,Particular,1,Manha,5
2456,Ana,Pereira,1994-06-27,31,1,Particular,6,Tarde,3
2457,Rafael,Santos,1989-12-18,36,1,Particular,6,Manha,5
2458,Lucas,Lima,1980-11-18,45,0,Particular,6,Noite,3
2459,Pedro,Rodrigues,2004-06-13,21,1,Publica,3,Noite,6
2460,Mariana,Souza,1995-10-16,30,0,Particular,7,Tarde,1
2461,Felipe,Souza,2005-07-27,20,0,Particular,7,Manha,4
2462,Pedro,Almeida,2000-03-25,25,1,Particular,1,Manha,2
2463,Julia,Santos,1996-06-01,29,0,Particular,4,Noite,1
2464,André,Costa,2001-12-21,24,0,Particular,8,Manha,3
2465,Ana,Santos,1996-08-19,29,0,Particular,3,Manha,3
2466,Julia,Costa,1987-10-11,38,1,Particular,5,Manha,6
2467,Fernanda,Santos,1986-02-22,39,1,Particular,1,Tarde,6
2468,Julia,Nascimento,2003-02-25,22,1,Particular,5,Noite,4
2469,Felipe,Santos,1992-02-18,33,0,Publica,6,Noite,5
2470,Fernanda,Lima,1994-07-18,31,0,Particular,8,Manha,2
2471,André,Almeida,2005-12-03,20,1,Publica,1,Noite,1
2472,Gabriel,Silva,1999-06-14,26,1,Publica,4,Manha,2
2473,Beatriz,Pereira,1986-10-28,39,1,Particular,5,Manha,2
2474,Bruno,Costa,2004-03-27,21,1,Particular,7,Noite,5
2475,Pedro,Pereira,1994-08-08,31,0,Publica,6,Noite,2
2476,Gabriel,Costa,2001-03-01,24,0,Particular,1,Manha,4
2477,Carlos,Pereira,1996-05-10,29,0,Publica,5,Tarde,6
2478,Eduardo,Nascimento,1996-03-20,29,0,Particular,6,Tarde,1
2479,Fernanda,Santos,1984-07-02,41,1,Particular,7,Noite,6
2480,Carlos,Lima,1987-02-01,38,0,Particular,5,Manha,2
2481,Gabriel,Oliveira,2000-12-25,25,0,Publica,8,Tarde,4
2482,Beatriz,Costa,1982-07-24,43,0,Particular,7,Tarde,6
2483,Ana,Almeida,1980-04-18,45,1,Publica,4,Tarde,1
2484,Renata,Santos,1985-10-17,40,1,Publica,5,Manha,6
2485,André,Rodrigues,2003-01-05,22,1,Particular,1,Noite,6
2486,Patrícia,Santos,1996-03-14,29,1,Particular,3,Tarde,5
2487,Felipe,Pereira,1980-01-08,45,1,Publica,6,Noite,4
2488,Larissa,Souza,1989-10-15,36,1,Particular,8,Noite,5
2489,Lucas,Lima,1986-10-23,39,1,Particular,2,Tarde,5
2490,Ana,Nascimento,2003-10-11,22,1,Publica,5,Noite,6
2491,Gabriel,Oliveira,2004-07-10,21,0,Publica,3,Noite,2
2492,Larissa,Souza,1984-02-06,41,0,Publica,6,Noite,3
2493,Beatriz,Rodrigues,1980-01-23,45,0,Publica,8,Tarde,6
2494,Gabriel,Costa,2006-10-17,19,1,Particular,5,Manha,6
2495,Bruno,Oliveira,2002-08-24,23,1,Publica,3,Manha,2
2496,Vanessa,Lima,2000-08-02,25,1,Particular,2,Tarde,5
2497,Felipe,Souza,2003-04-23,22,1,Particular,7,Tarde,4
2498,Larissa,Silva,2004-11-11,21,1,Particular,5,Noite,4
2499,Rodrigo,Costa,1980-10-28,45,1,Publica,4,Tarde,1
2500,Rodrigo,Silva,1998-03-14,27,0,Particular,7,Manha,1
2501,Felipe,Santos,1991-06-24,34,1,Particular,5,Tarde,4
2502,Camila,Santos,2004-06-16,21,1,Publica,3,Tarde,4
2503,Fernanda,Silva,1980-01-13,45,1,Particular,7,Noite,2
2504,Ana,Santos,1982-07-13,43,1,Particular,6,Manha,2
2505,Pedro,Rodrigues,1988-02-25,37,1,Particular,1,Manha,2
2506,Rodrigo,Oliveira,1997-07-01,28,0,Particular,8,Manha,6
2507,André,Silva,1987-07-07,38,0,Particular,5,Manha,2
2508,Ana,Pereira,1981-12-11,44,0,Publica,1,Noite,3
2509,Carlos,Rodrigues,2001-10-01,24,1,Publica,8,Noite,4
2510,Mariana,Rodrigues,1990-03-18,35,1,Publica,4,Tarde,4
2511,Vanessa,Silva,1989-06-02,36,1,Publica,6,Tarde,6
2512,Fernanda,Lima,1980-10-11,45,1,Publica,5,Noite,1
2513,Renata,Lima,1981-03-22,44,1,Publica,3,Noite,5
2514,Fernanda,Pereira,2000-01-26,25,0,Publica,6,Noite,5
2515,Bruno,Lima,1988-10-27,37,0,Particular,4,Tarde,2
2516,Carlos,Souza,1998-12-15,27,1,Particular,5,Noite,4
2517,Camila,Nascimento,1991-02-22,34,1,Publica,7,Noite,3
2518,Carlos,Silva,1996-09-25,29,0,Particular,7,Noite,5
2519,Julia,Nascimento,1993-03-08,32,0,Publica,7,Manha,6
2520,Vanessa,Oliveira,2002-10-25,23,1,Publica,8,Tarde,4
2521,Vanessa,Costa,1983-08-07,42,0,Particular,7,Manha,5
2522,Lucas,Santos,1982-09-26,43,0,Particular,3,Tarde,2
2523,Camila,Santos,1998-05-14,27,0,Particular,3,Manha,2
2524,Mariana,Costa,2000-08-04,25,1,Publica,3,Manha,2
2525,Renata,Silva,1981-12-27,44,1,Particular,5,Noite,5
2526,Ana,Lima,1988-08-15,37,1,Particular,2,Noite,4
2527,Patrícia,Santos,1990-04-19,35,0,Publica,8,Noite,2
2528,Vanessa,Souza,1991-10-03,34,1,Particular,1,Noite,5
2529,Camila,Lima,1999-12-21,26,1,Publica,7,Noite,2
2530,Vanessa,Lima,1994-07-07,31,0,Publica,1,Noite,4
2531,Julia,Pereira,1987-10-13,38,0,Publica,2,Noite,6
2532,Bruno,Souza,1997-09-04,28,0,Particular,2,Noite,2
2533,André,Silva,1992-07-23,33,0,Publica,1,Tarde,5
2534,Carlos,Almeida,2004-03-19,21,0,Particular,4,Manha,3
2535,Fernanda,Nascimento,1994-01-08,31,1,Publica,7,Tarde,3
2536,Vanessa,Nascimento,1993-09-26,32,0,Publica,6,Tarde,6
2537,Ana,Almeida,1994-04-24,31,0,Publica,4,Manha,3
2538,Camila,Silva,2001-06-15,24,0,Particular,3,Noite,1
2539,Renata,Nascimento,2001-12-08,24,1,Particular,5,Manha,3
2540,Vanessa,Lima,1986-02-03,39,1,Publica,5,Tarde,1
2541,Gabriel,Costa,2000-06-28,25,0,Publica,7,Noite,4
2542,Bruno,Oliveira,2006-09-20,19,0,Publica,8,Tarde,5
2543,Vanessa,Silva,1984-04-21,41,1,Particular,6,Tarde,5
2544,Fernanda,Oliveira,1995-10-26,30,1,Publica,4,Tarde,6
2545,Fernanda,Silva,1982-07-07,43,0,Particular,8,Manha,4
2546,Lucas,Santos,1998-08-12,27,1,Publica,3,Noite,4
2547,Lucas,Lima,1992-09-25,33,0,Publica,3,Noite,1
2548,Vanessa,Santos,2002-11-10,23,0,Publica,4,Manha,3
2549,Felipe,Santos,1982-09-12,43,1,Publica,7,Tarde,1
2550,Beatriz,Rodrigues,1989-07-28,36,1,Particular,7,Manha,6
2551,Bruno,Nascimento,1991-09-10,34,0,Particular,5,Noite,5
2552,Felipe,Souza,1994-01-11,31,0,Publica,3,Manha,5
2553,Felipe,Nascimento,1997-02-21,28,1,Publica,4,Tarde,3
2554,Larissa,Silva,2002-10-09,23,0,Particular,8,Tarde,1
2555,Eduardo,Pereira,1997-07-10,28,0,Publica,1,Manha,4
2556,Ana,Nascimento,2003-11-19,22,1,Publica,2,Noite,2
2557,Larissa,Almeida,1994-02-20,31,1,Particular,7,Tarde,1
2558,Gabriel,Santos,2003-07-08,22,1,Publica,1,Manha,2
2559,Carlos,Rodrigues,1999-10-18,26,0,Publica,4,Noite,4
2560,Vanessa,Costa,1993-08-12,32,0,Publica,8,Tarde,5
2561,Bruno,Pereira,2000-05-09,25,1,Publica,5,Tarde,1
2562,Carlos,Costa,2004-06-03,21,1,Particular,7,Tarde,4
2563,Mariana,Oliveira,2006-01-04,19,1,Publica,8,Manha,4
2564,Lucas,Nascimento,1998-06-24,27,1,Particular,6,Noite,2
2565,André,Almeida,1992-05-26,33,0,Particular,1,Manha,2
2566,Ana,Pereira,2003-06-11,22,0,Publica,5,Tarde,6
2567,Vanessa,Oliveira,1995-03-06,30,0,Publica,5,Tarde,2
2568,Lucas,Rodrigues,1991-05-13,34,0,Particular,8,Tarde,5
2569,Gabriel,Santos,1982-02-09,43,1,Particular,6,Manha,1
2570,Rafael,Rodrigues,1980-10-11,45,1,Publica,8,Tarde,6
2571,Larissa,Souza,1996-04-02,29,1,Publica,1,Manha,6
2572,Beatriz,Souza,1989-04-19,36,0,Particular,2,Manha,3
2573,Felipe,Almeida,1997-07-06,28,0,Publica,8,Noite,1
2574,Julia,Silva,1999-11-13,26,1,Particular,5,Manha,3
2575,Ana,Oliveira,2000-09-21,25,0,Publica,7,Noite,6
2576,Carlos,Souza,1991-05-06,34,0,Publica,7,Manha,1
2577,Carlos,Silva,1985-09-14,40,1,Particular,1,Noite,3
2578,Gabriel,Rodrigues,2003-02-04,22,1,Publica,1,Tarde,4
2579,Ana,Souza,1990-02-09,35,1,Publica,1,Manha,4
2580,Beatriz,Costa,2003-09-05,22,0,Publica,3,Tarde,1
2581,Bruno,Costa,1998-03-06,27,0,Publica,6,Tarde,2
2582,Lucas,Nascimento,2004-01-28,21,0,Publica,4,Tarde,5
2583,Beatriz,Costa,1998-02-07,27,0,Publica,6,Manha,5
2584,Julia,Costa,1985-04-24,40,1,Particular,7,Noite,3
2585,Mariana,Costa,1989-03-17,36,1,Particular,5,Noite,4
2586,Ana,Pereira,1988-10-17,37,1,Particular,4,Tarde,2
2587,Eduardo,Santos,1987-07-25,38,1,Particular,4,Tarde,6
2588,Mariana,Nascimento,1995-04-12,30,1,Publica,6,Noite,2
2589,Larissa,Santos,2006-06-19,19,0,Particular,8,Tarde,2
2590,Beatriz,Lima,1981-10-14,44,1,Particular,2,Tarde,4
2591,Beatriz,Costa,1992-10-23,33,1,Publica,5,Tarde,3
2592,Larissa,Santos,2001-04-11,24,0,Particular,3,Noite,5
2593,Beatriz,Pereira,1989-04-23,36,1,Particular,3,Tarde,1
2594,Patrícia,Souza,1985-11-15,40,1,Publica,4,Tarde,3
2595,Pedro,Oliveira,1997-06-17,28,1,Publica,1,Tarde,1
2596,Vanessa,Pereira,1989-10-16,36,0,Publica,7,Manha,3
2597,Rodrigo,Souza,1983-07-26,42,0,Particular,2,Manha,2
2598,André,Costa,1995-03-13,30,0,Particular,3,Manha,1
2599,Vanessa,Nascimento,1993-08-18,32,0,Publica,7,Noite,3
2600,Lucas,Pereira,1983-05-13,42,0,Particular,8,Tarde,2
2601,Fernanda,Pereira,2003-10-27,22,0,Particular,5,Tarde,4
2602,Carlos,Nascimento,1983-08-05,42,1,Publica,4,Tarde,5
2603,Vanessa,Souza,2001-02-06,24,1,Particular,5,Noite,4
2604,Eduardo,Oliveira,1994-11-01,31,1,Publica,4,Tarde,2
2605,Rafael,Souza,1992-02-06,33,1,Publica,2,Tarde,6
2606,Eduardo,Nascimento,1988-12-19,37,0,Publica,4,Manha,2
2607,Fernanda,Costa,1995-11-14,30,1,Publica,5,Noite,1
2608,Ana,Nascimento,1997-12-09,28,0,Publica,2,Tarde,4
2609,Rafael,Souza,1988-09-03,37,0,Particular,1,Tarde,5
2610,Rafael,Silva,1989-11-06,36,0,Publica,7,Tarde,1
2611,Vanessa,Silva,2003-02-20,22,0,Publica,5,Manha,1
2612,Pedro,Lima,2003-06-10,22,1,Publica,1,Manha,3
2613,Lucas,Oliveira,1981-12-16,44,0,Particular,2,Manha,5
2614,Ana,Souza,1990-08-04,35,0,Particular,2,Manha,2
2615,Eduardo,Rodrigues,2006-01-05,19,1,Particular,1,Manha,5
2616,Pedro,Souza,1983-03-27,42,1,Particular,6,Manha,4
2617,Eduardo,Costa,1993-08-28,32,1,Particular,7,Tarde,4
2618,Eduardo,Souza,1987-09-26,38,0,Publica,8,Tarde,5
2619,Felipe,Souza,2005-10-10,20,0,Publica,3,Manha,3
2620,Ana,Souza,2002-04-03,23,1,Publica,6,Manha,4
2621,Mariana,Oliveira,1982-07-18,43,1,Particular,6,Manha,3
2622,André,Rodrigues,1982-01-05,43,1,Particular,8,Noite,1
2623,Renata,Lima,1999-12-20,26,1,Particular,7,Tarde,5
2624,Vanessa,Nascimento,1999-04-02,26,0,Particular,2,Noite,6
2625,Larissa,Almeida,1991-11-13,34,0,Particular,6,Noite,3
2626,Gabriel,Almeida,2000-12-03,25,1,Publica,7,Tarde,2
2627,Larissa,Santos,1980-05-13,45,0,Particular,1,Noite,1
2628,Pedro,Rodrigues,1983-04-01,42,1,Particular,3,Tarde,1
2629,Julia,Silva,1980-11-27,45,1,Particular,1,Noite,3
2630,André,Pereira,1997-03-01,28,1,Particular,3,Manha,5
2631,Lucas,Santos,2005-11-06,20,0,Publica,3,Noite,2
2632,Gabriel,Lima,1984-05-01,41,1,Particular,6,Manha,5
2633,Bruno,Nascimento,1998-10-10,27,0,Publica,5,Manha,1
2634,Patrícia,Nascimento,2005-02-08,20,1,Publica,2,Manha,3
2635,Bruno,Costa,1990-08-05,35,0,Publica,1,Tarde,3
2636,Bruno,Almeida,1997-01-20,28,1,Publica,1,Manha,5
2637,Lucas,Silva,1989-02-20,36,1,Particular,4,Tarde,1
2638,Mariana,Lima,2004-02-21,21,1,Particular,8,Noite,4
2639,Fernanda,Pereira,1997-01-06,28,0,Publica,1,Tarde,2
2640,Patrícia,Lima,2000-12-01,25,0,Particular,2,Noite,2
2641,Carlos,Nascimento,2003-12-15,22,1,Publica,7,Noite,5
2642,Bruno,Santos,1997-06-12,28,1,Particular,5,Noite,1
2643,Mariana,Nascimento,2003-01-27,22,1,Particular,1,Noite,3
2644,Mariana,Lima,1999-09-14,26,0,Particular,2,Noite,1
2645,Camila,Oliveira,1994-04-08,31,1,Particular,6,Tarde,1
2646,Felipe,Santos,1984-08-14,41,0,Publica,7,Noite,5
2647,Pedro,Nascimento,1997-01-05,28,1,Publica,1,Noite,3
2648,André,Oliveira,1999-10-06,26,1,Particular,5,Tarde,4
2649,Mariana,Santos,2005-01-18,20,1,Publica,4,Noite,2
2650,Mariana,Costa,1989-09-01,36,0,Particular,2,Tarde,6
2651,Pedro,Souza,2003-06-11,22,0,Particular,2,Tarde,5
2652,Camila,Almeida,1989-10-01,36,1,Publica,8,Noite,4
2653,Gabriel,Rodrigues,1985-06-15,40,0,Publica,4,Manha,6
2654,Eduardo,Santos,2001-10-10,24,1,Publica,4,Manha,3
2655,Rodrigo,Oliveira,1987-01-09,38,0,Publica,7,Tarde,2
2656,André,Pereira,1983-08-10,42,0,Publica,3,Manha,3
2657,Felipe,Almeida,1997-03-04,28,1,Publica,3,Tarde,4
2658,André,Silva,1992-04-05,33,1,Publica,4,Manha,2
2659,Rodrigo,Silva,1989-09-25,36,1,Publica,3,Manha,1
2660,Julia,Nascimento,1981-02-19,44,0,Publica,4,Tarde,5
2661,André,Nascimento,1995-02-20,30,0,Publica,1,Noite,1
2662,Eduardo,Santos,1993-02-13,32,0,Publica,6,Tarde,6
2663,Patrícia,Souza,1996-12-12,29,1,Particular,1,Noite,4
2664,Carlos,Silva,1989-06-24,36,0,Publica,4,Manha,4
2665,Patrícia,Lima,2004-02-10,21,1,Particular,5,Tarde,6
2666,Beatriz,Almeida,1980-12-04,45,1,Particular,4,Noite,5
2667,Lucas,Almeida,1995-07-14,30,1,Particular,1,Tarde,2
2668,Larissa,Souza,1984-01-26,41,0,Publica,6,Tarde,5
2669,Felipe,Souza,2005-12-20,20,0,Publica,3,Manha,1
2670,Felipe,Almeida,2000-09-22,25,1,Publica,7,Noite,4
2671,Beatriz,Santos,1987-03-05,38,0,Particular,2,Noite,3
2672,Lucas,Pereira,1992-11-17,33,1,Particular,7,Manha,4
2673,Lucas,Rodrigues,1984-10-10,41,0,Publica,1,Manha,6
2674,André,Santos,2004-04-19,21,0,Publica,2,Manha,2
2675,Larissa,Santos,1999-11-21,26,1,Particular,4,Manha,4
2676,Julia,Almeida,2001-09-07,24,1,Particular,6,Noite,1
2677,Beatriz,Lima,1984-01-04,41,0,Particular,1,Tarde,3
2678,Felipe,Oliveira,1989-03-14,36,1,Publica,6,Manha,2
2679,Mariana,Rodrigues,1990-06-08,35,0,Particular,6,Noite,4
2680,Larissa,Nascimento,1995-07-09,30,1,Particular,7,Manha,2
2681,Renata,Rodrigues,2002-06-27,23,0,Publica,5,Tarde,6
2682,Bruno,Silva,1993-10-05,32,1,Particular,7,Noite,3
2683,Gabriel,Silva,1993-03-25,32,1,Particular,8,Manha,5
2684,Bruno,Silva,1999-08-19,26,0,Particular,5,Manha,1
2685,Eduardo,Souza,1989-07-28,36,1,Publica,3,Manha,2
2686,Patrícia,Almeida,1997-12-28,28,0,Particular,6,Tarde,6
2687,Mariana,Santos,1983-09-10,42,0,Particular,1,Manha,2
2688,Lucas,Rodrigues,1994-09-22,31,0,Publica,4,Tarde,6
2689,Rafael,Nascimento,2002-12-09,23,1,Publica,7,Tarde,4
2690,Ana,Oliveira,1986-07-21,39,0,Publica,7,Manha,1
2691,Lucas,Pereira,2005-03-01,20,0,Particular,5,Manha,4
2692,Vanessa,Costa,1986-04-14,39,1,Particular,1,Noite,2
2693,Patrícia,Souza,2002-04-13,23,0,Particular,5,Noite,3
2694,Renata,Pereira,1980-09-12,45,1,Particular,1,Manha,2
2695,Pedro,Nascimento,1991-02-19,34,0,Particular,1,Noite,1
2696,Lucas,Santos,1989-07-04,36,1,Particular,1,Noite,1
2697,Rodrigo,Lima,1998-11-25,27,0,Particular,5,Noite,1
2698,Pedro,Silva,1988-04-03,37,1,Particular,7,Noite,3
2699,Carlos,Santos,1986-09-21,39,0,Particular,4,Tarde,3
2700,Camila,Santos,1996-01-07,29,0,Publica,2,Tarde,5
2701,Larissa,Rodrigues,1994-02-16,31,1,Particular,1,Manha,5
2702,Gabriel,Almeida,2005-11-04,20,1,Publica,8,Noite,1
2703,Julia,Souza,1991-09-13,34,1,Particular,2,Manha,5
2704,Larissa,Almeida,1991-10-24,34,0,Publica,3,Tarde,1
2705,Ana,Santos,1980-06-18,45,0,Particular,4,Tarde,3
2706,Eduardo,Santos,1993-06-15,32,0,Particular,4,Tarde,2
2707,Eduardo,Nascimento,2004-09-06,21,1,Publica,7,Tarde,6
2708,Lucas,Almeida,2004-12-16,21,1,Publica,2,Noite,3
2709,Larissa,Oliveira,1997-08-20,28,0,Publica,4,Manha,2
2710,Beatriz,Pereira,2006-08-06,19,1,Particular,7,Noite,5
2711,Pedro,Santos,1982-11-12,43,0,Publica,6,Manha,5
2712,Fernanda,Oliveira,1983-04-01,42,1,Publica,1,Noite,5
2713,Mariana,Silva,2000-08-25,25,0,Publica,8,Tarde,4
2714,Julia,Souza,2004-09-10,21,0,Particular,3,Noite,6
2715,Vanessa,Oliveira,1986-01-25,39,0,Publica,8,Manha,2
2716,Rafael,Pereira,2002-05-05,23,0,Particular,5,Tarde,2
2717,Bruno,Almeida,2006-12-22,19,1,Particular,2,Noite,6
2718,Julia,Nascimento,1998-11-16,27,0,Particular,6,Noite,5
2719,Camila,Oliveira,1992-08-14,33,1,Publica,7,Noite,2
2720,Pedro,Rodrigues,1980-01-20,45,1,Publica,3,Tarde,2
2721,Camila,Costa,2004-08-20,21,0,Publica,3,Manha,5
2722,Pedro,Costa,1999-12-01,26,1,Publica,6,Noite,3
2723,Beatriz,Oliveira,1981-02-11,44,1,Publica,2,Tarde,1
2724,Rafael,Souza,1992-12-27,33,0,Particular,1,Manha,5
2725,Gabriel,Oliveira,1991-09-19,34,0,Particular,8,Tarde,5
2726,Vanessa,Costa,1987-06-10,38,0,Particular,8,Manha,5
2727,Lucas,Rodrigues,1998-07-16,27,0,Particular,7,Manha,6
2728,Larissa,Rodrigues,2001-04-26,24,0,Publica,4,Manha,4
2729,Felipe,Oliveira,1991-03-25,34,0,Particular,7,Noite,3
2730,Renata,Pereira,2003-08-22,22,0,Particular,1,Manha,1
2731,Rafael,Lima,1992-11-02,33,0,Particular,7,Manha,3
2732,Eduardo,Silva,1997-06-09,28,0,Publica,8,Manha,4
2733,Rafael,Costa,1987-06-14,38,0,Particular,4,Manha,1
2734,Rafael,Silva,1998-01-17,27,0,Publica,8,Noite,1
2735,Pedro,Lima,1981-03-17,44,0,Particular,5,Manha,3
2736,Eduardo,Silva,1999-12-08,26,0,Particular,4,Noite,4
2737,Larissa,Souza,1987-07-13,38,0,Publica,2,Manha,2
2738,Vanessa,Souza,1991-10-10,34,1,Particular,8,Manha,3
2739,Lucas,Souza,1981-06-22,44,0,Publica,1,Noite,4
2740,Beatriz,Nascimento,1994-10-17,31,1,Publica,2,Noite,5
2741,Pedro,Pereira,2001-07-20,24,0,Particular,7,Noite,3
2742,Lucas,Oliveira,2005-08-14,20,1,Publica,8,Tarde,4
2743,Rodrigo,Lima,2005-04-14,20,0,Particular,6,Manha,1
2744,Mariana,Almeida,1992-03-19,33,0,Publica,7,Tarde,4
2745,Vanessa,Lima,1980-10-23,45,0,Particular,7,Manha,4
2746,Mariana,Pereira,1997-11-20,28,0,Particular,5,Noite,5
2747,Bruno,Nascimento,1997-02-05,28,1,Particular,8,Tarde,4
2748,Felipe,Santos,1999-08-13,26,1,Publica,4,Noite,3
2749,Bruno,Silva,1982-12-10,43,0,Particular,2,Tarde,3
2750,Vanessa,Nascimento,1986-10-03,39,0,Particular,7,Tarde,1
2751,Julia,Souza,2006-05-17,19,1,Publica,1,Noite,3
2752,Rafael,Nascimento,1985-05-09,40,0,Particular,8,Tarde,6
2753,Ana,Costa,2000-01-25,25,0,Publica,1,Manha,1
2754,Bruno,Silva,1982-11-17,43,1,Publica,8,Tarde,2
2755,Felipe,Nascimento,1991-03-06,34,0,Publica,4,Tarde,5
2756,Lucas,Lima,1980-07-06,45,0,Publica,8,Noite,2
2757,Gabriel,Rodrigues,2005-03-13,20,1,Publica,5,Noite,5
2758,Camila,Costa,1995-12-21,30,1,Publica,6,Tarde,6
2759,Pedro,Rodrigues,1992-11-20,33,1,Particular,8,Tarde,1
2760,Vanessa,Almeida,2005-04-12,20,1,Particular,6,Manha,3
2761,Julia,Rodrigues,1992-11-14,33,1,Particular,4,Noite,6
2762,Vanessa,Costa,2005-05-18,20,0,Particular,7,Noite,2
2763,Patrícia,Costa,1993-07-27,32,1,Particular,4,Manha,1
2764,Patrícia,Santos,1996-08-01,29,1,Publica,3,Noite,4
2765,Pedro,Rodrigues,1987-12-14,38,1,Publica,6,Manha,6
2766,Camila,Silva,1991-12-02,34,0,Particular,7,Tarde,2
2767,Rafael,Almeida,1986-05-06,39,0,Publica,8,Tarde,2
2768,Mariana,Nascimento,1990-05-21,35,1,Publica,4,Noite,1
2769,Felipe,Pereira,1990-09-12,35,0,Particular,1,Noite,2
2770,Pedro,Santos,1980-11-06,45,0,Particular,4,Tarde,2
2771,Gabriel,Almeida,1999-05-25,26,0,Publica,8,Noite,3
2772,Lucas,Souza,1983-03-08,42,1,Publica,5,Manha,4
2773,Mariana,Almeida,2006-05-05,19,1,Particular,3,Noite,3
2774,Rafael,Lima,1991-08-08,34,0,Particular,6,Tarde,3
2775,Pedro,Oliveira,1981-10-27,44,0,Publica,6,Manha,1
2776,Fernanda,Santos,2006-06-11,19,0,Particular,1,Tarde,2
2777,Mariana,Lima,1983-07-15,42,0,Publica,8,Tarde,4
2778,Gabriel,Souza,2001-06-27,24,1,Particular,7,Noite,6
2779,Felipe,Rodrigues,1983-03-25,42,1,Publica,5,Noite,1
2780,Larissa,Pereira,1980-10-20,45,0,Particular,4,Manha,5
2781,Beatriz,Silva,2005-04-20,20,1,Publica,7,Noite,4
2782,Pedro,Santos,1981-12-11,44,0,Publica,7,Tarde,2
2783,Gabriel,Costa,1988-04-27,37,0,Particular,6,Manha,6
2784,Mariana,Silva,1984-06-20,41,0,Particular,5,Tarde,1
2785,Rodrigo,Pereira,2005-12-08,20,0,Publica,5,Manha,4
2786,Camila,Almeida,1992-08-06,33,0,Publica,6,Tarde,5
2787,Pedro,Rodrigues,1986-02-17,39,0,Particular,4,Tarde,5
2788,Beatriz,Souza,1981-11-21,44,0,Particular,8,Manha,6
2789,Bruno,Silva,1993-03-22,32,0,Particular,3,Tarde,3
2790,André,Costa,1985-09-04,40,1,Publica,2,Noite,1
2791,Beatriz,Nascimento,1984-03-04,41,0,Particular,2,Tarde,4
2792,André,Oliveira,2004-08-04,21,0,Particular,3,Noite,5
2793,Patrícia,Silva,1994-11-10,31,1,Publica,6,Manha,1
2794,Fernanda,Santos,1981-01-26,44,0,Publica,3,Noite,4
2795,Rodrigo,Almeida,1997-10-02,28,0,Particular,6,Manha,2
2796,Vanessa,Oliveira,1994-07-02,31,0,Publica,5,Manha,5
2797,Pedro,Oliveira,2001-12-15,24,1,Particular,2,Noite,6
2798,Carlos,Oliveira,1997-09-04,28,0,Publica,4,Noite,6
2799,André,Pereira,1982-01-28,43,1,Publica,4,Manha,3
2800,Ana,Souza,1997-05-06,28,0,Publica,2,Manha,5
2801,Bruno,Costa,1985-01-25,40,0,Publica,7,Noite,1
2802,Beatriz,Oliveira,2006-01-08,19,0,Particular,4,Noite,4
2803,André,Lima,1998-12-10,27,1,Particular,8,Manha,1
2804,Rafael,Santos,1984-02-09,41,0,Publica,8,Manha,4
2805,Felipe,Costa,1988-09-12,37,0,Particular,2,Manha,2
2806,Ana,Lima,1991-02-25,34,0,Publica,5,Noite,3
2807,Fernanda,Santos,1993-10-16,32,0,Particular,6,Tarde,4
2808,Eduardo,Pereira,1994-07-16,31,0,Publica,8,Tarde,6
2809,Rodrigo,Lima,1993-03-28,32,1,Publica,6,Tarde,1
2810,Felipe,Oliveira,2004-08-18,21,0,Publica,6,Tarde,4
2811,André,Souza,1986-09-28,39,1,Particular,1,Manha,6
2812,Carlos,Rodrigues,2001-07-03,24,1,Particular,7,Tarde,2
2813,Larissa,Costa,2003-04-01,22,1,Publica,2,Tarde,4
2814,Pedro,Pereira,2000-11-04,25,1,Publica,5,Noite,2
2815,Eduardo,Oliveira,1997-12-14,28,0,Particular,5,Tarde,1
2816,Larissa,Santos,1992-09-19,33,1,Particular,1,Manha,4
2817,Rafael,Silva,1988-09-08,37,1,Publica,7,Noite,2
2818,Bruno,Nascimento,1985-12-05,40,0,Publica,8,Manha,4
2819,Renata,Costa,1988-02-02,37,1,Publica,7,Noite,6
2820,Eduardo,Souza,1982-09-15,43,0,Publica,3,Tarde,4
2821,Rodrigo,Costa,1980-02-18,45,0,Particular,7,Noite,1
2822,Camila,Almeida,1996-10-24,29,1,Particular,5,Noite,5
2823,Renata,Nascimento,1981-06-06,44,0,Publica,8,Manha,1
2824,Vanessa,Oliveira,2005-06-14,20,1,Publica,2,Manha,4
2825,André,Costa,2000-11-28,25,1,Particular,4,Manha,4
2826,Lucas,Pereira,1999-08-12,26,1,Particular,3,Noite,4
2827,Felipe,Nascimento,1989-10-14,36,0,Particular,2,Manha,5
2828,Rodrigo,Nascimento,2000-10-19,25,0,Particular,3,Noite,1
2829,Carlos,Silva,1995-02-14,30,1,Particular,4,Noite,6
2830,Lucas,Oliveira,1987-12-07,38,1,Publica,4,Manha,4
2831,Fernanda,Nascimento,1981-01-10,44,0,Publica,8,Noite,2
2832,Fernanda,Santos,1996-06-17,29,0,Particular,7,Manha,6
2833,Gabriel,Almeida,1988-12-07,37,0,Publica,6,Tarde,1
2834,Fernanda,Souza,2006-10-23,19,0,Particular,2,Noite,6
2835,Patrícia,Oliveira,1985-02-27,40,0,Publica,7,Manha,1
2836,Beatriz,Nascimento,1999-05-12,26,1,Publica,4,Noite,5
2837,Camila,Costa,1983-06-13,42,0,Publica,4,Manha,4
2838,Vanessa,Santos,2004-10-02,21,1,Particular,6,Noite,5
2839,Mariana,Rodrigues,2003-01-18,22,0,Publica,8,Tarde,6
2840,Bruno,Souza,1993-07-17,32,0,Publica,4,Manha,5
2841,Beatriz,Oliveira,1994-01-16,31,0,Publica,8,Noite,2
2842,Ana,Pereira,1989-03-21,36,0,Publica,5,Manha,6
2843,Rafael,Oliveira,2001-04-06,24,0,Particular,6,Tarde,1
2844,Rodrigo,Souza,2000-05-10,25,1,Publica,5,Noite,3
2845,Rafael,Pereira,2002-05-08,23,1,Publica,5,Tarde,4
2846,Julia,Souza,2001-12-17,24,1,Publica,6,Tarde,3
2847,Eduardo,Nascimento,1989-02-10,36,1,Particular,4,Noite,5
2848,Carlos,Almeida,1981-06-10,44,0,Particular,6,Manha,6
2849,Rodrigo,Pereira,1992-02-22,33,0,Publica,4,Tarde,4
2850,Renata,Rodrigues,1985-12-19,40,0,Publica,3,Manha,4
2851,Larissa,Oliveira,1998-11-14,27,0,Publica,6,Manha,2
2852,Julia,Nascimento,1988-02-27,37,0,Publica,1,Noite,2
2853,Mariana,Rodrigues,2000-11-28,25,0,Particular,1,Tarde,4
2854,Rodrigo,Costa,1988-07-07,37,0,Particular,4,Manha,3
2855,André,Santos,1983-12-17,42,1,Particular,5,Noite,1
2856,Camila,Rodrigues,1985-05-08,40,0,Particular,3,Noite,3
2857,Ana,Almeida,1988-04-11,37,0,Particular,3,Noite,6
2858,Renata,Rodrigues,1995-11-28,30,0,Publica,7,Noite,4
2859,Camila,Costa,1990-10-04,35,1,Particular,6,Manha,3
2860,Julia,Lima,1996-04-01,29,0,Particular,5,Manha,5
2861,Beatriz,Rodrigues,1989-12-24,36,1,Particular,7,Tarde,4
2862,Patrícia,Silva,1993-12-04,32,1,Publica,7,Noite,1
2863,Pedro,Nascimento,1994-02-03,31,0,Publica,5,Noite,4
2864,Bruno,Oliveira,1995-06-14,30,1,Particular,1,Noite,3
2865,Rodrigo,Lima,1993-01-22,32,0,Particular,8,Noite,3
2866,Renata,Pereira,1986-05-23,39,0,Particular,7,Noite,5
2867,Ana,Rodrigues,1990-01-21,35,1,Particular,7,Noite,5
2868,André,Santos,1989-01-05,36,1,Publica,7,Manha,4
2869,Bruno,Almeida,1983-05-02,42,0,Particular,1,Noite,2
2870,Patrícia,Oliveira,2003-03-25,22,1,Particular,2,Noite,4
2871,Rodrigo,Rodrigues,1998-04-25,27,1,Publica,7,Manha,3
2872,Beatriz,Silva,2003-02-01,22,0,Publica,8,Noite,5
2873,Renata,Santos,1982-10-21,43,0,Publica,5,Noite,5
2874,Mariana,Almeida,1994-06-17,31,1,Particular,1,Manha,4
2875,Larissa,Pereira,1981-04-24,44,1,Publica,5,Tarde,6
2876,Beatriz,Nascimento,1988-07-17,37,1,Publica,4,Manha,5
2877,Gabriel,Costa,1987-06-15,38,1,Publica,8,Noite,6
2878,André,Costa,2006-02-15,19,1,Particular,6,Tarde,4
2879,Mariana,Oliveira,1984-07-08,41,1,Particular,6,Noite,1
2880,Patrícia,Rodrigues,2005-08-25,20,1,Particular,5,Noite,2
2881,Vanessa,Santos,1984-10-12,41,0,Particular,8,Tarde,1
2882,André,Oliveira,1994-07-18,31,1,Particular,1,Tarde,2
2883,André,Oliveira,1994-06-03,31,1,Particular,6,Manha,3
2884,Lucas,Santos,2004-08-25,21,0,Publica,1,Noite,5
2885,Rafael,Silva,1998-05-24,27,0,Particular,6,Tarde,3
2886,Carlos,Rodrigues,2003-05-11,22,0,Particular,7,Tarde,2
2887,Mariana,Costa,2001-03-14,24,1,Publica,1,Manha,3
2888,Ana,Nascimento,2003-02-03,22,0,Publica,5,Noite,6
2889,Larissa,Souza,1982-10-23,43,1,Particular,2,Manha,5
2890,Bruno,Lima,1986-12-15,39,1,Particular,7,Manha,3
2891,Patrícia,Almeida,1993-02-17,32,1,Particular,1,Tarde,6
2892,Renata,Oliveira,1992-11-21,33,1,Publica,1,Noite,3
2893,Bruno,Oliveira,1990-10-19,35,1,Publica,2,Tarde,6
2894,Carlos,Costa,1980-12-06,45,0,Particular,7,Tarde,1
2895,Fernanda,Almeida,2001-04-20,24,1,Publica,3,Manha,3
2896,Bruno,Souza,1986-02-18,39,1,Particular,1,Tarde,4
2897,Patrícia,Costa,1986-09-19,39,0,Particular,8,Noite,6
2898,Mariana,Rodrigues,1994-05-28,31,1,Publica,1,Manha,3
2899,Fernanda,Souza,1980-12-28,45,0,Publica,8,Noite,2
2900,Julia,Lima,2003-11-23,22,1,Particular,5,Tarde,4
2901,Julia,Costa,1982-04-12,43,0,Publica,1,Manha,3
2902,Beatriz,Rodrigues,1993-06-18,32,0,Particular,4,Noite,5
2903,Mariana,Souza,1995-09-20,30,1,Particular,1,Noite,5
2904,Julia,Pereira,1997-07-11,28,1,Publica,7,Tarde,3
2905,Carlos,Lima,1986-02-19,39,0,Particular,2,Noite,6
2906,Rafael,Costa,1997-02-27,28,1,Particular,4,Tarde,2
2907,Pedro,Pereira,1983-12-20,42,1,Particular,4,Manha,5
2908,Gabriel,Souza,1996-06-05,29,1,Publica,5,Manha,1
2909,Larissa,Souza,1986-04-03,39,1,Particular,6,Manha,1
2910,Bruno,Costa,1981-04-02,44,1,Particular,1,Tarde,4
2911,Lucas,Silva,1999-12-14,26,1,Particular,6,Tarde,4
2912,Larissa,Costa,2003-05-11,22,1,Publica,3,Noite,5
2913,Gabriel,Oliveira,1999-10-09,26,1,Publica,1,Tarde,3
2914,Eduardo,Souza,1980-07-04,45,1,Particular,2,Manha,1
2915,Gabriel,Rodrigues,1984-12-04,41,1,Publica,7,Noite,2
2916,Lucas,Almeida,1991-11-13,34,0,Particular,7,Manha,1
2917,Pedro,Almeida,1998-12-03,27,0,Publica,6,Noite,2
2918,Bruno,Almeida,1984-03-18,41,1,Publica,4,Manha,2
2919,Rafael,Almeida,1988-09-11,37,1,Publica,5,Manha,5
2920,Julia,Pereira,1999-06-03,26,1,Particular,3,Noite,1
2921,Vanessa,Silva,2002-03-21,23,1,Publica,7,Manha,3
2922,Gabriel,Pereira,1988-01-14,37,1,Particular,8,Tarde,4
2923,Renata,Santos,1981-12-19,44,0,Particular,2,Noite,5
2924,Larissa,Oliveira,2002-05-07,23,0,Publica,7,Tarde,6
2925,Larissa,Pereira,1987-09-18,38,1,Particular,7,Tarde,4
2926,Lucas,Costa,1992-11-02,33,1,Publica,3,Noite,1
2927,Lucas,Costa,1997-07-01,28,1,Particular,5,Noite,4
2928,Eduardo,Nascimento,1980-04-17,45,0,Publica,6,Manha,6
2929,Vanessa,Nascimento,2005-06-24,20,0,Publica,5,Tarde,1
2930,Pedro,Almeida,2005-10-24,20,0,Particular,4,Tarde,4
2931,Rodrigo,Costa,1998-06-03,27,1,Particular,4,Noite,1
2932,Beatriz,Pereira,2001-12-13,24,1,Publica,5,Noite,5
2933,Vanessa,Oliveira,2006-06-13,19,0,Publica,6,Noite,6
2934,Gabriel,Lima,1985-12-18,40,0,Publica,4,Manha,2
2935,Beatriz,Silva,1993-09-17,32,1,Particular,5,Noite,4
2936,Larissa,Almeida,1996-01-20,29,1,Particular,6,Noite,2
2937,Fernanda,Rodrigues,1998-06-27,27,1,Particular,3,Manha,2
2938,Beatriz,Souza,1995-06-12,30,1,Publica,8,Tarde,5
2939,Fernanda,Souza,2001-02-23,24,1,Particular,3,Tarde,4
2940,Julia,Souza,2005-10-20,20,1,Particular,5,Tarde,2
2941,Renata,Oliveira,1991-06-03,34,1,Particular,5,Manha,5
2942,Patrícia,Lima,1999-07-08,26,0,Publica,4,Tarde,6
2943,Rafael,Souza,1992-04-27,33,0,Publica,6,Noite,4
2944,Gabriel,Rodrigues,1984-03-17,41,1,Publica,5,Noite,5
2945,André,Oliveira,1993-09-02,32,1,Particular,1,Manha,6
2946,Pedro,Silva,2005-04-07,20,1,Publica,2,Tarde,2
2947,Beatriz,Santos,2005-09-13,20,1,Particular,2,Tarde,3
2948,Fernanda,Oliveira,1980-06-08,45,0,Particular,1,Noite,4
2949,Fernanda,Oliveira,2000-12-05,25,1,Publica,1,Noite,3
2950,Felipe,Rodrigues,1999-10-03,26,0,Publica,6,Tarde,4
2951,Rodrigo,Santos,2003-01-06,22,0,Particular,6,Noite,6
2952,Rodrigo,Costa,1980-11-16,45,1,Particular,6,Noite,2
2953,Gabriel,Oliveira,1985-07-09,40,0,Particular,7,Tarde,6
2954,Fernanda,Oliveira,1980-08-18,45,0,Particular,6,Manha,6
2955,Eduardo,Lima,1982-08-16,43,1,Particular,2,Manha,5
2956,Fernanda,Souza,2005-05-20,20,0,Particular,4,Noite,1
2957,Fernanda,Nascimento,1997-03-17,28,0,Particular,8,Tarde,4
2958,Larissa,Santos,1992-06-19,33,0,Particular,1,Tarde,3
2959,Renata,Rodrigues,2000-12-07,25,1,Publica,7,Noite,4
2960,Julia,Santos,1993-10-06,32,0,Publica,5,Noite,1
2961,Larissa,Costa,1989-02-12,36,0,Particular,8,Tarde,1
2962,Rafael,Souza,1983-06-21,42,1,Particular,8,Manha,3
2963,Beatriz,Souza,2006-11-09,19,1,Publica,3,Tarde,3
2964,Vanessa,Santos,1992-05-04,33,0,Particular,5,Noite,6
2965,Fernanda,Souza,1992-09-11,33,1,Particular,4,Noite,6
2966,Mariana,Costa,1984-09-12,41,1,Particular,1,Noite,6
2967,Patrícia,Nascimento,1989-08-12,36,0,Particular,7,Manha,2
2968,Julia,Costa,1993-03-08,32,0,Particular,8,Manha,3
2969,André,Souza,1988-07-26,37,1,Publica,5,Noite,4
2970,Beatriz,Rodrigues,1983-09-12,42,1,Particular,1,Noite,6
2971,André,Rodrigues,1991-12-25,34,1,Publica,2,Tarde,1
2972,Eduardo,Oliveira,1983-01-03,42,1,Particular,1,Noite,1
2973,André,Silva,1992-08-19,33,1,Publica,8,Noite,4
2974,Rodrigo,Santos,1990-11-04,35,1,Publica,2,Noite,3
2975,Rodrigo,Nascimento,1993-08-13,32,0,Particular,4,Tarde,4
2976,Bruno,Santos,2002-09-20,23,1,Publica,8,Manha,4
2977,Gabriel,Lima,1997-04-09,28,0,Publica,4,Tarde,1
2978,Eduardo,Silva,1982-05-07,43,0,Particular,5,Manha,4
2979,Renata,Costa,1993-07-28,32,0,Particular,8,Noite,6
2980,Patrícia,Souza,2002-05-17,23,0,Publica,1,Noite,1
2981,Beatriz,Santos,2004-11-14,21,1,Publica,7,Manha,5
2982,Bruno,Pereira,2001-07-08,24,1,Particular,2,Manha,5
2983,Larissa,Nascimento,1983-02-26,42,0,Publica,4,Manha,1
2984,Mariana,Santos,1985-07-03,40,0,Particular,3,Tarde,5
2985,Larissa,Santos,1994-05-21,31,1,Particular,6,Noite,2
2986,Bruno,Santos,1988-05-03,37,0,Publica,6,Manha,2
2987,Patrícia,Costa,1996-01-22,29,1,Publica,1,Manha,5
2988,Eduardo,Costa,1994-12-14,31,1,Publica,5,Tarde,1
2989,Larissa,Pereira,1985-01-03,40,1,Publica,4,Manha,3
2990,Ana,Souza,1983-03-15,42,0,Publica,7,Manha,2
2991,Rodrigo,Almeida,2004-07-10,21,1,Particular,1,Noite,5
2992,Felipe,Almeida,1993-02-18,32,0,Particular,7,Manha,6
2993,Ana,Almeida,1993-11-16,32,0,Particular,3,Manha,4
2994,Rafael,Rodrigues,1997-09-28,28,1,Publica,5,Manha,5
2995,Renata,Costa,1981-04-27,44,0,Particular,5,Noite,3
2996,Fernanda,Nascimento,1993-08-10,32,0,Publica,7,Manha,3
2997,Eduardo,Silva,1992-05-26,33,0,Particular,1,Manha,3
2998,Bruno,Souza,2002-10-15,23,0,Publica,2,Noite,3
2999,Carlos,Oliveira,1997-03-19,28,1,Particular,1,Tarde,3
3000,Lucas,Santos,1987-02-20,38,0,Particular,3,Tarde,2
3001,Ana,Pereira,1985-02-14,40,0,Particular,6,Tarde,5
3002,Gabriel,Nascimento,1987-04-25,38,1,Publica,5,Manha,6
3003,Rafael,Oliveira,1991-08-08,34,1,Publica,8,Tarde,3
3004,Larissa,Nascimento,1986-12-23,39,1,Publica,1,Manha,6
3005,Pedro,Silva,2005-02-05,20,0,Publica,2,Noite,3
3006,Vanessa,Nascimento,2002-08-19,23,0,Publica,6,Noite,4
3007,André,Almeida,1982-08-23,43,0,Publica,1,Tarde,4
3008,Ana,Nascimento,1989-02-05,36,1,Particular,1,Tarde,1
3009,Fernanda,Lima,2005-04-25,20,1,Publica,4,Tarde,4
3010,Julia,Lima,1994-07-15,31,1,Particular,1,Manha,4
3011,Beatriz,Rodrigues,1990-11-27,35,1,Publica,2,Noite,4
3012,Rafael,Costa,1987-03-09,38,1,Particular,6,Tarde,3
3013,Julia,Silva,1989-09-09,36,0,Particular,8,Noite,2
3014,Rodrigo,Souza,1991-07-01,34,1,Particular,3,Tarde,1
3015,Renata,Nascimento,1991-10-23,34,1,Particular,7,Manha,1
3016,Rafael,Almeida,1998-08-13,27,1,Particular,6,Tarde,6
3017,Larissa,Santos,1994-03-17,31,1,Publica,3,Tarde,6
3018,Pedro,Lima,1990-05-22,35,0,Publica,1,Noite,5
3019,Larissa,Lima,1991-12-14,34,0,Particular,7,Noite,5
3020,Felipe,Souza,1986-09-05,39,1,Particular,1,Noite,4
3021,Patrícia,Almeida,1999-06-15,26,0,Publica,7,Manha,4
3022,André,Almeida,1998-03-24,27,1,Publica,2,Manha,4
3023,Bruno,Souza,1984-09-20,41,1,Publica,3,Noite,1
3024,Vanessa,Pereira,1989-04-06,36,0,Publica,4,Manha,2
3025,Eduardo,Nascimento,1987-05-09,38,1,Publica,7,Noite,1
3026,Renata,Rodrigues,2002-04-22,23,0,Particular,6,Noite,2
3027,Bruno,Almeida,1997-07-11,28,0,Particular,2,Manha,5
3028,Beatriz,Almeida,2002-01-02,23,1,Particular,5,Noite,5
3029,Fernanda,Lima,1995-06-08,30,0,Publica,1,Tarde,2
3030,Camila,Rodrigues,1984-09-26,41,0,Particular,4,Tarde,4
3031,Mariana,Santos,1990-01-16,35,1,Particular,7,Manha,6
3032,Rafael,Costa,2003-10-05,22,0,Publica,4,Manha,4
3033,Lucas,Nascimento,2002-06-18,23,1,Particular,4,Noite,5
3034,Rodrigo,Almeida,1998-09-25,27,1,Publica,8,Manha,6
3035,Pedro,Pereira,2005-05-19,20,1,Particular,3,Noite,1
3036,Renata,Oliveira,1989-05-04,36,1,Publica,4,Manha,2
3037,André,Silva,1980-06-03,45,0,Publica,8,Tarde,3
3038,Gabriel,Silva,1984-11-06,41,0,Publica,8,Tarde,3
3039,Fernanda,Souza,1992-05-17,33,1,Publica,2,Manha,3
3040,Larissa,Pereira,1994-06-21,31,0,Publica,6,Manha,4
3041,Fernanda,Rodrigues,1985-01-08,40,1,Publica,8,Noite,3
3042,Vanessa,Costa,1986-01-19,39,1,Particular,3,Manha,6
3043,Felipe,Lima,2002-11-01,23,1,Publica,2,Tarde,3
3044,Renata,Pereira,1987-03-13,38,1,Publica,5,Noite,6
3045,Vanessa,Souza,1999-11-15,26,0,Publica,6,Manha,6
3046,Eduardo,Oliveira,1995-10-28,30,1,Publica,1,Noite,2
3047,Julia,Nascimento,1984-01-04,41,0,Particular,3,Manha,2
3048,Eduardo,Almeida,2006-01-27,19,1,Publica,8,Noite,3
3049,Eduardo,Souza,1990-09-21,35,1,Particular,2,Manha,4
3050,Eduardo,Almeida,1982-05-20,43,0,Publica,8,Tarde,4
3051,Julia,Rodrigues,1985-05-18,40,1,Publica,7,Manha,4
3052,Bruno,Nascimento,1982-09-18,43,0,Publica,3,Tarde,6
3053,Patrícia,Costa,2004-11-14,21,1,Particular,3,Tarde,3
3054,Pedro,Costa,2000-06-28,25,1,Particular,8,Manha,5
3055,Camila,Almeida,1983-06-13,42,1,Publica,1,Manha,5
3056,Carlos,Rodrigues,1997-11-01,28,1,Publica,5,Tarde,5
3057,Ana,Silva,2003-01-19,22,1,Publica,2,Tarde,6
3058,Patrícia,Costa,1995-07-05,30,1,Publica,7,Tarde,6
3059,Gabriel,Santos,1988-10-05,37,0,Publica,7,Noite,2
3060,Eduardo,Souza,2002-05-27,23,0,Publica,6,Manha,4
3061,Lucas,Souza,2004-08-06,21,0,Particular,5,Manha,3
3062,Camila,Oliveira,1998-01-01,27,0,Particular,3,Noite,2
3063,Bruno,Nascimento,1996-12-09,29,1,Particular,3,Manha,5
3064,Bruno,Nascimento,1993-11-14,32,1,Particular,2,Tarde,2
3065,Gabriel,Pereira,1993-03-24,32,1,Particular,4,Tarde,3
3066,Rafael,Costa,1984-10-19,41,0,Publica,1,Tarde,3
3067,Larissa,Souza,2006-11-10,19,1,Publica,8,Noite,4
3068,Bruno,Santos,1988-11-02,37,1,Publica,4,Manha,4
3069,Renata,Pereira,2003-12-24,22,0,Particular,8,Tarde,3
3070,Eduardo,Costa,1989-04-22,36,1,Publica,5,Tarde,2
3071,Bruno,Pereira,1996-08-18,29,0,Particular,8,Manha,2
3072,Carlos,Costa,1980-08-08,45,1,Particular,4,Noite,6
3073,Rafael,Pereira,1987-07-10,38,0,Publica,3,Tarde,4
3074,Ana,Nascimento,1997-06-07,28,1,Publica,1,Manha,2
3075,Ana,Santos,1982-07-02,43,0,Publica,3,Tarde,1
3076,André,Souza,1991-06-11,34,1,Publica,5,Noite,6
3077,Pedro,Pereira,1984-11-27,41,1,Particular,7,Tarde,1
3078,Eduardo,Nascimento,1985-06-27,40,1,Publica,3,Tarde,2
3079,André,Lima,1982-10-03,43,0,Particular,1,Tarde,6
3080,Pedro,Nascimento,1988-02-20,37,1,Publica,6,Noite,4
3081,Camila,Almeida,1983-07-14,42,0,Publica,3,Tarde,4
3082,Rafael,Oliveira,1983-12-14,42,0,Publica,6,Noite,4
3083,Bruno,Pereira,1980-01-15,45,1,Publica,6,Manha,3
3084,Rafael,Santos,1999-09-22,26,1,Particular,7,Noite,4
3085,Julia,Rodrigues,1986-11-07,39,1,Publica,1,Noite,5
3086,Lucas,Silva,1982-05-25,43,1,Publica,1,Noite,2
3087,André,Lima,1996-09-18,29,0,Publica,1,Tarde,4
3088,Felipe,Costa,1997-09-04,28,1,Particular,6,Manha,5
3089,Larissa,Nascimento,1981-06-21,44,0,Particular,6,Tarde,5
3090,Felipe,Almeida,1985-09-02,40,0,Particular,3,Noite,4
3091,Rafael,Lima,1983-11-22,42,1,Particular,3,Noite,2
3092,Beatriz,Santos,1993-05-01,32,1,Publica,1,Noite,2
3093,Felipe,Nascimento,1994-09-25,31,1,Publica,5,Tarde,3
3094,Felipe,Almeida,1982-05-13,43,1,Particular,1,Tarde,4
3095,Patrícia,Santos,1982-09-11,43,1,Publica,2,Tarde,3
3096,Larissa,Silva,1991-11-20,34,1,Particular,4,Tarde,2
3097,Rodrigo,Silva,2000-11-15,25,0,Publica,1,Noite,1
3098,Bruno,Lima,2006-06-14,19,1,Publica,4,Tarde,6
3099,Patrícia,Costa,1980-11-07,45,0,Particular,8,Noite,5
3100,Julia,Nascimento,2005-03-27,20,1,Publica,6,Tarde,5
3101,Mariana,Silva,1983-03-09,42,0,Publica,6,Tarde,3
3102,Ana,Silva,1990-05-19,35,0,Publica,4,Noite,4
3103,Patrícia,Costa,1996-09-16,29,0,Particular,7,Manha,4
3104,Rafael,Costa,2005-05-08,20,0,Publica,1,Manha,5
3105,Pedro,Costa,1990-03-20,35,1,Publica,1,Tarde,6
3106,Julia,Almeida,1998-10-21,27,1,Particular,5,Tarde,4
3107,Rodrigo,Nascimento,1995-12-07,30,1,Publica,7,Manha,2
3108,Mariana,Almeida,2004-06-21,21,1,Publica,1,Manha,2
3109,Rafael,Pereira,1987-05-02,38,1,Particular,8,Tarde,1
3110,Bruno,Souza,2001-06-17,24,0,Particular,2,Noite,6
3111,Rodrigo,Silva,1990-02-14,35,1,Particular,1,Noite,5
3112,Gabriel,Costa,1998-03-16,27,1,Particular,8,Noite,5
3113,Eduardo,Lima,1992-04-14,33,0,Particular,3,Tarde,4
3114,Vanessa,Rodrigues,1989-05-05,36,0,Publica,3,Tarde,6
3115,Pedro,Lima,1997-07-07,28,0,Publica,8,Manha,4
3116,Pedro,Santos,1981-04-03,44,0,Publica,3,Tarde,6
3117,Renata,Souza,1988-02-20,37,0,Particular,1,Tarde,1
3118,Pedro,Almeida,2005-02-28,20,0,Publica,3,Noite,3
3119,Renata,Pereira,1989-12-16,36,1,Publica,5,Manha,1
3120,Pedro,Souza,1988-02-07,37,0,Publica,2,Noite,6
3121,Pedro,Silva,1990-02-23,35,0,Publica,6,Noite,1
3122,Renata,Silva,1989-05-15,36,0,Particular,7,Manha,5
3123,Ana,Oliveira,1994-02-10,31,1,Publica,2,Manha,2
3124,Pedro,Santos,2004-07-09,21,1,Particular,3,Manha,4
3125,Patrícia,Nascimento,1988-01-15,37,1,Publica,4,Manha,4
3126,Fernanda,Nascimento,2000-10-20,25,1,Publica,4,Manha,5
3127,Carlos,Oliveira,2003-10-10,22,0,Publica,7,Tarde,1
3128,Felipe,Silva,1987-03-14,38,1,Particular,4,Manha,6
3129,Bruno,Almeida,1992-04-03,33,0,Publica,1,Noite,5
3130,Camila,Rodrigues,1993-02-06,32,1,Publica,7,Manha,4
3131,Ana,Silva,1988-08-10,37,1,Particular,5,Noite,4
3132,Vanessa,Rodrigues,1996-02-15,29,0,Publica,7,Manha,1
3133,André,Almeida,1980-02-15,45,1,Publica,8,Tarde,5
3134,Renata,Costa,2005-04-27,20,0,Particular,2,Manha,1
3135,Julia,Nascimento,2002-07-27,23,0,Publica,5,Noite,1
3136,Lucas,Rodrigues,1989-05-03,36,1,Particular,7,Tarde,3
3137,Carlos,Costa,2001-11-17,24,1,Particular,6,Tarde,2
3138,Eduardo,Souza,1995-11-01,30,0,Publica,6,Manha,1
3139,Pedro,Nascimento,2002-10-19,23,0,Particular,7,Tarde,2
3140,Julia,Nascimento,1995-11-27,30,1,Publica,2,Tarde,2
3141,Larissa,Pereira,1988-09-16,37,0,Publica,6,Noite,4
3142,Beatriz,Nascimento,1984-08-22,41,1,Particular,2,Tarde,6
3143,Carlos,Rodrigues,1998-04-26,27,0,Particular,7,Tarde,1
3144,Ana,Santos,1991-09-21,34,0,Particular,4,Tarde,4
3145,Lucas,Souza,1992-03-11,33,0,Particular,4,Tarde,3
3146,Fernanda,Oliveira,1986-10-18,39,1,Publica,2,Tarde,6
3147,Camila,Almeida,1980-04-20,45,0,Particular,3,Tarde,6
3148,Rodrigo,Oliveira,1992-12-19,33,0,Particular,6,Manha,5
3149,Bruno,Silva,1999-03-13,26,0,Publica,1,Noite,1
3150,Rafael,Souza,2006-06-14,19,0,Particular,2,Noite,4
3151,Rodrigo,Rodrigues,2005-05-25,20,0,Publica,2,Manha,1
3152,Rodrigo,Lima,1984-11-25,41,0,Particular,7,Noite,5
3153,Rodrigo,Oliveira,1995-03-07,30,0,Publica,1,Tarde,6
3154,Vanessa,Souza,1995-11-15,30,0,Particular,6,Tarde,6
3155,Julia,Nascimento,1984-03-03,41,0,Publica,1,Tarde,2
3156,Rodrigo,Oliveira,2006-05-04,19,1,Particular,2,Noite,6
3157,Rafael,Pereira,1986-07-09,39,0,Particular,4,Tarde,5
3158,Bruno,Nascimento,1998-02-14,27,1,Particular,5,Manha,2
3159,Carlos,Nascimento,2001-02-23,24,0,Publica,6,Manha,5
3160,Felipe,Almeida,1983-03-13,42,0,Particular,5,Noite,5
3161,Mariana,Pereira,1990-03-20,35,1,Particular,5,Tarde,6
3162,Beatriz,Oliveira,2004-12-24,21,1,Publica,2,Manha,3
3163,Carlos,Silva,1993-05-01,32,0,Particular,8,Tarde,1
3164,Camila,Santos,1999-11-22,26,0,Particular,3,Tarde,5
3165,Renata,Silva,1985-06-19,40,0,Publica,1,Noite,6
3166,Larissa,Costa,1994-03-04,31,1,Publica,7,Tarde,6
3167,Carlos,Pereira,1986-06-17,39,1,Publica,1,Manha,5
3168,Camila,Nascimento,1998-10-16,27,1,Publica,8,Noite,2
3169,Patrícia,Nascimento,1990-06-03,35,0,Particular,8,Tarde,6
3170,Lucas,Souza,1995-11-07,30,1,Particular,1,Manha,6
3171,Mariana,Santos,1992-11-15,33,1,Publica,2,Manha,3
3172,Mariana,Costa,1986-01-26,39,0,Publica,6,Tarde,2
3173,Rodrigo,Pereira,1998-03-21,27,1,Publica,8,Manha,2
3174,Rafael,Almeida,2001-12-17,24,0,Publica,3,Noite,4
3175,Felipe,Santos,2004-05-18,21,1,Publica,3,Manha,4
3176,Rafael,Souza,1999-08-28,26,0,Particular,3,Noite,4
3177,Julia,Oliveira,2001-12-06,24,1,Particular,4,Noite,4
3178,Julia,Pereira,1999-12-24,26,1,Particular,6,Manha,6
3179,Rafael,Santos,1982-01-17,43,0,Particular,5,Noite,2
3180,Felipe,Pereira,1986-12-02,39,0,Publica,7,Manha,4
3181,Gabriel,Costa,1990-01-05,35,0,Publica,4,Noite,3
3182,Pedro,Costa,1994-06-26,31,0,Publica,7,Noite,2
3183,Eduardo,Souza,1993-12-13,32,0,Publica,7,Tarde,5
3184,Vanessa,Almeida,2003-11-10,22,0,Publica,4,Manha,3
3185,Fernanda,Rodrigues,1982-01-13,43,0,Particular,7,Tarde,5
3186,Ana,Silva,2001-09-10,24,1,Particular,1,Manha,3
3187,André,Oliveira,1989-03-19,36,1,Publica,1,Noite,2
3188,Julia,Souza,1991-01-11,34,0,Particular,7,Manha,6
3189,Lucas,Santos,2006-03-23,19,1,Particular,3,Noite,2
3190,Gabriel,Lima,1981-06-17,44,0,Particular,8,Noite,3
3191,Bruno,Rodrigues,2003-01-23,22,1,Particular,7,Manha,3
3192,Eduardo,Santos,1981-02-03,44,0,Particular,3,Tarde,3
3193,Mariana,Almeida,1994-12-18,31,0,Particular,1,Manha,1
3194,Fernanda,Lima,1998-01-08,27,0,Particular,6,Noite,5
3195,Eduardo,Almeida,1983-09-14,42,0,Particular,3,Manha,5
3196,Bruno,Santos,2002-05-22,23,1,Publica,1,Tarde,6
3197,Renata,Oliveira,1994-06-15,31,1,Publica,2,Noite,2
3198,Renata,Lima,1987-01-23,38,1,Particular,8,Tarde,2
3199,Fernanda,Santos,2004-11-04,21,0,Particular,1,Noite,5
3200,Vanessa,Nascimento,1994-01-26,31,0,Particular,3,Manha,1
3201,Carlos,Oliveira,2002-09-20,23,1,Publica,1,Noite,2
3202,Patrícia,Oliveira,2001-12-03,24,0,Publica,1,Noite,4
3203,Larissa,Souza,2003-02-24,22,0,Particular,3,Tarde,1
3204,Larissa,Silva,2005-04-07,20,1,Particular,3,Noite,3
3205,Vanessa,Souza,1997-05-25,28,0,Particular,7,Noite,2
3206,Eduardo,Silva,2000-01-16,25,0,Particular,5,Noite,5
3207,Fernanda,Santos,1994-11-21,31,1,Particular,5,Manha,1
3208,Larissa,Nascimento,2006-03-24,19,1,Publica,7,Noite,3
3209,Beatriz,Rodrigues,2004-08-27,21,1,Publica,7,Manha,6
3210,Beatriz,Santos,1998-11-17,27,0,Particular,1,Tarde,5
3211,Camila,Lima,1990-08-17,35,0,Particular,6,Tarde,6
3212,Felipe,Almeida,1996-05-27,29,0,Particular,1,Tarde,6
3213,Rafael,Almeida,2000-11-04,25,1,Particular,7,Manha,6
3214,Bruno,Silva,2000-11-01,25,1,Publica,7,Noite,2
3215,Carlos,Costa,2002-12-17,23,1,Particular,1,Manha,2
3216,Renata,Nascimento,1999-06-05,26,1,Publica,3,Manha,1
3217,Felipe,Santos,1986-03-15,39,0,Particular,6,Manha,3
3218,Mariana,Rodrigues,1999-12-02,26,0,Publica,3,Manha,3
3219,Patrícia,Souza,1989-07-26,36,1,Publica,4,Noite,3
3220,Camila,Santos,2002-08-02,23,0,Publica,1,Tarde,1
3221,Fernanda,Souza,1986-07-10,39,1,Particular,5,Tarde,4
3222,Gabriel,Souza,1997-10-08,28,0,Publica,8,Noite,6
3223,Felipe,Santos,1980-08-24,45,1,Publica,3,Manha,2
3224,Rafael,Santos,1992-05-10,33,1,Particular,4,Noite,1
3225,Camila,Santos,1990-06-19,35,1,Publica,3,Tarde,2
3226,Larissa,Silva,1995-08-16,30,1,Publica,4,Noite,2
3227,Larissa,Costa,1998-12-20,27,0,Particular,7,Manha,1
3228,Carlos,Oliveira,1998-07-24,27,0,Particular,1,Manha,6
3229,Gabriel,Silva,1998-08-12,27,1,Publica,7,Manha,4
3230,Felipe,Almeida,1980-12-03,45,1,Publica,3,Manha,1
3231,Eduardo,Costa,1988-05-20,37,0,Particular,7,Noite,4
3232,Lucas,Oliveira,1985-12-03,40,0,Publica,4,Noite,6
3233,Eduardo,Pereira,1998-07-26,27,0,Publica,1,Tarde,2
3234,André,Souza,1985-03-14,40,0,Publica,3,Manha,5
3235,André,Almeida,2003-05-06,22,1,Publica,6,Tarde,5
3236,Patrícia,Lima,1997-08-26,28,0,Publica,1,Tarde,2
3237,Gabriel,Lima,2006-12-24,19,0,Publica,3,Tarde,5
3238,Pedro,Rodrigues,1993-12-14,32,1,Particular,3,Noite,3
3239,Larissa,Silva,1998-07-27,27,0,Particular,5,Tarde,2
3240,Camila,Pereira,1991-08-07,34,1,Particular,5,Tarde,4
3241,Ana,Almeida,1980-12-23,45,1,Particular,6,Tarde,4
3242,Ana,Oliveira,1982-03-20,43,1,Publica,5,Manha,4
3243,Eduardo,Pereira,1996-03-13,29,0,Particular,5,Manha,4
3244,Rafael,Santos,1986-08-03,39,1,Publica,6,Tarde,6
3245,Vanessa,Lima,1980-04-03,45,1,Particular,5,Tarde,5
3246,Julia,Pereira,1994-10-17,31,0,Publica,3,Tarde,2
3247,Beatriz,Santos,2001-11-09,24,0,Particular,1,Manha,5
3248,Eduardo,Lima,2001-05-18,24,0,Particular,1,Noite,1
3249,Ana,Lima,2004-12-22,21,1,Particular,2,Tarde,2
3250,André,Almeida,2000-02-24,25,0,Particular,5,Manha,3
3251,Carlos,Oliveira,1997-10-12,28,1,Particular,8,Noite,2
3252,Larissa,Souza,2001-01-11,24,0,Publica,1,Noite,1
3253,André,Silva,2006-02-16,19,1,Publica,3,Manha,3
3254,Gabriel,Santos,2001-05-19,24,1,Publica,4,Noite,6
3255,Rafael,Souza,1980-11-06,45,1,Particular,8,Tarde,6
3256,Camila,Costa,1999-07-11,26,1,Particular,5,Manha,3
3257,Felipe,Nascimento,2004-12-09,21,0,Publica,5,Manha,4
3258,Julia,Santos,2004-12-07,21,1,Particular,1,Noite,3
3259,Carlos,Costa,1994-10-25,31,0,Particular,7,Tarde,6
3260,Larissa,Lima,1983-12-22,42,1,Publica,6,Tarde,4
3261,André,Rodrigues,1999-11-02,26,1,Particular,7,Noite,5
3262,Pedro,Rodrigues,1998-10-02,27,0,Publica,6,Noite,4
3263,Pedro,Silva,2001-06-15,24,1,Particular,6,Manha,5
3264,Beatriz,Pereira,1988-06-25,37,0,Particular,3,Tarde,6
3265,Lucas,Souza,1982-12-02,43,1,Publica,5,Tarde,6
3266,Vanessa,Nascimento,1997-11-24,28,1,Publica,3,Manha,2
3267,Renata,Oliveira,1983-09-22,42,0,Publica,8,Noite,6
3268,Pedro,Lima,1980-01-05,45,0,Particular,5,Manha,3
3269,Mariana,Silva,1990-06-10,35,0,Particular,2,Noite,5
3270,Lucas,Rodrigues,1995-11-09,30,1,Particular,5,Tarde,1
3271,Mariana,Nascimento,1987-08-04,38,1,Particular,8,Manha,1
3272,Larissa,Souza,1994-03-16,31,1,Publica,5,Tarde,2
3273,Felipe,Almeida,2006-07-20,19,1,Particular,8,Tarde,3
3274,Camila,Lima,1988-08-25,37,1,Publica,4,Tarde,1
3275,Eduardo,Pereira,2003-10-23,22,0,Particular,1,Noite,3
3276,Mariana,Almeida,1990-11-03,35,0,Particular,7,Manha,5
3277,Lucas,Pereira,2006-05-27,19,1,Particular,8,Noite,2
3278,Camila,Oliveira,1983-02-12,42,1,Particular,3,Noite,2
3279,Rafael,Almeida,1980-11-14,45,1,Particular,1,Tarde,2
3280,Felipe,Silva,1984-12-05,41,1,Particular,4,Manha,1
3281,André,Pereira,2005-11-23,20,1,Publica,7,Noite,6
3282,Pedro,Rodrigues,1994-06-14,31,0,Publica,2,Manha,6
3283,Carlos,Lima,2002-01-16,23,0,Particular,1,Tarde,4
3284,Bruno,Rodrigues,1991-10-28,34,1,Particular,7,Manha,3
3285,Camila,Rodrigues,1982-09-01,43,0,Publica,6,Manha,1
3286,Rodrigo,Lima,1992-07-19,33,0,Particular,5,Tarde,5
3287,Mariana,Lima,1996-03-23,29,1,Particular,1,Tarde,2
3288,Carlos,Souza,2001-04-27,24,0,Particular,2,Noite,2
3289,Gabriel,Silva,1986-07-13,39,1,Particular,3,Tarde,6
3290,Vanessa,Oliveira,1984-07-18,41,1,Publica,8,Manha,5
3291,Larissa,Silva,2003-04-05,22,0,Particular,8,Noite,2
3292,Patrícia,Souza,2003-01-14,22,0,Publica,4,Tarde,6
3293,Camila,Almeida,1987-06-14,38,0,Publica,3,Tarde,4
3294,Rafael,Rodrigues,1990-04-11,35,1,Particular,4,Manha,2
3295,Beatriz,Pereira,1985-09-12,40,1,Publica,5,Noite,2
3296,Ana,Pereira,1990-06-11,35,1,Particular,4,Noite,4
3297,Ana,Rodrigues,1983-02-14,42,1,Publica,6,Noite,4
3298,Larissa,Almeida,1987-09-13,38,1,Particular,1,Tarde,3
3299,Larissa,Almeida,2003-04-07,22,0,Publica,2,Noite,2
3300,Vanessa,Nascimento,1990-06-18,35,1,Particular,1,Manha,6
3301,Mariana,Costa,2001-10-09,24,1,Particular,3,Tarde,3
3302,André,Oliveira,1980-11-18,45,1,Publica,1,Manha,2
3303,Carlos,Costa,1998-09-01,27,0,Publica,8,Manha,4
3304,Rodrigo,Costa,1987-06-14,38,0,Particular,2,Manha,5
3305,Lucas,Santos,2006-04-07,19,1,Particular,4,Tarde,4
3306,Ana,Pereira,2000-11-15,25,1,Publica,8,Manha,3
3307,Camila,Nascimento,1993-11-20,32,1,Particular,5,Tarde,4
3308,Renata,Santos,1999-10-12,26,1,Publica,6,Tarde,6
3309,Felipe,Pereira,1998-12-21,27,0,Particular,2,Tarde,5
3310,Fernanda,Souza,1997-04-20,28,1,Publica,6,Manha,6
3311,Mariana,Silva,1994-11-25,31,0,Publica,7,Noite,3
3312,Lucas,Nascimento,2000-12-06,25,0,Particular,6,Tarde,3
3313,Camila,Pereira,1981-04-02,44,0,Particular,7,Noite,3
3314,Beatriz,Silva,1996-12-25,29,0,Particular,1,Manha,6
3315,Beatriz,Pereira,2003-02-26,22,0,Particular,5,Manha,6
3316,Eduardo,Costa,2004-07-08,21,1,Publica,5,Manha,2
3317,Rodrigo,Silva,1991-12-27,34,0,Particular,8,Noite,3
3318,Rafael,Rodrigues,2006-08-20,19,1,Publica,3,Noite,2
3319,Bruno,Rodrigues,1993-01-03,32,0,Publica,4,Tarde,6
3320,Pedro,Lima,2002-06-16,23,0,Publica,4,Noite,6
3321,Mariana,Almeida,1993-09-14,32,0,Publica,8,Manha,3
3322,Lucas,Souza,1984-01-25,41,0,Publica,4,Noite,1
3323,Rafael,Souza,1989-10-28,36,1,Publica,3,Noite,5
3324,Rodrigo,Lima,2000-09-23,25,0,Particular,7,Tarde,3
3325,Carlos,Souza,2006-10-04,19,0,Publica,2,Noite,2
3326,Bruno,Oliveira,1997-12-27,28,0,Publica,8,Manha,2
3327,Larissa,Almeida,1981-05-23,44,0,Particular,2,Manha,6
3328,Rodrigo,Nascimento,1982-10-04,43,1,Particular,1,Tarde,1
3329,Carlos,Costa,2005-03-01,20,0,Particular,5,Noite,3
3330,Ana,Almeida,1982-05-17,43,1,Particular,6,Manha,6
3331,Patrícia,Santos,2004-12-05,21,1,Particular,3,Manha,1
3332,Beatriz,Souza,1992-01-27,33,0,Particular,2,Manha,6
3333,Bruno,Almeida,1980-04-25,45,1,Publica,1,Tarde,4
3334,Ana,Silva,1991-10-20,34,1,Particular,7,Tarde,6
3335,Gabriel,Costa,1986-12-15,39,0,Publica,8,Manha,6
3336,Vanessa,Silva,2005-01-19,20,1,Publica,5,Noite,1
3337,Beatriz,Costa,1985-04-10,40,0,Publica,7,Tarde,5
3338,Fernanda,Rodrigues,2002-09-23,23,0,Publica,4,Tarde,3
3339,Eduardo,Almeida,1985-03-17,40,1,Publica,6,Noite,3
3340,Camila,Santos,1983-04-20,42,0,Particular,1,Manha,3
3341,Carlos,Oliveira,1995-09-18,30,0,Particular,4,Tarde,5
3342,Gabriel,Costa,1997-01-02,28,1,Publica,7,Tarde,4
3343,Vanessa,Rodrigues,1993-07-26,32,1,Particular,8,Noite,3
3344,Felipe,Costa,1995-02-05,30,0,Particular,4,Manha,4
3345,Camila,Pereira,1998-08-16,27,1,Publica,2,Tarde,3
3346,Ana,Lima,1983-02-24,42,1,Particular,2,Tarde,4
3347,Rodrigo,Souza,2002-05-23,23,0,Particular,2,Manha,4
3348,Julia,Souza,1989-07-01,36,0,Particular,2,Manha,5
3349,Felipe,Silva,2005-06-11,20,1,Particular,7,Tarde,3
3350,Felipe,Lima,1987-07-17,38,1,Publica,8,Tarde,1
3351,Ana,Costa,1989-11-09,36,1,Particular,6,Noite,3
3352,Larissa,Silva,1980-04-01,45,0,Publica,7,Noite,2
3353,André,Pereira,1987-09-13,38,1,Particular,3,Noite,1
3354,Beatriz,Oliveira,2005-09-08,20,1,Publica,6,Noite,6
3355,Ana,Nascimento,1986-05-01,39,0,Particular,6,Manha,5
3356,Lucas,Costa,1993-12-26,32,1,Publica,4,Tarde,5
3357,Vanessa,Rodrigues,1986-12-16,39,1,Publica,1,Noite,4
3358,André,Nascimento,1990-12-22,35,1,Publica,5,Manha,5
3359,Fernanda,Rodrigues,1999-12-13,26,1,Particular,5,Manha,1
3360,Camila,Oliveira,1984-08-11,41,0,Publica,1,Manha,4
3361,André,Costa,1988-05-15,37,1,Particular,3,Manha,3
3362,Felipe,Costa,1997-04-27,28,0,Particular,5,Noite,5
3363,Julia,Silva,1981-02-15,44,0,Particular,2,Manha,6
3364,Camila,Almeida,1992-02-24,33,0,Publica,5,Noite,3
3365,Julia,Rodrigues,1985-11-23,40,0,Particular,6,Manha,5
3366,Carlos,Almeida,1985-11-18,40,1,Particular,7,Noite,4
3367,Carlos,Silva,1984-07-11,41,1,Particular,8,Noite,4
3368,Lucas,Santos,1996-09-05,29,0,Particular,1,Noite,5
3369,Julia,Silva,1995-12-19,30,0,Publica,7,Manha,1
3370,Larissa,Rodrigues,1988-07-23,37,0,Publica,4,Manha,5
3371,Camila,Rodrigues,1985-12-25,40,1,Particular,4,Noite,6
3372,Mariana,Costa,1995-12-22,30,1,Particular,8,Tarde,1
3373,André,Lima,1997-02-21,28,0,Particular,4,Manha,3
3374,Gabriel,Souza,2004-11-24,21,0,Publica,3,Tarde,4
3375,Eduardo,Oliveira,2001-07-14,24,0,Publica,7,Tarde,6
3376,Rodrigo,Costa,2006-10-21,19,1,Particular,2,Tarde,3
3377,Vanessa,Pereira,1983-12-01,42,0,Publica,8,Manha,6
3378,André,Silva,2005-04-16,20,0,Particular,7,Noite,2
3379,Rafael,Almeida,2005-12-02,20,0,Particular,5,Noite,2
3380,Patrícia,Rodrigues,1997-08-28,28,1,Publica,7,Tarde,1
3381,Fernanda,Rodrigues,2005-06-13,20,1,Particular,3,Tarde,4
3382,Camila,Rodrigues,1982-10-17,43,0,Publica,8,Noite,3
3383,Patrícia,Nascimento,1991-01-28,34,0,Publica,5,Tarde,2
3384,Rafael,Pereira,1993-03-13,32,0,Publica,4,Manha,6
3385,Fernanda,Santos,1985-06-15,40,0,Publica,1,Noite,6
3386,André,Rodrigues,2004-01-24,21,1,Publica,6,Manha,4
3387,Mariana,Pereira,1988-08-13,37,1,Particular,2,Manha,3
3388,André,Nascimento,1998-01-02,27,1,Publica,7,Noite,4
3389,Carlos,Pereira,1995-07-08,30,0,Particular,3,Manha,5
3390,Larissa,Pereira,2004-09-08,21,1,Publica,4,Tarde,6
3391,Gabriel,Santos,2004-10-07,21,0,Publica,4,Manha,6
3392,Ana,Silva,1997-12-19,28,1,Publica,4,Tarde,1
3393,André,Silva,1988-04-07,37,0,Publica,2,Noite,6
3394,Rodrigo,Rodrigues,1991-07-21,34,0,Publica,6,Noite,4
3395,Pedro,Almeida,1987-08-04,38,1,Publica,8,Tarde,5
3396,Vanessa,Silva,2000-11-13,25,1,Particular,6,Tarde,3
3397,Lucas,Santos,1995-11-23,30,0,Particular,3,Tarde,3
3398,Bruno,Costa,2002-03-21,23,1,Publica,7,Noite,5
3399,Renata,Costa,1988-12-05,37,0,Publica,4,Noite,4
3400,Vanessa,Costa,2001-04-03,24,1,Publica,4,Manha,1
3401,Renata,Oliveira,1991-06-25,34,0,Publica,3,Tarde,1
3402,Larissa,Oliveira,2003-11-17,22,1,Publica,7,Noite,4
3403,Pedro,Almeida,1993-08-03,32,1,Particular,4,Manha,5
3404,Renata,Souza,2003-01-08,22,1,Publica,5,Manha,4
3405,Mariana,Pereira,1983-06-12,42,1,Publica,8,Tarde,2
3406,Beatriz,Nascimento,1999-05-20,26,1,Particular,1,Manha,5
3407,Camila,Rodrigues,1993-06-14,32,1,Publica,2,Tarde,1
3408,Beatriz,Silva,1981-03-24,44,0,Publica,3,Noite,4
3409,Felipe,Oliveira,1987-11-24,38,0,Particular,7,Noite,4
3410,Gabriel,Pereira,2003-04-10,22,1,Particular,4,Noite,1
3411,Larissa,Silva,2005-02-19,20,0,Publica,1,Tarde,5
3412,Larissa,Silva,2003-08-07,22,0,Particular,5,Tarde,4
3413,André,Lima,1991-10-12,34,1,Publica,8,Tarde,1
3414,Eduardo,Costa,1995-02-14,30,1,Particular,2,Manha,3
3415,Patrícia,Costa,2002-05-14,23,1,Particular,5,Tarde,2
3416,Rodrigo,Almeida,2004-09-02,21,1,Publica,1,Noite,3
3417,Larissa,Santos,1982-09-07,43,1,Particular,8,Tarde,1
3418,André,Rodrigues,1987-05-12,38,0,Particular,6,Noite,2
3419,Felipe,Pereira,2003-06-02,22,0,Publica,1,Noite,5
3420,Fernanda,Oliveira,2005-10-21,20,0,Particular,4,Tarde,2
3421,Fernanda,Lima,1992-10-11,33,0,Publica,3,Manha,6
3422,Larissa,Silva,2006-04-17,19,1,Publica,1,Noite,5
3423,Carlos,Santos,1989-07-20,36,1,Particular,7,Manha,3
3424,Carlos,Almeida,1992-05-15,33,1,Particular,7,Noite,5
3425,Lucas,Oliveira,1982-03-06,43,0,Particular,1,Manha,6
3426,Camila,Santos,1997-07-23,28,0,Publica,1,Tarde,1
3427,Vanessa,Nascimento,1987-04-07,38,1,Publica,7,Noite,6
3428,Ana,Souza,2006-04-17,19,1,Particular,1,Manha,2
3429,Patrícia,Costa,2005-09-01,20,0,Publica,2,Manha,3
3430,Patrícia,Souza,1997-02-12,28,0,Particular,2,Noite,3
3431,Carlos,Oliveira,2000-12-12,25,0,Particular,6,Manha,5
3432,Eduardo,Costa,2006-10-14,19,1,Publica,7,Noite,4
3433,André,Silva,1997-01-21,28,1,Publica,4,Noite,2
3434,Ana,Almeida,2002-02-20,23,1,Publica,3,Noite,2
3435,Gabriel,Souza,2004-04-09,21,1,Publica,3,Manha,5
3436,Ana,Silva,2006-04-16,19,0,Particular,8,Tarde,5
3437,Larissa,Pereira,2002-08-09,23,0,Particular,7,Manha,1
3438,Felipe,Pereira,2003-01-21,22,0,Publica,7,Noite,3
3439,Felipe,Santos,1995-11-03,30,0,Publica,2,Noite,4
3440,Lucas,Lima,1982-02-22,43,0,Publica,4,Manha,1
3441,Bruno,Santos,1998-12-17,27,1,Publica,1,Tarde,2
3442,Lucas,Rodrigues,2006-11-11,19,1,Publica,1,Noite,6
3443,Julia,Nascimento,2004-07-28,21,0,Particular,6,Manha,3
3444,Lucas,Souza,1984-01-27,41,0,Particular,1,Noite,1
3445,Fernanda,Souza,2002-09-25,23,0,Particular,5,Noite,4
3446,Rodrigo,Souza,2002-10-16,23,0,Particular,1,Noite,2
3447,Larissa,Nascimento,1990-05-09,35,1,Publica,7,Manha,5
3448,Vanessa,Silva,1993-03-23,32,1,Particular,6,Tarde,4
3449,Eduardo,Lima,2006-06-19,19,0,Particular,5,Manha,5
3450,Julia,Rodrigues,1984-11-20,41,0,Particular,6,Tarde,6
3451,Larissa,Pereira,1990-04-22,35,1,Particular,7,Tarde,5
3452,Eduardo,Santos,1986-01-04,39,1,Particular,8,Manha,5
3453,Julia,Almeida,1989-11-23,36,1,Particular,1,Manha,6
3454,Mariana,Nascimento,2005-08-13,20,0,Publica,7,Tarde,2
3455,Larissa,Silva,2004-04-10,21,0,Particular,7,Noite,5
3456,Patrícia,Silva,1983-07-12,42,1,Publica,8,Noite,4
3457,Ana,Pereira,1982-06-27,43,1,Publica,4,Manha,6
3458,Bruno,Pereira,1988-03-07,37,1,Publica,6,Noite,4
3459,Rafael,Lima,1990-12-27,35,1,Particular,2,Tarde,2
3460,Bruno,Silva,1990-03-01,35,1,Publica,6,Manha,1
3461,Lucas,Lima,1988-06-14,37,0,Particular,4,Tarde,6
3462,Carlos,Pereira,1984-12-23,41,0,Publica,2,Manha,5
3463,Fernanda,Costa,2003-02-26,22,1,Publica,5,Manha,5
3464,Vanessa,Costa,1988-12-26,37,0,Particular,8,Noite,5
3465,Pedro,Silva,2004-03-04,21,0,Particular,3,Manha,1
3466,André,Nascimento,1998-11-24,27,0,Publica,1,Manha,6
3467,Mariana,Rodrigues,1985-07-12,40,1,Particular,4,Noite,3
3468,Vanessa,Almeida,1994-05-25,31,1,Publica,7,Manha,6
3469,Vanessa,Lima,1997-03-07,28,1,Publica,6,Tarde,3
3470,Gabriel,Santos,1986-06-04,39,0,Particular,3,Noite,1
3471,Ana,Costa,1988-06-12,37,0,Publica,8,Manha,1
3472,Patrícia,Oliveira,1995-07-13,30,1,Publica,3,Noite,5
3473,Fernanda,Santos,2002-12-27,23,1,Publica,3,Manha,6
3474,Camila,Costa,1982-11-27,43,0,Particular,6,Noite,2
3475,Bruno,Pereira,1992-03-04,33,0,Particular,5,Noite,1
3476,Fernanda,Costa,1980-11-27,45,0,Publica,7,Manha,3
3477,Camila,Pereira,1998-10-13,27,1,Particular,8,Tarde,3
3478,Carlos,Souza,1999-10-28,26,1,Publica,2,Noite,3
3479,Carlos,Costa,1988-10-15,37,0,Particular,8,Manha,1
3480,Rafael,Costa,2005-11-10,20,0,Particular,5,Noite,5
3481,Camila,Lima,2002-06-27,23,1,Publica,2,Tarde,5
3482,Ana,Pereira,1983-06-19,42,0,Particular,5,Manha,4
3483,Beatriz,Lima,1984-08-10,41,0,Publica,4,Manha,2
3484,Gabriel,Costa,1999-06-09,26,0,Particular,1,Tarde,4
3485,Lucas,Rodrigues,2003-12-17,22,0,Particular,8,Tarde,4
3486,Patrícia,Rodrigues,1980-08-01,45,0,Particular,7,Tarde,3
3487,Ana,Silva,2001-08-13,24,0,Publica,3,Manha,2
3488,Lucas,Nascimento,2006-04-28,19,1,Publica,8,Noite,3
3489,Mariana,Oliveira,1988-12-26,37,0,Publica,4,Manha,3
3490,Renata,Oliveira,1998-03-22,27,0,Particular,7,Noite,4
3491,Pedro,Lima,1991-04-04,34,0,Publica,5,Noite,3
3492,Bruno,Lima,2005-12-09,20,0,Publica,5,Tarde,3
3493,Gabriel,Rodrigues,1985-02-01,40,1,Publica,8,Noite,6
3494,André,Silva,1989-09-23,36,0,Particular,5,Noite,5
3495,Lucas,Oliveira,2003-06-19,22,1,Particular,6,Noite,3
3496,Lucas,Nascimento,1987-08-19,38,0,Publica,4,Tarde,2
3497,Camila,Nascimento,1995-03-16,30,1,Particular,7,Noite,4
3498,Patrícia,Santos,1998-04-12,27,1,Publica,4,Tarde,1
3499,Fernanda,Nascimento,1982-10-12,43,0,Publica,5,Manha,4
3500,Mariana,Costa,1986-10-20,39,0,Particular,7,Manha,3
3501,Rafael,Souza,1982-02-08,43,0,Particular,5,Noite,1
3502,Fernanda,Pereira,2003-04-14,22,1,Particular,3,Manha,3
3503,Lucas,Silva,2003-09-13,22,0,Particular,5,Tarde,6
3504,Pedro,Nascimento,1998-02-11,27,1,Publica,1,Tarde,4
3505,Patrícia,Costa,1992-08-06,33,0,Particular,2,Manha,2
3506,André,Pereira,1993-05-08,32,0,Publica,6,Noite,4
3507,Mariana,Rodrigues,1991-10-16,34,0,Particular,6,Noite,4
3508,Gabriel,Almeida,1994-01-04,31,0,Particular,5,Noite,5
3509,André,Almeida,1986-11-26,39,0,Particular,1,Noite,4
3510,Larissa,Lima,1997-12-18,28,1,Publica,1,Noite,3
3511,Beatriz,Santos,1996-07-16,29,1,Publica,4,Tarde,3
3512,Patrícia,Silva,1985-07-07,40,0,Particular,7,Tarde,6
3513,Camila,Nascimento,1992-05-24,33,1,Particular,7,Tarde,5
3514,Renata,Rodrigues,1994-12-03,31,1,Particular,4,Tarde,4
3515,Camila,Silva,2002-11-05,23,1,Publica,6,Manha,4
3516,Mariana,Nascimento,2000-01-18,25,1,Particular,6,Manha,6
3517,Camila,Silva,1987-08-26,38,1,Particular,1,Tarde,5
3518,Bruno,Costa,1997-04-07,28,1,Particular,4,Manha,6
3519,Carlos,Oliveira,1999-07-10,26,0,Particular,1,Tarde,2
3520,Beatriz,Silva,2005-05-03,20,1,Publica,7,Manha,2
3521,Ana,Santos,1983-01-26,42,0,Particular,6,Noite,2
3522,Renata,Oliveira,1986-04-10,39,1,Particular,5,Noite,4
3523,Larissa,Oliveira,2003-01-08,22,0,Publica,8,Manha,5
3524,Fernanda,Souza,1990-10-05,35,0,Particular,2,Manha,1
3525,Gabriel,Almeida,1993-01-16,32,0,Particular,2,Tarde,3
3526,Renata,Almeida,1995-10-21,30,1,Publica,4,Manha,1
3527,Julia,Rodrigues,1988-04-11,37,1,Particular,5,Noite,4
3528,Bruno,Silva,2005-06-22,20,0,Particular,1,Manha,4
3529,Felipe,Lima,1995-06-14,30,1,Publica,8,Manha,6
3530,Gabriel,Nascimento,1985-04-24,40,1,Publica,4,Noite,1
3531,Carlos,Almeida,1994-05-12,31,1,Publica,4,Manha,4
3532,Vanessa,Almeida,1980-06-23,45,0,Particular,2,Manha,6
3533,Camila,Souza,1980-07-09,45,0,Particular,1,Tarde,5
3534,Rodrigo,Rodrigues,1994-09-24,31,1,Publica,1,Manha,3
3535,Patrícia,Costa,1993-06-22,32,1,Publica,5,Tarde,5
3536,André,Pereira,1996-01-20,29,0,Publica,2,Tarde,5
3537,Felipe,Rodrigues,1987-12-03,38,1,Particular,6,Noite,5
3538,Fernanda,Rodrigues,1981-09-18,44,1,Publica,1,Manha,2
3539,André,Santos,1993-01-28,32,1,Publica,7,Noite,5
3540,Lucas,Santos,1985-04-27,40,0,Publica,7,Tarde,2
3541,Rafael,Nascimento,2006-03-08,19,1,Particular,6,Tarde,1
3542,Rafael,Almeida,1999-11-19,26,0,Particular,5,Manha,2
3543,Beatriz,Pereira,1980-02-05,45,1,Publica,2,Noite,3
3544,Rafael,Rodrigues,1984-04-03,41,0,Publica,7,Noite,2
3545,Pedro,Lima,1983-12-02,42,0,Publica,6,Tarde,5
3546,Patrícia,Costa,1996-06-15,29,1,Particular,4,Noite,5
3547,Pedro,Santos,2000-11-11,25,0,Publica,6,Manha,5
3548,André,Pereira,2001-04-25,24,0,Particular,5,Manha,5
3549,Julia,Lima,1990-03-28,35,1,Particular,8,Noite,4
3550,Bruno,Santos,1998-01-08,27,0,Publica,7,Noite,6
3551,Fernanda,Rodrigues,2003-09-15,22,1,Publica,6,Manha,6
3552,Vanessa,Lima,1989-10-24,36,0,Particular,1,Noite,5
3553,Pedro,Rodrigues,1993-12-10,32,0,Publica,6,Manha,4
3554,Renata,Santos,1991-06-20,34,0,Particular,6,Noite,5
3555,Rafael,Lima,2004-12-05,21,0,Particular,8,Tarde,3
3556,Patrícia,Almeida,1995-05-12,30,0,Particular,5,Noite,1
3557,Carlos,Lima,1994-03-28,31,1,Publica,8,Noite,4
3558,Rafael,Almeida,1981-12-10,44,1,Particular,5,Noite,3
3559,Patrícia,Rodrigues,2003-02-14,22,1,Publica,4,Noite,5
3560,Larissa,Almeida,1983-03-11,42,1,Publica,6,Manha,2
3561,Larissa,Almeida,1988-10-24,37,0,Particular,5,Manha,2
3562,André,Pereira,2001-08-13,24,1,Publica,2,Tarde,3
3563,Carlos,Rodrigues,1983-08-21,42,0,Publica,6,Tarde,3
3564,Vanessa,Costa,2005-05-12,20,1,Particular,6,Tarde,2
3565,Felipe,Lima,2001-04-07,24,1,Particular,7,Tarde,5
3566,Rodrigo,Nascimento,1991-01-10,34,0,Publica,7,Noite,1
3567,Beatriz,Souza,1995-02-12,30,1,Particular,6,Manha,1
3568,Renata,Costa,1987-07-18,38,1,Publica,4,Manha,6
3569,Ana,Lima,1998-09-17,27,1,Publica,2,Manha,3
3570,Vanessa,Costa,1999-02-03,26,0,Particular,4,Manha,1
3571,Felipe,Rodrigues,1981-01-20,44,0,Publica,4,Noite,4
3572,André,Nascimento,1981-03-01,44,0,Particular,3,Noite,1
3573,Rodrigo,Rodrigues,1989-08-17,36,0,Particular,8,Tarde,4
3574,Pedro,Pereira,2003-01-18,22,0,Particular,2,Manha,3
3575,Felipe,Oliveira,1989-08-09,36,0,Particular,5,Tarde,1
3576,Patrícia,Lima,1986-11-25,39,0,Particular,7,Tarde,2
3577,Renata,Santos,1996-02-22,29,1,Particular,5,Tarde,5
3578,Pedro,Oliveira,1996-08-22,29,0,Particular,5,Tarde,5
3579,Eduardo,Nascimento,2002-06-08,23,0,Particular,6,Tarde,4
3580,Mariana,Costa,1999-05-01,26,0,Particular,1,Noite,5
3581,Fernanda,Nascimento,1992-07-14,33,0,Publica,3,Manha,5
3582,Carlos,Pereira,1988-07-18,37,1,Publica,3,Manha,2
3583,Beatriz,Costa,1995-12-18,30,1,Publica,7,Noite,6
3584,Carlos,Lima,1993-08-10,32,1,Particular,4,Manha,3
3585,Camila,Nascimento,1992-11-26,33,1,Particular,7,Noite,6
3586,Patrícia,Lima,1992-09-22,33,0,Publica,6,Tarde,1
3587,Felipe,Almeida,2000-07-09,25,1,Particular,4,Tarde,2
3588,André,Silva,1991-07-04,34,1,Particular,6,Manha,3
3589,Mariana,Silva,1981-05-05,44,0,Particular,8,Tarde,4
3590,Bruno,Pereira,1981-04-11,44,0,Publica,6,Noite,6
3591,Bruno,Oliveira,1991-11-04,34,0,Publica,6,Noite,3
3592,Rodrigo,Souza,2000-05-07,25,0,Publica,8,Tarde,4
3593,Gabriel,Almeida,2001-10-23,24,0,Particular,3,Manha,2
3594,Rafael,Oliveira,1981-12-26,44,0,Particular,1,Manha,3
3595,Gabriel,Nascimento,1982-09-09,43,1,Particular,5,Noite,4
3596,Renata,Nascimento,1980-06-28,45,0,Particular,1,Noite,2
3597,Renata,Nascimento,1993-02-04,32,1,Publica,6,Noite,2
3598,Pedro,Silva,2000-08-16,25,1,Publica,4,Manha,4
3599,Rafael,Nascimento,2004-03-05,21,0,Particular,8,Tarde,3
3600,André,Souza,1989-08-08,36,0,Publica,5,Manha,1
3601,André,Rodrigues,1987-02-06,38,1,Particular,7,Tarde,4
3602,Gabriel,Costa,1986-07-03,39,1,Particular,6,Noite,1
3603,Mariana,Rodrigues,1994-06-11,31,1,Publica,7,Tarde,2
3604,Carlos,Oliveira,2000-08-24,25,0,Publica,8,Noite,3
3605,Rafael,Silva,1991-12-28,34,1,Particular,1,Tarde,5
3606,Bruno,Almeida,1982-02-06,43,0,Publica,7,Tarde,6
3607,Gabriel,Costa,1991-04-19,34,0,Publica,1,Noite,3
3608,Vanessa,Rodrigues,2003-10-23,22,1,Publica,7,Tarde,4
3609,André,Nascimento,1989-04-05,36,0,Publica,1,Manha,3
3610,Felipe,Rodrigues,1993-12-17,32,1,Particular,2,Noite,1
3611,Rafael,Rodrigues,1982-11-03,43,1,Particular,1,Tarde,1
3612,Eduardo,Costa,1986-05-13,39,1,Publica,4,Tarde,2
3613,Rafael,Santos,1995-12-25,30,1,Particular,4,Tarde,6
3614,Rafael,Nascimento,2006-09-10,19,0,Particular,5,Manha,4
3615,Ana,Pereira,1983-08-01,42,1,Particular,1,Manha,2
3616,Renata,Pereira,1997-11-27,28,0,Publica,8,Manha,4
3617,Larissa,Lima,1983-08-13,42,1,Particular,1,Tarde,5
3618,André,Costa,2002-10-08,23,0,Publica,1,Noite,3
3619,Renata,Souza,2004-07-20,21,0,Publica,2,Tarde,5
3620,Felipe,Rodrigues,2000-08-01,25,1,Particular,1,Tarde,3
3621,Camila,Pereira,2003-06-19,22,0,Particular,8,Manha,6
3622,Larissa,Santos,1980-10-09,45,1,Publica,1,Tarde,5
3623,Larissa,Pereira,2000-12-06,25,1,Publica,3,Tarde,1
3624,Felipe,Souza,1983-09-14,42,0,Publica,1,Noite,2
3625,Ana,Nascimento,2000-02-19,25,1,Publica,2,Noite,4
3626,Rafael,Costa,1984-08-23,41,1,Publica,1,Tarde,6
3627,Patrícia,Almeida,1995-01-03,30,1,Particular,3,Noite,4
3628,Lucas,Souza,1998-06-14,27,1,Particular,7,Manha,4
3629,Beatriz,Santos,1999-06-13,26,0,Publica,3,Manha,3
3630,Carlos,Santos,1992-04-28,33,1,Particular,3,Tarde,1
3631,André,Santos,1983-07-15,42,1,Particular,8,Manha,3
3632,Rodrigo,Pereira,2003-02-16,22,1,Particular,8,Tarde,4
3633,Renata,Costa,1991-10-20,34,1,Particular,4,Noite,2
3634,Larissa,Nascimento,1998-10-16,27,0,Publica,6,Manha,1
3635,Eduardo,Costa,1981-12-13,44,1,Particular,2,Manha,4
3636,Julia,Nascimento,1982-10-14,43,0,Publica,6,Manha,6
3637,Carlos,Souza,1987-09-16,38,0,Publica,6,Noite,4
3638,Rodrigo,Almeida,1991-04-08,34,1,Particular,3,Tarde,6
3639,Rafael,Pereira,1999-11-09,26,1,Particular,8,Noite,1
3640,Gabriel,Lima,1985-07-19,40,0,Particular,6,Manha,4
3641,Eduardo,Pereira,2005-03-05,20,0,Publica,8,Noite,4
3642,Camila,Silva,2005-04-19,20,1,Particular,6,Noite,6
3643,Bruno,Santos,1995-12-22,30,1,Particular,2,Tarde,3
3644,Lucas,Pereira,2001-05-07,24,1,Particular,4,Tarde,2
3645,Lucas,Santos,1995-06-02,30,0,Particular,3,Manha,5
3646,Vanessa,Silva,2003-04-13,22,1,Particular,6,Tarde,2
3647,Beatriz,Costa,1998-02-14,27,1,Particular,1,Noite,5
3648,Camila,Silva,1992-10-25,33,1,Publica,5,Tarde,1
3649,Lucas,Silva,1989-03-28,36,1,Particular,5,Noite,2
3650,Fernanda,Nascimento,1984-02-01,41,0,Publica,7,Noite,5
3651,Carlos,Pereira,2004-11-19,21,0,Particular,8,Tarde,2
3652,Vanessa,Souza,1983-02-11,42,1,Publica,4,Tarde,4
3653,Larissa,Silva,2000-02-28,25,1,Particular,3,Tarde,2
3654,Camila,Santos,1989-07-06,36,0,Publica,2,Manha,3
3655,Larissa,Nascimento,2002-12-06,23,0,Publica,5,Manha,4
3656,André,Costa,2001-05-08,24,1,Particular,7,Manha,5
3657,Fernanda,Almeida,2001-01-24,24,0,Particular,1,Manha,5
3658,Rafael,Almeida,1998-06-04,27,1,Publica,6,Manha,1
3659,Julia,Pereira,1980-03-06,45,1,Publica,8,Tarde,4
3660,Felipe,Lima,1981-10-11,44,1,Particular,2,Noite,6
3661,Fernanda,Souza,1986-04-22,39,0,Particular,7,Tarde,6
3662,Gabriel,Lima,1990-10-26,35,0,Particular,7,Noite,3
3663,André,Nascimento,1983-11-12,42,1,Publica,1,Noite,3
3664,Pedro,Nascimento,1985-03-03,40,0,Publica,5,Manha,5
3665,Vanessa,Souza,1989-02-10,36,0,Publica,4,Noite,3
3666,Renata,Nascimento,1986-10-04,39,1,Publica,7,Tarde,2
3667,Lucas,Pereira,2006-12-01,19,0,Particular,5,Manha,2
3668,Eduardo,Lima,2000-05-23,25,1,Particular,7,Tarde,3
3669,Vanessa,Souza,2002-09-05,23,1,Publica,2,Manha,6
3670,Patrícia,Santos,1999-02-14,26,1,Particular,2,Tarde,2
3671,Lucas,Lima,2000-01-04,25,0,Publica,1,Noite,3
3672,Carlos,Souza,1991-07-27,34,0,Publica,5,Manha,5
3673,Ana,Pereira,1984-12-24,41,1,Particular,3,Tarde,4
3674,Carlos,Pereira,1980-03-11,45,0,Particular,3,Manha,5
3675,Patrícia,Silva,2006-08-16,19,1,Publica,5,Manha,5
3676,Eduardo,Lima,1995-11-23,30,1,Particular,8,Tarde,1
3677,Patrícia,Pereira,1982-01-15,43,1,Publica,5,Noite,1
3678,Carlos,Costa,2002-01-26,23,1,Publica,1,Noite,6
3679,Mariana,Rodrigues,2005-08-26,20,0,Particular,5,Manha,4
3680,Fernanda,Souza,1993-12-26,32,0,Publica,8,Tarde,6
3681,Eduardo,Lima,1990-12-06,35,0,Publica,3,Noite,5
3682,Felipe,Costa,2001-11-06,24,1,Particular,1,Tarde,6
3683,Pedro,Pereira,2000-04-12,25,1,Publica,2,Noite,5
3684,Renata,Costa,1982-02-24,43,1,Publica,2,Noite,2
3685,Beatriz,Rodrigues,2002-08-24,23,0,Particular,1,Tarde,6
3686,André,Almeida,1991-01-24,34,1,Particular,7,Manha,3
3687,Larissa,Lima,1993-12-14,32,0,Publica,4,Noite,1
3688,Renata,Santos,1982-10-25,43,1,Particular,6,Tarde,6
3689,Gabriel,Santos,1998-06-11,27,0,Publica,4,Noite,1
3690,Renata,Souza,1991-05-04,34,1,Publica,6,Manha,6
3691,Rafael,Nascimento,1993-08-10,32,1,Publica,4,Tarde,2
3692,Camila,Nascimento,1980-06-24,45,0,Particular,2,Tarde,2
3693,Mariana,Pereira,1987-05-05,38,1,Particular,8,Manha,6
3694,Gabriel,Costa,2000-09-04,25,0,Publica,8,Manha,5
3695,Bruno,Rodrigues,2001-08-24,24,1,Publica,2,Manha,2
3696,Camila,Nascimento,1993-04-25,32,1,Publica,2,Manha,3
3697,Carlos,Souza,1980-09-17,45,1,Publica,4,Manha,4
3698,Renata,Rodrigues,2001-01-01,24,0,Publica,1,Manha,6
3699,Fernanda,Lima,1991-12-03,34,0,Publica,3,Manha,5
3700,Pedro,Souza,2002-05-01,23,0,Particular,1,Manha,5
3701,Larissa,Souza,1993-11-18,32,1,Particular,4,Manha,1
3702,Renata,Nascimento,1998-08-28,27,0,Publica,3,Manha,3
3703,Pedro,Almeida,1988-04-24,37,0,Particular,5,Manha,1
3704,Felipe,Santos,1982-01-26,43,0,Particular,7,Manha,1
3705,Pedro,Souza,1986-02-08,39,1,Particular,6,Noite,4
3706,Mariana,Silva,2003-08-25,22,0,Publica,4,Noite,3
3707,Patrícia,Pereira,2001-02-16,24,1,Publica,8,Noite,5
3708,Patrícia,Oliveira,1995-12-15,30,1,Publica,4,Noite,4
3709,Julia,Pereira,2005-04-20,20,0,Publica,8,Noite,6
3710,Rafael,Rodrigues,1996-08-08,29,0,Particular,6,Manha,5
3711,Camila,Santos,2003-09-14,22,0,Particular,4,Tarde,1
3712,André,Nascimento,2001-07-25,24,1,Publica,4,Noite,6
3713,Bruno,Almeida,2005-06-17,20,1,Publica,2,Noite,6
3714,Beatriz,Oliveira,2003-03-02,22,1,Particular,5,Noite,2
3715,Eduardo,Pereira,1994-02-22,31,1,Particular,1,Tarde,2
3716,Larissa,Almeida,1980-03-02,45,1,Publica,6,Manha,4
3717,Mariana,Silva,2001-06-12,24,1,Particular,4,Noite,3
3718,Fernanda,Silva,1994-09-23,31,1,Particular,8,Noite,5
3719,Gabriel,Souza,2004-01-24,21,0,Particular,3,Noite,6
3720,Pedro,Silva,2004-10-10,21,1,Publica,2,Manha,3
3721,Julia,Almeida,1991-11-16,34,0,Particular,2,Manha,6
3722,Vanessa,Oliveira,1993-08-03,32,1,Particular,5,Manha,4
3723,Pedro,Rodrigues,2006-08-02,19,1,Particular,8,Manha,1
3724,Lucas,Lima,1994-08-25,31,0,Publica,4,Manha,3
3725,Ana,Rodrigues,2001-05-08,24,0,Particular,4,Manha,3
3726,Larissa,Lima,1998-10-28,27,1,Particular,1,Manha,6
3727,Pedro,Costa,1996-02-26,29,1,Particular,3,Tarde,4
3728,Pedro,Almeida,1980-05-28,45,0,Publica,4,Manha,1
3729,Fernanda,Costa,1984-04-03,41,1,Particular,7,Tarde,1
3730,Gabriel,Almeida,1991-10-03,34,1,Publica,1,Manha,3
3731,André,Rodrigues,1986-12-27,39,0,Particular,7,Noite,4
3732,Ana,Santos,1986-07-05,39,1,Publica,3,Manha,1
3733,Bruno,Rodrigues,1983-11-03,42,0,Publica,3,Manha,4
3734,André,Souza,1987-12-13,38,0,Publica,1,Tarde,2
3735,Lucas,Rodrigues,1988-03-21,37,1,Particular,4,Noite,3
3736,Rodrigo,Rodrigues,2001-03-11,24,1,Publica,2,Tarde,1
3737,Renata,Nascimento,2002-10-10,23,1,Publica,7,Noite,1
3738,Camila,Santos,1986-08-25,39,1,Publica,7,Noite,2
3739,Ana,Lima,1983-05-28,42,1,Publica,3,Manha,2
3740,Bruno,Lima,1991-10-08,34,1,Publica,4,Noite,6
3741,Mariana,Lima,1996-01-11,29,0,Particular,6,Manha,4
3742,Eduardo,Almeida,2005-04-12,20,1,Particular,3,Tarde,2
3743,Patrícia,Almeida,1995-08-09,30,1,Particular,7,Tarde,5
3744,Rafael,Rodrigues,1993-05-26,32,0,Publica,7,Manha,4
3745,Felipe,Rodrigues,1997-07-05,28,1,Particular,6,Manha,4
3746,Renata,Costa,2005-09-12,20,1,Particular,1,Noite,1
3747,Lucas,Silva,1988-01-15,37,0,Particular,5,Tarde,6
3748,Eduardo,Oliveira,1981-02-25,44,1,Publica,4,Manha,6
3749,Patrícia,Silva,1994-10-05,31,1,Publica,6,Noite,1
3750,Fernanda,Costa,1983-11-13,42,0,Publica,3,Tarde,1
3751,Eduardo,Rodrigues,1987-11-21,38,1,Particular,3,Tarde,5
3752,Mariana,Costa,1993-02-26,32,1,Particular,7,Noite,3
3753,Fernanda,Nascimento,2002-12-12,23,1,Particular,2,Manha,4
3754,Lucas,Almeida,2002-05-22,23,0,Particular,2,Noite,2
3755,Gabriel,Rodrigues,1980-03-07,45,0,Particular,3,Tarde,4
3756,André,Oliveira,2006-05-23,19,0,Particular,1,Tarde,6
3757,Camila,Santos,1983-02-06,42,1,Publica,2,Manha,1
3758,Ana,Pereira,2002-03-18,23,0,Publica,8,Noite,3
3759,Renata,Santos,1985-09-23,40,0,Particular,7,Tarde,4
3760,Mariana,Costa,1999-04-11,26,1,Publica,4,Noite,4
3761,Gabriel,Almeida,1996-04-20,29,1,Publica,2,Tarde,1
3762,Rafael,Pereira,1992-01-16,33,1,Publica,2,Tarde,2
3763,Vanessa,Oliveira,1998-11-26,27,1,Particular,4,Tarde,1
3764,Camila,Almeida,1987-02-01,38,1,Publica,1,Noite,5
3765,Lucas,Lima,1994-04-01,31,1,Publica,8,Noite,2
3766,André,Almeida,2006-04-04,19,0,Particular,4,Tarde,1
3767,Vanessa,Santos,1981-03-22,44,1,Particular,1,Noite,2
3768,Vanessa,Silva,1980-10-02,45,1,Publica,3,Manha,5
3769,Julia,Pereira,2004-02-17,21,1,Particular,3,Manha,5
3770,Renata,Oliveira,2004-01-05,21,0,Publica,2,Tarde,5
3771,Camila,Souza,1994-06-15,31,0,Publica,3,Manha,1
3772,Felipe,Silva,1999-05-03,26,1,Particular,1,Manha,6
3773,Julia,Costa,1980-01-15,45,1,Particular,6,Noite,6
3774,Camila,Santos,2001-09-11,24,0,Particular,2,Tarde,3
3775,Pedro,Nascimento,2006-08-06,19,0,Particular,7,Noite,3
3776,Mariana,Almeida,1985-09-14,40,1,Publica,2,Tarde,6
3777,Rafael,Rodrigues,2005-04-21,20,1,Particular,1,Noite,6
3778,Larissa,Pereira,1983-08-13,42,1,Publica,5,Noite,2
3779,Julia,Oliveira,2005-12-25,20,1,Particular,5,Manha,4
3780,Renata,Lima,2003-12-27,22,1,Particular,8,Tarde,5
3781,Lucas,Silva,1992-11-26,33,1,Particular,3,Tarde,3
3782,Rodrigo,Almeida,1999-04-21,26,1,Particular,4,Tarde,4
3783,Lucas,Pereira,1988-10-07,37,0,Particular,5,Tarde,6
3784,Pedro,Costa,1994-09-01,31,1,Particular,1,Tarde,1
3785,Renata,Costa,1992-06-03,33,1,Particular,7,Noite,2
3786,Renata,Pereira,2004-01-27,21,0,Publica,8,Manha,3
3787,Julia,Pereira,1991-07-16,34,0,Publica,3,Manha,1
3788,Rodrigo,Santos,1994-11-17,31,1,Publica,6,Manha,2
3789,Mariana,Santos,2004-07-13,21,0,Publica,1,Tarde,4
3790,Felipe,Nascimento,1981-12-07,44,0,Publica,5,Manha,2
3791,Camila,Costa,1984-10-17,41,1,Particular,5,Noite,6
3792,Patrícia,Silva,2003-08-26,22,0,Particular,1,Manha,4
3793,Larissa,Souza,2006-05-26,19,0,Publica,8,Manha,1
3794,Renata,Souza,2003-11-16,22,1,Particular,4,Tarde,5
3795,Julia,Oliveira,1987-09-23,38,1,Particular,3,Manha,3
3796,Patrícia,Rodrigues,2006-01-24,19,1,Particular,6,Noite,4
3797,Julia,Lima,1984-05-25,41,1,Particular,2,Tarde,2
3798,Vanessa,Santos,1987-11-03,38,1,Publica,8,Manha,4
3799,Pedro,Nascimento,1985-02-21,40,0,Publica,4,Noite,2
3800,Lucas,Santos,1998-01-01,27,1,Publica,4,Manha,6
3801,Pedro,Rodrigues,1996-05-25,29,1,Particular,8,Tarde,1
3802,Fernanda,Souza,2003-08-21,22,1,Particular,1,Tarde,3
3803,Vanessa,Nascimento,2006-04-19,19,0,Publica,7,Noite,6
3804,Camila,Almeida,2000-07-16,25,1,Particular,6,Tarde,6
3805,Larissa,Oliveira,1988-08-13,37,0,Particular,3,Manha,5
3806,Mariana,Nascimento,1993-05-11,32,1,Publica,2,Tarde,3
3807,Pedro,Nascimento,1999-09-17,26,1,Publica,8,Manha,4
3808,Fernanda,Rodrigues,1984-03-01,41,1,Publica,6,Noite,1
3809,Renata,Pereira,1999-09-15,26,0,Particular,5,Manha,1
3810,Patrícia,Pereira,1989-07-28,36,1,Publica,1,Manha,2
3811,Pedro,Costa,1981-04-03,44,0,Publica,4,Manha,1
3812,Lucas,Lima,1988-11-01,37,1,Particular,5,Noite,5
3813,Camila,Lima,1995-06-12,30,0,Particular,6,Manha,5
3814,Julia,Santos,1982-05-07,43,1,Particular,5,Tarde,4
3815,Bruno,Souza,1994-10-18,31,0,Particular,2,Noite,2
3816,Camila,Oliveira,1993-10-14,32,0,Publica,6,Noite,6
3817,Fernanda,Souza,1994-11-18,31,0,Particular,7,Manha,6
3818,Eduardo,Nascimento,2003-10-04,22,1,Publica,5,Tarde,5
3819,Patrícia,Oliveira,2002-03-19,23,0,Particular,5,Manha,4
3820,Julia,Almeida,1998-08-07,27,1,Particular,1,Manha,1
3821,André,Souza,1999-01-22,26,1,Publica,1,Manha,5
3822,Mariana,Souza,1984-02-25,41,1,Publica,1,Noite,3
3823,Larissa,Pereira,2006-05-27,19,1,Particular,3,Manha,1
3824,Felipe,Santos,1993-07-07,32,0,Publica,6,Manha,5
3825,Pedro,Costa,2003-03-13,22,0,Particular,4,Noite,5
3826,Pedro,Silva,1987-01-21,38,1,Particular,6,Noite,5
3827,Julia,Rodrigues,1985-01-05,40,1,Particular,4,Tarde,1
3828,Fernanda,Santos,1980-12-20,45,0,Publica,3,Noite,1
3829,Ana,Pereira,1988-05-01,37,1,Publica,2,Manha,5
3830,André,Almeida,1983-11-18,42,0,Publica,6,Noite,6
3831,Gabriel,Almeida,1995-11-21,30,0,Particular,7,Tarde,3
3832,Patrícia,Oliveira,1982-08-05,43,1,Particular,8,Manha,3
3833,Fernanda,Lima,1983-05-15,42,0,Publica,7,Tarde,4
3834,Bruno,Costa,1998-04-26,27,0,Particular,3,Tarde,6
3835,Gabriel,Souza,1991-01-21,34,0,Publica,5,Manha,6
3836,Eduardo,Silva,1993-03-16,32,1,Publica,5,Tarde,4
3837,Carlos,Nascimento,1982-03-20,43,0,Publica,8,Manha,6
3838,Gabriel,Almeida,1991-10-08,34,1,Particular,8,Noite,1
3839,Mariana,Souza,2005-12-03,20,1,Publica,3,Manha,6
3840,Camila,Nascimento,1982-01-01,43,1,Particular,4,Tarde,3
3841,Felipe,Rodrigues,1989-05-07,36,0,Particular,2,Tarde,2
3842,Rafael,Silva,1994-11-05,31,0,Particular,7,Noite,5
3843,Bruno,Pereira,1994-09-02,31,1,Particular,8,Manha,1
3844,Carlos,Lima,2004-06-07,21,0,Publica,1,Noite,1
3845,Felipe,Costa,2000-03-11,25,1,Particular,8,Tarde,3
3846,Camila,Lima,1993-02-16,32,0,Particular,8,Noite,1
3847,Pedro,Rodrigues,2005-07-21,20,0,Publica,3,Noite,3
3848,Camila,Oliveira,1996-05-27,29,0,Particular,5,Noite,4
3849,Bruno,Souza,1994-06-16,31,0,Particular,2,Noite,3
3850,André,Oliveira,1998-11-13,27,1,Particular,7,Tarde,4
3851,Rafael,Costa,2002-04-15,23,1,Publica,3,Noite,4
3852,Vanessa,Rodrigues,2000-03-03,25,0,Publica,3,Manha,3
3853,Pedro,Santos,1991-08-19,34,1,Publica,8,Noite,2
3854,André,Oliveira,1993-01-09,32,0,Particular,3,Tarde,3
3855,Rafael,Pereira,1999-08-02,26,0,Publica,8,Manha,2
3856,Lucas,Silva,1999-04-12,26,0,Particular,4,Noite,2
3857,Eduardo,Santos,1981-02-23,44,1,Particular,3,Noite,3
3858,André,Oliveira,2001-11-22,24,1,Publica,1,Noite,4
3859,Pedro,Almeida,1992-08-22,33,0,Publica,8,Noite,2
3860,Fernanda,Oliveira,1993-07-13,32,1,Publica,7,Noite,1
3861,Beatriz,Lima,1993-09-06,32,1,Publica,6,Tarde,5
3862,Bruno,Oliveira,1985-10-16,40,0,Particular,7,Noite,2
3863,Gabriel,Santos,1994-12-27,31,0,Particular,4,Noite,3
3864,Vanessa,Nascimento,2002-03-16,23,0,Particular,8,Manha,2
3865,Pedro,Rodrigues,1993-07-13,32,0,Publica,6,Manha,3
3866,Julia,Lima,1981-07-28,44,1,Publica,7,Noite,6
3867,Renata,Pereira,1988-05-20,37,1,Publica,4,Noite,6
3868,Julia,Lima,1993-10-23,32,1,Particular,2,Manha,6
3869,Fernanda,Silva,1997-09-08,28,0,Publica,4,Noite,1
3870,Felipe,Nascimento,2003-04-09,22,1,Particular,2,Manha,6
3871,André,Almeida,1999-04-21,26,0,Publica,3,Manha,1
3872,Felipe,Costa,1983-09-25,42,1,Publica,1,Manha,6
3873,Carlos,Nascimento,1983-06-05,42,0,Publica,4,Manha,4
3874,Lucas,Rodrigues,2004-01-19,21,0,Publica,3,Tarde,1
3875,Carlos,Souza,1997-10-14,28,1,Publica,1,Manha,2
3876,Renata,Silva,1987-02-22,38,1,Particular,6,Tarde,5
3877,Rafael,Silva,2002-02-21,23,0,Particular,7,Tarde,2
3878,Pedro,Rodrigues,1996-04-09,29,0,Particular,2,Tarde,1
3879,Fernanda,Almeida,1989-07-20,36,0,Publica,8,Noite,1
3880,Ana,Pereira,1995-03-18,30,0,Publica,5,Manha,1
3881,Rodrigo,Silva,1997-12-07,28,1,Publica,3,Manha,2
3882,Felipe,Silva,1980-06-28,45,0,Publica,5,Noite,1
3883,Gabriel,Santos,1985-12-15,40,1,Publica,6,Manha,6
3884,Gabriel,Souza,1987-02-04,38,1,Particular,6,Noite,3
3885,Rodrigo,Costa,1985-07-16,40,0,Publica,2,Tarde,4
3886,Lucas,Oliveira,1994-12-18,31,1,Publica,1,Manha,3
3887,Bruno,Costa,1996-07-28,29,1,Publica,7,Tarde,2
3888,Gabriel,Pereira,1981-10-19,44,1,Publica,8,Noite,3
3889,Rafael,Rodrigues,2001-01-12,24,0,Publica,5,Manha,1
3890,Ana,Almeida,1990-06-01,35,1,Particular,3,Noite,3
3891,Patrícia,Almeida,1981-04-26,44,1,Particular,7,Tarde,5
3892,Ana,Silva,1997-11-24,28,0,Publica,8,Tarde,3
3893,Ana,Santos,1996-04-11,29,1,Publica,2,Tarde,2
3894,Mariana,Almeida,2000-10-15,25,0,Publica,3,Noite,1
3895,Rodrigo,Costa,1984-01-12,41,0,Publica,3,Manha,2
3896,Ana,Oliveira,1986-07-18,39,0,Publica,1,Tarde,1
3897,Pedro,Silva,1992-06-03,33,0,Particular,5,Tarde,1
3898,André,Silva,2001-07-09,24,1,Particular,7,Noite,5
3899,Beatriz,Souza,1985-05-27,40,0,Particular,1,Tarde,6
3900,Vanessa,Souza,1987-09-22,38,0,Publica,2,Manha,3
3901,Larissa,Almeida,2005-12-13,20,1,Particular,7,Manha,5
3902,Mariana,Rodrigues,1998-07-24,27,0,Publica,8,Manha,5
3903,Lucas,Almeida,1993-05-11,32,0,Particular,8,Manha,2
3904,Carlos,Lima,1980-05-23,45,1,Publica,5,Tarde,5
3905,André,Almeida,2001-03-11,24,0,Publica,1,Noite,3
3906,Rodrigo,Rodrigues,1996-10-18,29,1,Publica,6,Noite,5
3907,Mariana,Almeida,1985-10-20,40,0,Publica,6,Noite,4
3908,Gabriel,Rodrigues,1980-10-08,45,1,Particular,4,Noite,5
3909,Larissa,Rodrigues,1997-05-09,28,0,Particular,4,Noite,5
3910,Bruno,Oliveira,2005-11-12,20,0,Publica,2,Noite,6
3911,Patrícia,Oliveira,1985-03-16,40,0,Particular,4,Manha,3
3912,Felipe,Pereira,1981-02-14,44,1,Publica,4,Tarde,1
3913,Pedro,Pereira,1982-06-13,43,0,Particular,6,Manha,4
3914,Felipe,Pereira,2005-09-18,20,1,Publica,4,Manha,3
3915,Ana,Rodrigues,1988-05-12,37,1,Publica,5,Manha,3
3916,Mariana,Souza,1982-02-15,43,1,Particular,5,Tarde,5
3917,Patrícia,Rodrigues,1985-02-21,40,1,Publica,5,Tarde,2
3918,Bruno,Souza,1985-10-04,40,0,Particular,5,Tarde,6
3919,Pedro,Oliveira,1989-03-19,36,1,Publica,5,Tarde,6
3920,Bruno,Costa,2000-10-20,25,1,Particular,2,Tarde,2
3921,Rafael,Almeida,1990-02-09,35,1,Publica,4,Tarde,4
3922,Carlos,Silva,1990-08-27,35,0,Particular,6,Noite,2
3923,Rafael,Lima,1982-03-09,43,1,Particular,4,Noite,4
3924,Mariana,Rodrigues,1986-12-02,39,0,Particular,7,Manha,4
3925,Renata,Oliveira,1983-12-01,42,1,Particular,4,Noite,4
3926,Renata,Souza,2005-03-26,20,0,Particular,1,Tarde,3
3927,Felipe,Souza,2004-05-15,21,0,Particular,1,Manha,1
3928,Bruno,Silva,1984-12-07,41,0,Particular,1,Manha,3
3929,Gabriel,Almeida,1985-09-26,40,1,Publica,3,Manha,2
3930,Rodrigo,Oliveira,1982-05-24,43,1,Publica,6,Manha,4
3931,Larissa,Nascimento,1999-11-25,26,1,Particular,3,Manha,1
3932,Pedro,Souza,1988-05-05,37,1,Particular,1,Noite,4
3933,André,Pereira,1987-12-28,38,1,Publica,6,Noite,3
3934,Rodrigo,Santos,2003-10-23,22,1,Particular,6,Noite,4
3935,Beatriz,Almeida,2002-10-17,23,0,Publica,1,Tarde,3
3936,Patrícia,Nascimento,1995-11-27,30,0,Particular,8,Tarde,1
3937,Fernanda,Souza,1981-06-19,44,0,Particular,2,Tarde,1
3938,Beatriz,Nascimento,1981-04-11,44,1,Publica,3,Noite,3
3939,Renata,Oliveira,1993-12-01,32,1,Publica,6,Tarde,6
3940,Larissa,Silva,1995-06-28,30,0,Publica,2,Manha,1
3941,Mariana,Oliveira,1985-11-05,40,1,Particular,5,Manha,5
3942,Gabriel,Rodrigues,1991-10-10,34,0,Particular,4,Tarde,4
3943,Beatriz,Santos,1985-05-21,40,0,Particular,8,Noite,5
3944,Ana,Almeida,2003-07-22,22,1,Particular,8,Manha,4
3945,Vanessa,Santos,2003-12-05,22,1,Publica,3,Manha,3
3946,Larissa,Almeida,2005-10-28,20,0,Publica,8,Tarde,2
3947,André,Nascimento,2004-11-06,21,1,Particular,6,Manha,2
3948,Patrícia,Rodrigues,2001-10-19,24,0,Publica,1,Manha,6
3949,Fernanda,Silva,1994-01-02,31,1,Publica,6,Noite,6
3950,Gabriel,Rodrigues,1984-07-19,41,1,Particular,6,Manha,6
3951,Julia,Costa,2001-10-28,24,1,Particular,4,Tarde,2
3952,Larissa,Souza,1989-03-24,36,1,Publica,1,Tarde,1
3953,Mariana,Silva,1992-04-07,33,1,Particular,2,Manha,5
3954,Vanessa,Almeida,1986-08-05,39,0,Particular,6,Noite,2
3955,Rodrigo,Silva,1989-02-23,36,0,Particular,2,Tarde,1
3956,Carlos,Costa,1981-09-27,44,1,Particular,5,Manha,5
3957,Beatriz,Oliveira,2000-07-02,25,0,Publica,4,Manha,2
3958,Vanessa,Lima,1981-12-06,44,0,Publica,4,Tarde,4
3959,Patrícia,Almeida,2005-08-15,20,0,Particular,6,Tarde,4
3960,Camila,Santos,1989-06-20,36,0,Publica,5,Noite,1
3961,Fernanda,Costa,1991-12-24,34,0,Publica,1,Manha,4
3962,Eduardo,Santos,1991-04-08,34,0,Publica,4,Noite,2
3963,Lucas,Costa,1991-11-24,34,0,Particular,6,Tarde,6
3964,André,Silva,1984-07-09,41,0,Particular,3,Tarde,1
3965,Patrícia,Rodrigues,2002-02-11,23,0,Particular,5,Noite,4
3966,Mariana,Souza,1993-05-18,32,0,Particular,3,Tarde,6
3967,Beatriz,Silva,1985-10-10,40,0,Particular,6,Tarde,2
3968,Mariana,Silva,1985-04-24,40,1,Publica,8,Tarde,1
3969,Bruno,Lima,1985-09-09,40,0,Particular,6,Manha,4
3970,Renata,Nascimento,1982-12-23,43,1,Particular,7,Noite,3
3971,Larissa,Rodrigues,2004-06-05,21,0,Publica,1,Tarde,1
3972,Mariana,Rodrigues,1984-12-17,41,1,Particular,6,Tarde,3
3973,Ana,Souza,1996-10-16,29,1,Particular,1,Manha,6
3974,Larissa,Almeida,1981-12-20,44,0,Particular,8,Manha,6
3975,Ana,Pereira,1996-12-01,29,0,Particular,2,Tarde,4
3976,André,Costa,1988-12-28,37,1,Publica,4,Manha,4
3977,Carlos,Rodrigues,1980-12-16,45,0,Publica,7,Tarde,3
3978,Camila,Pereira,1995-06-10,30,0,Publica,3,Noite,4
3979,Vanessa,Santos,1982-06-22,43,0,Particular,7,Noite,5
3980,Bruno,Santos,2003-08-04,22,1,Particular,7,Noite,4
3981,Felipe,Oliveira,1997-10-10,28,0,Publica,7,Noite,2
3982,Fernanda,Oliveira,2000-01-11,25,1,Particular,2,Noite,4
3983,Lucas,Costa,1986-10-11,39,1,Publica,3,Manha,3
3984,Julia,Lima,1984-06-13,41,1,Publica,3,Manha,2
3985,Renata,Almeida,2003-05-18,22,1,Particular,5,Noite,4
3986,Beatriz,Souza,1998-07-08,27,0,Particular,3,Tarde,6
3987,Pedro,Costa,1992-10-27,33,0,Publica,6,Noite,6
3988,Felipe,Rodrigues,1984-04-01,41,0,Publica,8,Tarde,4
3989,Lucas,Almeida,1992-04-04,33,0,Particular,4,Tarde,6
3990,Rodrigo,Santos,2001-06-08,24,1,Publica,7,Manha,2
3991,Rafael,Oliveira,1986-06-14,39,1,Publica,6,Tarde,4
3992,Larissa,Nascimento,2003-05-06,22,1,Publica,1,Tarde,1
3993,Carlos,Pereira,1995-04-01,30,0,Publica,5,Noite,2
3994,Fernanda,Oliveira,1986-12-26,39,1,Publica,4,Tarde,4
3995,Lucas,Lima,1996-12-25,29,0,Publica,4,Noite,1
3996,Renata,Santos,1996-11-14,29,0,Publica,6,Manha,6
3997,Lucas,Souza,2000-03-17,25,0,Particular,8,Noite,1
3998,Felipe,Oliveira,1992-07-08,33,1,Particular,8,Manha,5
3999,Carlos,Pereira,1993-06-19,32,1,Particular,1,Manha,2
4000,Renata,Silva,2002-03-22,23,1,Publica,4,Tarde,3
4001,Bruno,Costa,2001-12-04,24,0,Publica,5,Noite,3
4002,André,Santos,1993-08-27,32,0,Particular,1,Noite,2
4003,Bruno,Oliveira,1996-08-18,29,0,Particular,2,Manha,6
4004,Camila,Pereira,1989-10-10,36,0,Particular,3,Noite,5
4005,Rodrigo,Lima,1985-01-23,40,0,Particular,2,Tarde,5
4006,Patrícia,Almeida,1993-05-19,32,0,Publica,7,Noite,1
4007,Camila,Almeida,1993-06-05,32,0,Publica,7,Manha,5
4008,Fernanda,Nascimento,2001-01-28,24,0,Particular,5,Noite,3
4009,Pedro,Santos,1994-08-27,31,1,Particular,2,Noite,2
4010,Camila,Santos,1980-12-02,45,0,Particular,6,Noite,4
4011,Vanessa,Costa,1984-04-19,41,1,Publica,7,Manha,1
4012,Julia,Pereira,2000-08-01,25,1,Particular,2,Noite,3
4013,Felipe,Silva,2002-09-16,23,0,Particular,3,Manha,6
4014,Rafael,Costa,2000-12-07,25,0,Publica,3,Manha,5
4015,Larissa,Almeida,1993-04-15,32,0,Publica,4,Noite,4
4016,Pedro,Rodrigues,1996-04-13,29,1,Particular,8,Manha,4
4017,Eduardo,Silva,1991-07-22,34,1,Particular,5,Manha,5
4018,Patrícia,Almeida,1981-06-09,44,1,Particular,4,Noite,2
4019,Felipe,Rodrigues,2003-10-01,22,1,Particular,7,Noite,6
4020,Beatriz,Silva,2004-06-17,21,1,Publica,1,Manha,3
4021,Lucas,Pereira,1998-03-14,27,1,Publica,6,Tarde,4
4022,Rafael,Nascimento,1990-09-02,35,1,Publica,2,Tarde,4
4023,Bruno,Nascimento,2005-08-25,20,0,Publica,1,Manha,5
4024,Rafael,Almeida,1986-09-17,39,1,Particular,7,Tarde,6
4025,Pedro,Almeida,1989-04-28,36,1,Publica,1,Noite,5
4026,Julia,Costa,1983-10-17,42,1,Particular,8,Manha,5
4027,Gabriel,Souza,1986-01-12,39,1,Publica,5,Noite,6
4028,Bruno,Souza,1983-02-19,42,0,Publica,6,Noite,3
4029,Eduardo,Rodrigues,1985-11-19,40,1,Publica,3,Tarde,5
4030,Renata,Nascimento,2003-10-02,22,0,Publica,4,Noite,5
4031,Larissa,Almeida,1992-07-02,33,1,Publica,6,Manha,2
4032,Ana,Costa,1998-10-27,27,1,Publica,8,Tarde,3
4033,Rafael,Lima,1983-09-07,42,1,Publica,3,Noite,5
4034,Eduardo,Almeida,2002-01-06,23,1,Particular,4,Noite,2
4035,André,Souza,1991-05-18,34,0,Particular,2,Manha,2
4036,Lucas,Almeida,1996-07-02,29,1,Particular,8,Tarde,4
4037,Julia,Nascimento,1984-12-26,41,0,Publica,4,Manha,2
4038,Camila,Almeida,1988-01-12,37,0,Publica,1,Manha,4
4039,Felipe,Almeida,1995-09-16,30,0,Publica,5,Noite,4
4040,Felipe,Santos,1990-08-03,35,0,Particular,5,Noite,4
4041,Fernanda,Santos,1983-12-24,42,1,Particular,4,Tarde,3
4042,Bruno,Almeida,2003-05-26,22,1,Publica,6,Manha,6
4043,Renata,Nascimento,1981-12-04,44,1,Publica,2,Manha,3
4044,Patrícia,Costa,2005-04-18,20,1,Publica,6,Tarde,4
4045,Larissa,Almeida,1981-11-12,44,0,Particular,1,Noite,5
4046,Rodrigo,Costa,1982-10-08,43,1,Particular,6,Noite,1
4047,André,Santos,1996-07-02,29,0,Particular,6,Tarde,2
4048,Carlos,Lima,1998-03-08,27,1,Particular,3,Tarde,3
4049,Ana,Santos,1982-06-28,43,1,Particular,3,Tarde,2
4050,Carlos,Pereira,1988-11-24,37,0,Particular,2,Tarde,1
4051,Mariana,Lima,2000-07-19,25,1,Particular,8,Tarde,6
4052,Carlos,Almeida,1980-04-22,45,1,Particular,8,Noite,4
4053,Felipe,Lima,1983-10-28,42,0,Publica,3,Manha,6
4054,Julia,Pereira,2002-04-05,23,0,Particular,3,Tarde,2
4055,Julia,Lima,1991-05-11,34,1,Particular,2,Noite,5
4056,Bruno,Lima,1996-04-03,29,1,Publica,1,Manha,3
4057,Beatriz,Silva,1986-03-17,39,0,Particular,8,Manha,3
4058,Renata,Silva,1989-08-19,36,1,Particular,8,Manha,4
4059,Mariana,Souza,1986-03-25,39,1,Publica,7,Manha,5
4060,Vanessa,Santos,1992-05-21,33,0,Particular,8,Tarde,1
4061,Carlos,Silva,1998-03-28,27,1,Particular,3,Noite,5
4062,Larissa,Almeida,2001-04-13,24,0,Publica,7,Manha,2
4063,Rodrigo,Rodrigues,1992-01-04,33,1,Publica,7,Manha,5
4064,Carlos,Costa,2002-07-10,23,0,Particular,8,Tarde,5
4065,Lucas,Oliveira,2005-04-09,20,0,Publica,4,Manha,1
4066,Felipe,Oliveira,1987-07-14,38,0,Publica,5,Tarde,3
4067,Julia,Rodrigues,2004-01-18,21,1,Particular,7,Manha,2
4068,Julia,Souza,2000-01-17,25,1,Particular,2,Manha,4
4069,Ana,Silva,1985-07-01,40,1,Particular,1,Noite,1
4070,Fernanda,Nascimento,2001-06-07,24,0,Particular,3,Tarde,3
4071,Rafael,Oliveira,1992-11-16,33,1,Particular,8,Manha,2
4072,Felipe,Santos,1981-03-22,44,1,Publica,4,Noite,5
4073,Bruno,Rodrigues,2003-05-28,22,0,Particular,2,Manha,6
4074,André,Pereira,1999-09-12,26,0,Publica,4,Noite,6
4075,Bruno,Silva,2006-07-14,19,1,Publica,5,Noite,3
4076,Carlos,Costa,2004-02-16,21,0,Particular,8,Noite,3
4077,Fernanda,Souza,1985-10-26,40,0,Particular,3,Manha,1
4078,Rodrigo,Lima,1982-06-26,43,0,Publica,6,Manha,1
4079,Larissa,Lima,1980-02-27,45,0,Particular,7,Manha,3
4080,Bruno,Silva,1995-12-08,30,0,Particular,2,Manha,5
4081,Beatriz,Silva,1987-12-25,38,0,Particular,1,Noite,2
4082,Fernanda,Nascimento,1992-03-26,33,0,Publica,5,Tarde,1
4083,André,Oliveira,1991-05-07,34,1,Publica,6,Noite,5
4084,Carlos,Costa,1980-09-14,45,1,Publica,5,Noite,4
4085,Gabriel,Nascimento,2000-01-17,25,1,Publica,6,Manha,3
4086,Julia,Santos,1998-01-27,27,1,Publica,3,Manha,4
4087,Mariana,Souza,1981-10-02,44,1,Particular,5,Tarde,4
4088,Eduardo,Souza,2002-02-16,23,0,Particular,5,Noite,1
4089,Carlos,Rodrigues,1991-07-17,34,1,Particular,6,Noite,4
4090,André,Rodrigues,2004-05-20,21,1,Particular,7,Manha,4
4091,Carlos,Oliveira,1992-12-02,33,1,Particular,5,Manha,2
4092,Rodrigo,Souza,1997-01-07,28,1,Publica,3,Tarde,2
4093,Ana,Rodrigues,1986-10-08,39,1,Publica,7,Manha,2
4094,Renata,Santos,1995-08-12,30,0,Particular,7,Noite,3
4095,Carlos,Souza,1993-04-13,32,1,Publica,8,Tarde,2
4096,Vanessa,Souza,1987-06-08,38,1,Particular,5,Manha,5
4097,Eduardo,Costa,1980-04-20,45,1,Publica,6,Manha,6
4098,Ana,Lima,2000-09-12,25,0,Publica,8,Manha,3
4099,Lucas,Souza,1988-10-26,37,1,Particular,8,Tarde,3
4100,Beatriz,Almeida,1994-01-09,31,0,Particular,8,Noite,1
4101,Camila,Oliveira,1990-10-16,35,1,Publica,7,Manha,1
4102,Pedro,Silva,1990-08-07,35,1,Publica,1,Noite,6
4103,Pedro,Souza,2002-11-16,23,1,Particular,5,Manha,1
4104,Mariana,Souza,2001-09-22,24,1,Particular,2,Noite,6
4105,Renata,Nascimento,1983-07-11,42,1,Publica,4,Tarde,2
4106,Julia,Souza,1981-05-18,44,1,Particular,7,Tarde,1
4107,Felipe,Santos,2005-08-23,20,0,Publica,3,Noite,1
4108,André,Lima,1999-11-28,26,1,Publica,5,Noite,6
4109,Eduardo,Oliveira,1980-11-17,45,1,Publica,6,Noite,5
4110,Camila,Costa,1994-12-08,31,0,Particular,4,Tarde,4
4111,Lucas,Lima,1990-06-19,35,1,Particular,1,Tarde,1
4112,Renata,Rodrigues,1988-09-23,37,0,Particular,5,Manha,1
4113,Pedro,Silva,2005-08-12,20,1,Publica,3,Manha,1
4114,Felipe,Rodrigues,2004-01-15,21,1,Publica,7,Noite,6
4115,Gabriel,Lima,1996-11-11,29,1,Publica,8,Manha,6
4116,Fernanda,Nascimento,2002-08-19,23,0,Particular,2,Noite,5
4117,Beatriz,Oliveira,1993-11-27,32,1,Particular,8,Noite,3
4118,Vanessa,Costa,2001-08-03,24,0,Particular,4,Noite,6
4119,Bruno,Nascimento,1981-07-23,44,1,Particular,2,Noite,3
4120,Felipe,Silva,2004-11-04,21,1,Particular,4,Noite,1
4121,Ana,Pereira,1991-07-26,34,0,Publica,5,Manha,2
4122,Felipe,Oliveira,1995-08-12,30,0,Particular,1,Tarde,1
4123,André,Nascimento,2002-12-23,23,1,Publica,8,Tarde,2
4124,Ana,Oliveira,2005-05-06,20,1,Publica,1,Noite,3
4125,Rodrigo,Lima,2000-02-16,25,1,Particular,7,Manha,2
4126,Ana,Pereira,2003-06-10,22,0,Publica,7,Noite,2
4127,Bruno,Lima,1989-07-09,36,1,Publica,6,Tarde,1
4128,Larissa,Almeida,1996-03-21,29,0,Publica,7,Noite,1
4129,Julia,Santos,2002-12-12,23,0,Publica,7,Manha,2
4130,Ana,Nascimento,1995-04-03,30,0,Publica,1,Noite,4
4131,Patrícia,Oliveira,1992-06-10,33,0,Particular,4,Noite,6
4132,Pedro,Pereira,2000-11-04,25,1,Particular,4,Tarde,2
4133,Rodrigo,Oliveira,1982-08-18,43,0,Particular,2,Manha,5
4134,Bruno,Almeida,1987-03-04,38,0,Particular,8,Noite,6
4135,Fernanda,Santos,1990-06-05,35,1,Publica,6,Manha,1
4136,Ana,Santos,2001-06-16,24,0,Particular,3,Noite,3
4137,Rodrigo,Oliveira,1997-08-26,28,1,Particular,2,Manha,2
4138,Renata,Nascimento,2006-12-18,19,1,Publica,6,Noite,4
4139,Felipe,Costa,1990-07-01,35,0,Particular,3,Tarde,6
4140,Julia,Santos,1982-08-26,43,1,Particular,2,Noite,2
4141,Vanessa,Rodrigues,1998-06-07,27,0,Publica,8,Manha,3
4142,Camila,Lima,2000-01-22,25,0,Particular,7,Noite,2
4143,Carlos,Rodrigues,1993-02-13,32,1,Particular,2,Tarde,2
4144,Camila,Costa,1984-03-05,41,1,Particular,1,Noite,6
4145,Rafael,Souza,1988-09-23,37,0,Publica,8,Manha,5
4146,Ana,Lima,1999-11-09,26,0,Particular,5,Noite,6
4147,Gabriel,Oliveira,1996-02-16,29,0,Publica,1,Noite,1
4148,Vanessa,Lima,2005-10-20,20,0,Particular,1,Noite,1
4149,Ana,Costa,1986-05-23,39,0,Particular,1,Noite,6
4150,Rafael,Santos,1992-12-08,33,1,Particular,1,Noite,2
4151,Carlos,Souza,1983-07-23,42,1,Particular,7,Manha,2
4152,Gabriel,Rodrigues,1993-08-27,32,1,Particular,3,Noite,1
4153,Bruno,Nascimento,1996-04-13,29,0,Publica,8,Tarde,5
4154,Renata,Santos,1999-02-28,26,0,Particular,1,Noite,2
4155,Carlos,Costa,1982-12-27,43,1,Particular,6,Tarde,6
4156,Patrícia,Souza,2004-07-13,21,1,Particular,2,Manha,1
4157,Renata,Nascimento,1991-01-10,34,0,Particular,5,Noite,1
4158,Fernanda,Santos,1981-09-13,44,0,Particular,4,Manha,2
4159,Rafael,Almeida,1984-05-24,41,1,Particular,5,Manha,2
4160,Julia,Costa,2001-10-12,24,1,Particular,5,Tarde,5
4161,Julia,Lima,2003-01-23,22,1,Publica,4,Tarde,1
4162,Bruno,Rodrigues,2000-05-27,25,0,Particular,6,Noite,5
4163,Eduardo,Pereira,1980-07-20,45,1,Particular,7,Noite,2
4164,Bruno,Nascimento,1993-03-15,32,1,Publica,3,Manha,4
4165,Lucas,Pereira,1995-06-08,30,1,Publica,4,Noite,6
4166,Camila,Almeida,2006-09-27,19,0,Publica,3,Noite,1
4167,André,Almeida,1982-11-01,43,1,Publica,5,Tarde,1
4168,Felipe,Nascimento,1989-05-15,36,0,Particular,4,Tarde,1
4169,Beatriz,Nascimento,1982-01-24,43,0,Publica,4,Noite,6
4170,Rodrigo,Oliveira,2006-11-24,19,1,Particular,1,Tarde,4
4171,Fernanda,Almeida,1995-11-21,30,0,Publica,2,Manha,6
4172,Pedro,Silva,1997-04-17,28,1,Publica,8,Noite,2
4173,Ana,Souza,2000-09-15,25,1,Particular,6,Noite,2
4174,Pedro,Pereira,1984-06-07,41,0,Publica,3,Tarde,2
4175,Patrícia,Almeida,1994-03-15,31,1,Particular,6,Tarde,6
4176,Ana,Pereira,1983-11-26,42,1,Publica,2,Manha,3
4177,Larissa,Silva,1987-12-13,38,0,Publica,7,Noite,5
4178,Vanessa,Lima,1989-03-26,36,0,Particular,8,Tarde,6
4179,Bruno,Lima,2005-10-10,20,1,Particular,1,Tarde,5
4180,Eduardo,Pereira,1996-06-08,29,0,Publica,3,Tarde,3
4181,Julia,Oliveira,2002-11-23,23,1,Particular,7,Noite,4
4182,Vanessa,Souza,1996-10-17,29,1,Publica,7,Noite,1
4183,Eduardo,Santos,1999-12-10,26,1,Publica,2,Manha,6
4184,Patrícia,Pereira,1987-11-11,38,0,Publica,5,Tarde,2
4185,Patrícia,Nascimento,1993-03-13,32,0,Particular,6,Tarde,5
4186,Patrícia,Nascimento,1982-12-16,43,0,Publica,1,Manha,5
4187,Rafael,Silva,1983-12-09,42,0,Particular,7,Noite,1
4188,Mariana,Santos,1982-06-16,43,1,Particular,2,Tarde,5
4189,Eduardo,Oliveira,1994-02-21,31,0,Publica,1,Noite,3
4190,Vanessa,Almeida,1985-05-06,40,0,Particular,5,Noite,6
4191,Larissa,Santos,2002-11-05,23,1,Publica,1,Tarde,1
4192,Julia,Nascimento,1994-03-24,31,1,Publica,3,Noite,2
4193,Beatriz,Costa,1990-04-14,35,1,Particular,8,Noite,4
4194,Patrícia,Costa,1988-12-26,37,0,Particular,6,Noite,4
4195,Ana,Costa,2001-02-01,24,1,Particular,2,Tarde,1
4196,Patrícia,Souza,2000-11-21,25,0,Publica,7,Manha,6
4197,André,Rodrigues,1992-07-23,33,1,Particular,5,Tarde,2
4198,André,Souza,2004-03-10,21,0,Particular,7,Tarde,5
4199,Rafael,Costa,1984-06-25,41,0,Particular,6,Noite,2
4200,Camila,Lima,1994-12-24,31,1,Particular,4,Tarde,6
4201,André,Lima,2004-02-24,21,0,Particular,3,Noite,6
4202,Eduardo,Rodrigues,2005-08-27,20,1,Particular,7,Noite,6
4203,Gabriel,Oliveira,1982-05-20,43,0,Particular,4,Manha,5
4204,Mariana,Almeida,1990-07-23,35,1,Particular,4,Noite,1
4205,Julia,Nascimento,2006-06-13,19,1,Publica,1,Manha,6
4206,Beatriz,Oliveira,1984-12-04,41,0,Particular,2,Tarde,3
4207,André,Lima,1994-12-26,31,0,Particular,2,Manha,2
4208,Beatriz,Almeida,2003-11-22,22,0,Particular,6,Manha,4
4209,Eduardo,Santos,1998-12-18,27,1,Particular,8,Tarde,6
4210,Bruno,Santos,1989-09-19,36,0,Particular,2,Manha,6
4211,Renata,Nascimento,1983-06-10,42,0,Particular,1,Manha,6
4212,Eduardo,Costa,1986-12-27,39,0,Publica,3,Tarde,5
4213,André,Rodrigues,1993-01-06,32,0,Publica,7,Noite,5
4214,Julia,Santos,1995-08-03,30,0,Publica,5,Manha,6
4215,Julia,Nascimento,1991-07-25,34,0,Particular,7,Noite,3
4216,Vanessa,Nascimento,1985-03-08,40,1,Particular,3,Noite,5
4217,Vanessa,Almeida,2001-01-28,24,1,Publica,1,Noite,2
4218,Rodrigo,Pereira,1999-04-26,26,0,Particular,3,Noite,4
4219,Julia,Santos,2003-04-12,22,1,Particular,8,Manha,4
4220,Patrícia,Rodrigues,1993-05-22,32,1,Particular,1,Tarde,6
4221,Rodrigo,Costa,1983-01-04,42,1,Publica,1,Noite,4
4222,Larissa,Rodrigues,2006-06-25,19,0,Particular,2,Noite,1
4223,Vanessa,Silva,1983-01-18,42,1,Particular,8,Tarde,3
4224,Larissa,Souza,1998-04-15,27,1,Particular,4,Tarde,6
4225,Larissa,Santos,1987-04-08,38,1,Particular,8,Tarde,6
4226,Beatriz,Costa,1995-10-28,30,0,Publica,7,Manha,5
4227,Eduardo,Souza,1991-01-06,34,0,Particular,5,Manha,5
4228,Beatriz,Rodrigues,1990-01-11,35,0,Publica,5,Manha,3
4229,Pedro,Almeida,1984-07-01,41,1,Particular,3,Noite,1
4230,Camila,Nascimento,1995-08-08,30,1,Particular,1,Noite,5
4231,Renata,Souza,1999-09-03,26,1,Particular,8,Noite,2
4232,Larissa,Santos,1986-10-15,39,1,Particular,5,Noite,6
4233,Camila,Almeida,1983-04-04,42,1,Particular,5,Noite,5
4234,Julia,Oliveira,1987-10-11,38,0,Particular,8,Tarde,4
4235,Patrícia,Rodrigues,1987-08-21,38,0,Publica,3,Manha,5
4236,Vanessa,Almeida,1994-06-13,31,0,Publica,8,Tarde,3
4237,Renata,Lima,1987-03-24,38,0,Publica,1,Manha,3
4238,Bruno,Rodrigues,1991-12-04,34,1,Publica,7,Tarde,5
4239,Fernanda,Silva,1990-12-19,35,0,Publica,5,Tarde,2
4240,Larissa,Pereira,2001-12-28,24,1,Publica,3,Manha,5
4241,Carlos,Silva,2004-07-11,21,0,Publica,6,Manha,6
4242,Renata,Almeida,1990-10-22,35,0,Particular,3,Noite,2
4243,Eduardo,Oliveira,1980-09-16,45,1,Particular,8,Noite,6
4244,André,Costa,1994-07-08,31,0,Particular,8,Manha,5
4245,Felipe,Oliveira,1993-01-19,32,1,Particular,6,Tarde,1
4246,Pedro,Rodrigues,1991-11-02,34,1,Publica,7,Manha,5
4247,Lucas,Silva,1994-10-08,31,0,Publica,7,Tarde,2
4248,Vanessa,Pereira,1991-05-13,34,0,Publica,6,Noite,3
4249,Bruno,Oliveira,1995-02-03,30,1,Particular,6,Manha,5
4250,Mariana,Rodrigues,2005-11-11,20,0,Particular,1,Noite,6
4251,Ana,Almeida,1990-12-11,35,0,Publica,6,Manha,6
4252,Camila,Nascimento,2000-08-05,25,1,Publica,6,Manha,4
4253,Bruno,Souza,2005-04-28,20,0,Particular,7,Tarde,2
4254,Gabriel,Lima,1983-06-13,42,0,Particular,1,Manha,4
4255,Beatriz,Almeida,1998-09-25,27,0,Publica,5,Noite,5
4256,Pedro,Souza,1987-08-04,38,1,Publica,1,Tarde,6
4257,Eduardo,Silva,2006-09-12,19,0,Publica,7,Noite,3
4258,Felipe,Lima,1983-07-15,42,0,Publica,7,Tarde,3
4259,Ana,Oliveira,1995-08-12,30,1,Particular,8,Manha,6
4260,Fernanda,Souza,2005-01-11,20,1,Particular,3,Tarde,1
4261,Ana,Pereira,1990-12-27,35,0,Publica,6,Tarde,5
4262,Mariana,Costa,1990-08-17,35,1,Particular,8,Noite,2
4263,Rodrigo,Silva,1984-05-04,41,0,Particular,2,Tarde,1
4264,Fernanda,Nascimento,1987-02-13,38,1,Publica,2,Tarde,6
4265,Lucas,Santos,2000-06-21,25,1,Particular,2,Manha,6
4266,Ana,Rodrigues,1994-11-21,31,1,Publica,1,Manha,3
4267,Vanessa,Rodrigues,1981-11-18,44,0,Publica,8,Manha,4
4268,Felipe,Rodrigues,1999-05-20,26,0,Particular,7,Noite,3
4269,Carlos,Oliveira,1986-09-07,39,1,Particular,8,Manha,2
4270,Camila,Santos,2004-09-24,21,0,Particular,1,Noite,6
4271,Carlos,Santos,1982-05-28,43,0,Particular,5,Noite,6
4272,Larissa,Costa,2001-10-02,24,0,Publica,5,Tarde,2
4273,Pedro,Lima,2004-09-26,21,1,Particular,3,Tarde,1
4274,Ana,Nascimento,1992-02-24,33,1,Publica,8,Manha,1
4275,Ana,Nascimento,1996-02-13,29,1,Publica,4,Manha,2
4276,Larissa,Nascimento,1983-11-06,42,0,Particular,1,Manha,4
4277,Camila,Rodrigues,1993-07-05,32,1,Particular,4,Manha,2
4278,Beatriz,Oliveira,1983-03-15,42,1,Particular,7,Manha,2
4279,Patrícia,Nascimento,1989-08-09,36,1,Publica,1,Noite,5
4280,Julia,Almeida,1987-11-08,38,0,Particular,8,Manha,4
4281,Pedro,Pereira,1992-02-09,33,1,Particular,2,Tarde,3
4282,Pedro,Rodrigues,2004-02-12,21,0,Particular,5,Tarde,3
4283,Eduardo,Oliveira,2003-10-10,22,1,Particular,2,Noite,6
4284,Carlos,Almeida,1997-01-09,28,1,Particular,3,Manha,5
4285,Rodrigo,Costa,1994-04-20,31,1,Particular,3,Tarde,2
4286,Larissa,Silva,2002-08-10,23,0,Particular,7,Tarde,3
4287,Gabriel,Oliveira,2002-02-07,23,1,Publica,5,Manha,3
4288,Camila,Oliveira,1982-09-07,43,0,Particular,3,Manha,2
4289,Julia,Santos,1991-02-27,34,0,Particular,5,Manha,6
4290,Mariana,Almeida,1990-01-12,35,1,Publica,5,Noite,5
4291,Rafael,Almeida,1985-08-03,40,0,Particular,4,Manha,3
4292,Gabriel,Nascimento,1986-08-17,39,0,Publica,3,Tarde,4
4293,André,Costa,1987-03-14,38,0,Particular,8,Noite,4
4294,Fernanda,Oliveira,1999-06-17,26,0,Particular,7,Noite,4
4295,Fernanda,Nascimento,2001-03-19,24,1,Particular,4,Manha,2
4296,Patrícia,Santos,2000-08-06,25,1,Particular,5,Noite,5
4297,Bruno,Costa,1992-11-14,33,1,Publica,3,Manha,2
4298,Felipe,Souza,2002-12-25,23,0,Publica,8,Tarde,5
4299,Bruno,Costa,1989-01-07,36,0,Publica,4,Manha,6
4300,Julia,Lima,1980-02-13,45,1,Particular,1,Manha,2
4301,Mariana,Lima,1981-02-28,44,0,Particular,4,Manha,1
4302,Fernanda,Costa,1998-08-18,27,0,Particular,8,Manha,3
4303,Bruno,Nascimento,2005-02-01,20,1,Particular,1,Noite,4
4304,Carlos,Oliveira,1991-01-10,34,1,Publica,3,Tarde,6
4305,Gabriel,Rodrigues,1995-09-21,30,0,Publica,6,Manha,6
4306,Felipe,Souza,2005-04-11,20,0,Particular,3,Manha,1
4307,Ana,Souza,1990-08-28,35,1,Publica,7,Manha,6
4308,Rafael,Nascimento,1999-08-21,26,1,Publica,7,Noite,4
4309,Camila,Silva,1997-04-14,28,0,Particular,3,Manha,3
4310,André,Costa,1995-04-02,30,1,Publica,5,Manha,5
4311,Carlos,Nascimento,1980-10-05,45,0,Publica,6,Noite,6
4312,Mariana,Oliveira,2005-01-16,20,0,Publica,5,Tarde,3
4313,Patrícia,Nascimento,1996-12-18,29,0,Publica,4,Manha,4
4314,Rodrigo,Souza,1990-03-05,35,0,Publica,3,Noite,4
4315,Bruno,Rodrigues,1981-02-10,44,0,Particular,8,Tarde,3
4316,Lucas,Lima,1997-07-26,28,1,Particular,5,Tarde,5
4317,Rafael,Almeida,2006-11-27,19,0,Particular,7,Manha,4
4318,Renata,Lima,1987-08-27,38,1,Particular,6,Noite,1
4319,Camila,Lima,1987-09-16,38,1,Publica,1,Noite,4
4320,Ana,Nascimento,1998-01-24,27,0,Publica,8,Manha,1
4321,Carlos,Santos,1998-12-17,27,0,Particular,4,Manha,2
4322,Bruno,Oliveira,1998-07-09,27,0,Publica,1,Manha,3
4323,Ana,Souza,1999-11-07,26,0,Particular,3,Manha,4
4324,Gabriel,Oliveira,1981-11-19,44,0,Publica,7,Noite,3
4325,Felipe,Oliveira,2006-04-08,19,0,Particular,2,Tarde,1
4326,Carlos,Souza,1980-02-16,45,0,Particular,2,Noite,5
4327,Camila,Almeida,2003-05-02,22,1,Publica,6,Manha,5
4328,Eduardo,Silva,1980-06-14,45,1,Publica,6,Manha,4
4329,Bruno,Nascimento,1991-02-16,34,1,Publica,6,Manha,3
4330,Carlos,Silva,1984-12-06,41,1,Particular,2,Manha,4
4331,Camila,Oliveira,1980-03-10,45,0,Publica,6,Tarde,4
4332,Fernanda,Souza,2001-05-19,24,0,Particular,8,Manha,4
4333,Beatriz,Pereira,1984-12-16,41,1,Particular,3,Tarde,1
4334,Vanessa,Almeida,1996-10-23,29,0,Particular,4,Manha,4
4335,Bruno,Souza,1982-02-09,43,0,Particular,2,Manha,3
4336,Camila,Rodrigues,1993-08-07,32,0,Publica,8,Manha,6
4337,Fernanda,Souza,1998-01-22,27,1,Particular,6,Tarde,3
4338,Rodrigo,Santos,1995-12-27,30,0,Publica,5,Manha,1
4339,André,Oliveira,1982-08-01,43,1,Publica,4,Noite,1
4340,Lucas,Pereira,1994-04-18,31,0,Publica,2,Tarde,2
4341,Carlos,Santos,1995-10-13,30,1,Particular,5,Manha,1
4342,Eduardo,Souza,2001-11-24,24,1,Particular,3,Tarde,6
4343,André,Lima,2006-03-28,19,1,Publica,2,Tarde,3
4344,Pedro,Pereira,1989-11-23,36,0,Publica,5,Tarde,3
4345,Larissa,Oliveira,1984-05-25,41,0,Publica,4,Manha,6
4346,Fernanda,Pereira,2003-02-26,22,0,Particular,5,Tarde,1
4347,Rodrigo,Nascimento,2005-06-04,20,1,Publica,4,Tarde,6
4348,Larissa,Santos,1984-02-28,41,1,Particular,7,Tarde,3
4349,Carlos,Souza,1993-05-19,32,1,Publica,7,Manha,3
4350,Julia,Souza,2002-04-16,23,0,Publica,5,Noite,4
4351,Lucas,Silva,1995-09-20,30,0,Particular,7,Noite,6
4352,Patrícia,Oliveira,1981-02-18,44,0,Publica,5,Manha,6
4353,Fernanda,Rodrigues,1995-05-27,30,1,Publica,4,Tarde,6
4354,Bruno,Nascimento,1995-04-14,30,1,Publica,2,Noite,4
4355,Mariana,Santos,2006-04-03,19,1,Particular,1,Tarde,1
4356,André,Silva,1982-12-04,43,1,Particular,8,Tarde,6
4357,Eduardo,Santos,1985-10-01,40,1,Particular,1,Noite,3
4358,Renata,Pereira,1996-02-17,29,1,Particular,3,Tarde,4
4359,Felipe,Costa,2003-10-20,22,0,Particular,2,Tarde,6
4360,Lucas,Nascimento,1991-05-02,34,1,Publica,8,Noite,6
4361,Rodrigo,Lima,2003-12-21,22,0,Particular,4,Manha,1
4362,Lucas,Almeida,1998-06-20,27,0,Publica,3,Manha,2
4363,Gabriel,Santos,1992-08-16,33,0,Particular,1,Noite,6
4364,Rodrigo,Santos,2004-07-04,21,1,Publica,8,Noite,1
4365,Julia,Costa,1988-03-16,37,1,Publica,3,Manha,3
4366,Beatriz,Almeida,1988-03-26,37,0,Particular,3,Manha,5
4367,Mariana,Silva,1994-10-08,31,1,Particular,2,Tarde,6
4368,Julia,Nascimento,2002-10-10,23,0,Particular,1,Noite,3
4369,Bruno,Costa,2000-01-28,25,1,Particular,8,Tarde,5
4370,Felipe,Rodrigues,2001-03-16,24,0,Particular,6,Tarde,2
4371,Rodrigo,Souza,1993-11-26,32,0,Publica,3,Manha,2
4372,Julia,Souza,2001-11-03,24,0,Publica,1,Manha,1
4373,Camila,Costa,1991-11-02,34,0,Particular,7,Noite,3
4374,Julia,Pereira,1986-03-27,39,0,Publica,4,Manha,1
4375,Beatriz,Lima,2004-06-23,21,1,Publica,5,Manha,5
4376,Carlos,Almeida,1980-09-12,45,1,Publica,8,Noite,2
4377,Carlos,Souza,1993-12-18,32,0,Publica,7,Noite,1
4378,Eduardo,Nascimento,1986-08-03,39,1,Publica,4,Manha,4
4379,Fernanda,Nascimento,1997-09-26,28,0,Publica,4,Tarde,6
4380,Patrícia,Costa,1997-02-04,28,0,Publica,8,Manha,6
4381,Renata,Rodrigues,1992-03-10,33,1,Particular,5,Manha,4
4382,Ana,Silva,1990-04-12,35,1,Publica,4,Tarde,5
4383,Lucas,Lima,1980-11-18,45,0,Publica,6,Manha,2
4384,Patrícia,Almeida,1998-09-25,27,0,Particular,8,Noite,3
4385,André,Souza,1991-07-25,34,1,Publica,6,Manha,2
4386,André,Silva,1992-07-14,33,1,Publica,7,Manha,2
4387,Lucas,Nascimento,2005-02-23,20,1,Publica,2,Noite,3
4388,Beatriz,Silva,1999-04-16,26,0,Publica,4,Tarde,6
4389,Carlos,Almeida,1995-10-03,30,1,Publica,4,Tarde,5
4390,Rafael,Oliveira,1983-09-19,42,0,Publica,1,Tarde,3
4391,Rafael,Almeida,1984-02-13,41,0,Particular,8,Noite,3
4392,Pedro,Oliveira,1997-05-16,28,0,Publica,6,Tarde,1
4393,Camila,Pereira,1998-11-20,27,0,Particular,4,Tarde,4
4394,Gabriel,Silva,2006-08-06,19,0,Particular,8,Noite,6
4395,Carlos,Santos,2002-12-11,23,0,Publica,7,Noite,6
4396,Fernanda,Santos,1993-06-23,32,1,Publica,8,Tarde,3
4397,Rafael,Santos,1988-01-21,37,1,Publica,6,Noite,6
4398,Larissa,Almeida,2005-05-01,20,0,Publica,2,Noite,4
4399,Camila,Nascimento,2003-10-22,22,0,Publica,1,Manha,2
4400,Julia,Rodrigues,1981-06-24,44,0,Particular,8,Manha,5
4401,Pedro,Rodrigues,1993-06-10,32,1,Publica,1,Manha,1
4402,Ana,Silva,1989-12-14,36,1,Particular,5,Noite,4
4403,Vanessa,Costa,1989-12-18,36,1,Particular,3,Tarde,4
4404,Pedro,Lima,1998-10-05,27,1,Particular,7,Manha,3
4405,Larissa,Silva,1982-04-17,43,0,Particular,6,Noite,1
4406,Rodrigo,Souza,1985-11-04,40,1,Particular,3,Noite,6
4407,Ana,Lima,2001-02-12,24,1,Publica,5,Manha,1
4408,Ana,Almeida,2006-02-25,19,1,Particular,2,Noite,4
4409,Patrícia,Almeida,2004-12-22,21,1,Publica,2,Noite,1
4410,Gabriel,Costa,1983-10-15,42,1,Particular,1,Manha,3
4411,Larissa,Souza,1993-09-09,32,1,Particular,7,Noite,4
4412,Camila,Lima,1999-03-09,26,1,Publica,4,Manha,5
4413,Lucas,Costa,1994-11-05,31,1,Particular,8,Noite,5
4414,Eduardo,Almeida,2003-12-11,22,0,Particular,5,Noite,5
4415,Ana,Silva,1998-11-10,27,1,Particular,5,Tarde,2
4416,Pedro,Lima,2003-09-16,22,0,Particular,4,Tarde,4
4417,Larissa,Rodrigues,1998-08-07,27,1,Publica,6,Manha,3
4418,Bruno,Souza,1998-02-28,27,1,Publica,7,Manha,5
4419,Fernanda,Almeida,1993-08-14,32,1,Particular,1,Noite,5
4420,Eduardo,Souza,1999-04-12,26,0,Particular,5,Manha,3
4421,Lucas,Almeida,1993-10-16,32,0,Particular,7,Tarde,3
4422,Rafael,Santos,2000-07-24,25,0,Particular,8,Manha,6
4423,Fernanda,Almeida,1995-08-27,30,0,Particular,1,Tarde,4
4424,Ana,Pereira,1991-12-01,34,0,Particular,6,Tarde,3
4425,Ana,Nascimento,2002-10-18,23,1,Particular,6,Manha,3
4426,Beatriz,Almeida,1988-05-24,37,1,Particular,6,Noite,3
4427,Larissa,Oliveira,1986-04-27,39,1,Particular,3,Manha,6
4428,Ana,Nascimento,1990-04-25,35,0,Particular,3,Tarde,6
4429,Mariana,Lima,2000-12-23,25,0,Particular,7,Noite,3
4430,Ana,Lima,1998-05-27,27,0,Particular,7,Manha,2
4431,Larissa,Nascimento,1997-01-26,28,0,Particular,7,Noite,3
4432,Vanessa,Pereira,2000-10-27,25,1,Publica,6,Manha,1
4433,Renata,Oliveira,2005-02-14,20,1,Publica,8,Tarde,4
4434,Mariana,Rodrigues,1995-02-14,30,1,Publica,2,Tarde,2
4435,Renata,Santos,1980-11-16,45,0,Particular,3,Tarde,1
4436,Felipe,Nascimento,1982-06-14,43,1,Publica,8,Noite,5
4437,Carlos,Silva,1995-11-02,30,0,Publica,4,Manha,6
4438,Renata,Silva,1984-04-25,41,1,Particular,4,Manha,4
4439,Pedro,Nascimento,1989-02-18,36,0,Publica,7,Noite,5
4440,Renata,Nascimento,1983-02-21,42,0,Particular,7,Tarde,1
4441,Lucas,Souza,1997-03-18,28,1,Publica,5,Tarde,3
4442,Julia,Souza,2000-03-01,25,0,Publica,1,Tarde,5
4443,Larissa,Oliveira,2000-10-09,25,0,Publica,5,Manha,5
4444,André,Santos,2001-12-10,24,0,Particular,7,Manha,4
4445,Beatriz,Rodrigues,2000-09-21,25,1,Publica,4,Manha,6
4446,André,Almeida,2005-03-22,20,0,Particular,4,Manha,4
4447,Bruno,Silva,2006-06-12,19,0,Publica,7,Tarde,5
4448,Pedro,Rodrigues,2001-12-17,24,0,Particular,3,Tarde,5
4449,Patrícia,Nascimento,1987-12-17,38,1,Publica,3,Noite,4
4450,Mariana,Lima,1995-08-09,30,1,Particular,2,Manha,3
4451,André,Oliveira,2002-03-20,23,1,Particular,6,Manha,6
4452,Julia,Santos,1995-04-03,30,0,Publica,1,Tarde,1
4453,Julia,Silva,1994-02-19,31,0,Publica,5,Manha,6
4454,André,Silva,1985-07-12,40,1,Publica,5,Noite,4
4455,Bruno,Santos,1980-02-19,45,0,Particular,4,Manha,6
4456,Rafael,Souza,2003-06-17,22,1,Particular,7,Tarde,2
4457,Carlos,Almeida,1981-12-02,44,0,Particular,5,Noite,2
4458,André,Santos,1993-01-26,32,1,Publica,1,Manha,1
4459,Beatriz,Almeida,1986-04-27,39,1,Publica,2,Manha,1
4460,Renata,Pereira,1993-03-03,32,0,Publica,5,Manha,1
4461,Julia,Costa,1996-07-11,29,1,Particular,7,Manha,2
4462,Julia,Rodrigues,1987-06-18,38,0,Particular,8,Manha,1
4463,Rafael,Rodrigues,1990-01-03,35,1,Publica,2,Noite,1
4464,Renata,Oliveira,1981-03-16,44,1,Publica,5,Tarde,4
4465,Larissa,Silva,1990-05-17,35,1,Particular,3,Tarde,4
4466,Ana,Rodrigues,1985-03-10,40,1,Particular,1,Tarde,5
4467,Vanessa,Oliveira,2004-02-25,21,1,Particular,5,Manha,6
4468,André,Almeida,1983-02-10,42,0,Particular,1,Tarde,5
4469,Lucas,Nascimento,1995-11-26,30,1,Particular,8,Manha,5
4470,Felipe,Almeida,2003-09-13,22,1,Publica,5,Tarde,6
4471,Julia,Rodrigues,1988-12-05,37,1,Publica,7,Tarde,6
4472,Rodrigo,Lima,1981-12-12,44,0,Publica,6,Manha,2
4473,Vanessa,Oliveira,2004-03-14,21,1,Particular,1,Tarde,2
4474,Julia,Oliveira,2003-10-22,22,0,Particular,3,Manha,4
4475,Vanessa,Souza,1994-11-01,31,0,Particular,2,Tarde,2
4476,Camila,Nascimento,1995-03-22,30,0,Particular,7,Tarde,6
4477,Rafael,Santos,1988-02-28,37,1,Publica,6,Manha,1
4478,Larissa,Silva,1982-12-27,43,1,Particular,2,Noite,6
4479,Rafael,Almeida,1995-09-09,30,0,Particular,6,Tarde,4
4480,Julia,Lima,2000-07-16,25,1,Publica,7,Tarde,4
4481,Lucas,Nascimento,2003-03-26,22,0,Publica,5,Noite,1
4482,Beatriz,Silva,2000-10-26,25,0,Publica,6,Manha,4
4483,Bruno,Nascimento,1995-09-08,30,0,Particular,8,Tarde,6
4484,Rodrigo,Nascimento,1983-03-22,42,0,Particular,5,Tarde,6
4485,Larissa,Nascimento,2003-09-28,22,0,Publica,3,Noite,2
4486,Larissa,Pereira,1981-09-07,44,1,Publica,1,Noite,5
4487,Gabriel,Santos,1995-11-02,30,0,Particular,3,Noite,1
4488,Beatriz,Almeida,1981-04-12,44,1,Particular,2,Tarde,1
4489,Patrícia,Oliveira,2004-02-14,21,1,Publica,7,Tarde,5
4490,Beatriz,Oliveira,1981-03-25,44,1,Publica,7,Noite,4
4491,Gabriel,Silva,1999-03-06,26,1,Particular,6,Manha,5
4492,Felipe,Nascimento,1988-01-20,37,1,Particular,4,Noite,5
4493,Julia,Lima,1986-11-10,39,0,Publica,1,Noite,1
4494,Larissa,Santos,1997-05-17,28,1,Publica,4,Manha,1
4495,Larissa,Silva,1987-12-26,38,1,Particular,1,Noite,5
4496,Ana,Oliveira,1988-10-28,37,0,Particular,6,Noite,1
4497,Fernanda,Almeida,1999-01-21,26,1,Publica,1,Tarde,4
4498,Gabriel,Almeida,2000-09-19,25,0,Publica,8,Tarde,3
4499,Julia,Costa,1980-11-25,45,0,Particular,1,Manha,5
4500,Patrícia,Santos,1989-08-07,36,0,Particular,3,Tarde,3
4501,Felipe,Pereira,1996-03-17,29,1,Publica,8,Manha,3
4502,Beatriz,Pereira,1980-06-23,45,0,Particular,2,Tarde,3
4503,Lucas,Costa,1990-03-09,35,1,Publica,2,Tarde,5
4504,Camila,Silva,2003-06-04,22,0,Publica,5,Manha,5
4505,Bruno,Souza,2006-05-04,19,0,Publica,1,Tarde,3
4506,Pedro,Santos,1982-06-14,43,0,Publica,3,Tarde,4
4507,Felipe,Lima,1998-10-09,27,1,Publica,8,Noite,2
4508,Eduardo,Pereira,2001-06-06,24,0,Publica,7,Manha,3
4509,Beatriz,Oliveira,2005-01-15,20,0,Publica,5,Manha,2
4510,Beatriz,Nascimento,1989-10-03,36,0,Particular,2,Noite,2
4511,Larissa,Nascimento,1989-04-14,36,1,Publica,7,Tarde,6
4512,Lucas,Rodrigues,2003-06-23,22,1,Particular,7,Noite,1
4513,Ana,Lima,1998-06-04,27,1,Particular,4,Noite,1
4514,Renata,Lima,1998-08-14,27,0,Publica,1,Manha,2
4515,Pedro,Pereira,2005-04-08,20,0,Publica,2,Noite,5
4516,Ana,Pereira,1990-01-20,35,0,Particular,1,Tarde,1
4517,Pedro,Costa,2004-09-14,21,1,Particular,5,Tarde,1
4518,Mariana,Oliveira,1981-12-06,44,1,Particular,8,Noite,5
4519,Larissa,Costa,1993-09-01,32,1,Publica,8,Manha,5
4520,Rodrigo,Lima,1984-04-07,41,0,Particular,1,Manha,5
4521,Pedro,Almeida,1995-01-21,30,1,Particular,2,Noite,6
4522,Mariana,Souza,1980-10-17,45,1,Publica,7,Tarde,5
4523,Rodrigo,Souza,1993-09-19,32,1,Publica,1,Tarde,4
4524,Gabriel,Almeida,1998-01-10,27,0,Particular,3,Noite,6
4525,Larissa,Santos,1996-01-14,29,0,Particular,3,Manha,6
4526,Julia,Nascimento,1999-08-20,26,1,Publica,4,Manha,1
4527,Rodrigo,Costa,1988-09-24,37,0,Particular,5,Tarde,5
4528,Vanessa,Nascimento,1981-05-18,44,0,Publica,5,Tarde,3
4529,Patrícia,Pereira,1992-01-06,33,0,Publica,2,Noite,5
4530,Felipe,Oliveira,2003-12-14,22,1,Publica,6,Noite,5
4531,Fernanda,Costa,2000-01-17,25,1,Publica,4,Tarde,5
4532,Bruno,Costa,1994-02-05,31,1,Particular,1,Tarde,1
4533,Camila,Almeida,1997-11-04,28,0,Particular,4,Noite,1
4534,Mariana,Souza,2006-08-22,19,1,Particular,3,Tarde,4
4535,Fernanda,Costa,1986-02-16,39,0,Particular,4,Noite,1
4536,Renata,Almeida,1993-07-05,32,0,Particular,1,Tarde,5
4537,Larissa,Rodrigues,1980-02-11,45,1,Particular,5,Tarde,4
4538,Lucas,Nascimento,1999-12-16,26,1,Particular,6,Noite,2
4539,Camila,Rodrigues,1984-05-11,41,1,Particular,8,Manha,5
4540,Eduardo,Nascimento,1981-08-06,44,0,Particular,8,Noite,3
4541,Felipe,Silva,1983-06-25,42,1,Publica,4,Noite,2
4542,Beatriz,Lima,1993-11-18,32,0,Publica,3,Manha,5
4543,Mariana,Pereira,1991-11-09,34,1,Particular,3,Noite,4
4544,Julia,Silva,1987-06-13,38,1,Particular,5,Noite,5
4545,Rodrigo,Rodrigues,1986-08-21,39,0,Particular,3,Tarde,2
4546,Beatriz,Santos,1980-11-13,45,0,Publica,2,Manha,4
4547,Fernanda,Oliveira,2000-01-19,25,1,Publica,5,Noite,1
4548,Rafael,Silva,1999-02-14,26,1,Particular,6,Tarde,3
4549,Beatriz,Silva,1981-02-16,44,1,Particular,3,Noite,6
4550,Fernanda,Pereira,2005-01-21,20,1,Publica,3,Tarde,6
4551,Beatriz,Silva,1995-04-06,30,0,Particular,7,Tarde,4
4552,Rafael,Almeida,1981-11-18,44,1,Publica,2,Tarde,1
4553,Pedro,Silva,2000-03-12,25,0,Publica,7,Tarde,2
4554,André,Oliveira,2005-05-08,20,1,Particular,7,Tarde,2
4555,Camila,Silva,1990-04-10,35,1,Particular,5,Manha,1
4556,Ana,Pereira,1996-06-23,29,1,Publica,8,Tarde,3
4557,Camila,Nascimento,2003-03-02,22,1,Publica,6,Tarde,2
4558,Carlos,Silva,2005-02-13,20,1,Publica,1,Noite,2
4559,Eduardo,Almeida,1994-12-09,31,1,Particular,4,Manha,6
4560,Eduardo,Rodrigues,1991-11-15,34,1,Particular,5,Noite,1
4561,Patrícia,Almeida,1984-05-21,41,1,Particular,8,Manha,6
4562,Pedro,Souza,1998-01-14,27,1,Publica,1,Manha,5
4563,Vanessa,Rodrigues,1989-03-20,36,0,Publica,2,Tarde,6
4564,Mariana,Souza,1984-09-05,41,1,Particular,6,Noite,4
4565,Gabriel,Rodrigues,1996-10-03,29,0,Particular,6,Tarde,5
4566,Bruno,Lima,2003-05-08,22,1,Particular,7,Tarde,1
4567,Carlos,Rodrigues,1986-05-09,39,0,Particular,1,Noite,1
4568,Beatriz,Souza,2003-04-19,22,1,Particular,4,Tarde,4
4569,Camila,Nascimento,1980-12-16,45,0,Publica,3,Noite,2
4570,Lucas,Souza,1985-07-10,40,0,Publica,2,Tarde,3
4571,Patrícia,Lima,1996-10-07,29,1,Particular,1,Tarde,1
4572,Ana,Almeida,1980-10-12,45,0,Particular,3,Tarde,6
4573,Gabriel,Almeida,1992-03-09,33,0,Publica,7,Tarde,4
4574,Rafael,Almeida,1999-09-02,26,1,Particular,1,Tarde,5
4575,André,Nascimento,1996-08-16,29,1,Publica,4,Noite,5
4576,Beatriz,Oliveira,1998-02-26,27,1,Particular,5,Tarde,1
4577,Rodrigo,Santos,1994-12-19,31,0,Publica,7,Manha,6
4578,Lucas,Oliveira,2005-06-04,20,1,Particular,3,Tarde,3
4579,Vanessa,Almeida,1983-06-21,42,1,Publica,4,Manha,1
4580,Renata,Costa,1982-11-07,43,1,Particular,6,Tarde,1
4581,Julia,Almeida,1992-06-21,33,0,Publica,2,Manha,1
4582,Gabriel,Almeida,1996-07-10,29,1,Particular,1,Manha,3
4583,Gabriel,Santos,1987-09-21,38,0,Particular,4,Manha,5
4584,Bruno,Costa,1995-07-20,30,0,Publica,8,Noite,5
4585,André,Rodrigues,2001-07-25,24,0,Publica,7,Noite,6
4586,Camila,Costa,1982-02-24,43,1,Publica,5,Manha,5
4587,Mariana,Silva,1994-06-15,31,0,Publica,5,Noite,3
4588,Renata,Rodrigues,2005-02-19,20,1,Particular,6,Noite,5
4589,Mariana,Rodrigues,2001-04-18,24,1,Publica,3,Tarde,4
4590,Bruno,Almeida,1987-11-21,38,1,Particular,1,Noite,4
4591,Bruno,Souza,1997-03-12,28,0,Publica,1,Manha,1
4592,Patrícia,Pereira,1980-08-12,45,0,Particular,5,Noite,3
4593,Larissa,Souza,1999-07-26,26,1,Particular,7,Manha,1
4594,Ana,Rodrigues,1987-05-01,38,0,Publica,3,Tarde,6
4595,Camila,Almeida,1992-12-10,33,1,Particular,7,Noite,4
4596,Patrícia,Costa,2003-03-19,22,1,Particular,5,Manha,1
4597,Ana,Oliveira,1996-06-20,29,0,Publica,4,Manha,1
4598,Larissa,Pereira,1983-05-23,42,1,Publica,7,Manha,4
4599,Beatriz,Almeida,1987-01-11,38,0,Particular,3,Noite,5
4600,André,Lima,1982-11-27,43,1,Publica,4,Manha,5
4601,Julia,Santos,1981-08-04,44,0,Particular,7,Manha,4
4602,Carlos,Oliveira,1994-01-11,31,0,Particular,2,Manha,4
4603,Patrícia,Nascimento,1993-11-07,32,0,Particular,7,Tarde,1
4604,Ana,Lima,1994-05-20,31,1,Publica,3,Manha,5
4605,Rafael,Lima,2001-08-18,24,1,Particular,8,Noite,5
4606,Pedro,Costa,1994-06-20,31,1,Particular,7,Manha,4
4607,Vanessa,Pereira,2002-04-01,23,0,Particular,2,Tarde,3
4608,Camila,Nascimento,1991-01-04,34,0,Publica,7,Tarde,2
4609,Lucas,Santos,1992-08-25,33,0,Particular,1,Noite,2
4610,Pedro,Oliveira,1989-10-21,36,0,Publica,8,Manha,4
4611,Ana,Nascimento,1988-11-21,37,0,Publica,2,Tarde,5
4612,Beatriz,Almeida,1997-02-26,28,0,Publica,2,Tarde,1
4613,Carlos,Oliveira,2005-10-26,20,0,Publica,5,Tarde,5
4614,Pedro,Oliveira,2003-05-10,22,1,Publica,6,Noite,5
4615,Bruno,Souza,1999-04-20,26,1,Publica,8,Noite,5
4616,Lucas,Nascimento,2001-03-14,24,0,Publica,7,Noite,1
4617,Vanessa,Souza,2006-05-10,19,0,Particular,7,Noite,4
4618,Lucas,Almeida,2004-08-22,21,0,Particular,3,Manha,4
4619,Ana,Lima,1980-06-24,45,1,Publica,5,Noite,1
4620,Renata,Almeida,1995-12-22,30,1,Particular,3,Tarde,1
4621,Carlos,Silva,1986-02-12,39,0,Particular,2,Tarde,3
4622,Mariana,Pereira,2001-05-20,24,1,Particular,7,Tarde,6
4623,Eduardo,Rodrigues,1998-06-28,27,0,Publica,6,Manha,5
4624,Lucas,Silva,1984-07-08,41,0,Particular,3,Manha,4
4625,Patrícia,Silva,1997-06-19,28,1,Publica,7,Noite,2
4626,Eduardo,Santos,2003-06-09,22,0,Particular,5,Noite,2
4627,Carlos,Lima,2000-01-04,25,0,Particular,6,Tarde,4
4628,Julia,Santos,1983-04-20,42,1,Particular,4,Manha,2
4629,Camila,Silva,1996-04-20,29,1,Publica,2,Tarde,3
4630,Bruno,Pereira,2001-12-08,24,0,Particular,4,Tarde,6
4631,Lucas,Costa,1998-06-26,27,1,Particular,6,Tarde,2
4632,André,Costa,1987-06-01,38,0,Particular,5,Noite,3
4633,Vanessa,Silva,1989-09-06,36,1,Publica,8,Noite,5
4634,Rodrigo,Oliveira,1985-06-24,40,1,Particular,3,Noite,2
4635,Ana,Oliveira,2004-03-21,21,1,Particular,4,Tarde,1
4636,Bruno,Santos,1997-03-27,28,0,Particular,3,Manha,6
4637,Felipe,Almeida,1991-01-03,34,0,Particular,4,Manha,6
4638,Ana,Costa,2006-05-25,19,0,Particular,8,Tarde,3
4639,Vanessa,Lima,2002-11-14,23,0,Particular,2,Manha,4
4640,Ana,Lima,1980-12-28,45,1,Publica,3,Noite,5
4641,Gabriel,Pereira,2000-04-22,25,1,Particular,8,Noite,6
4642,Beatriz,Almeida,2005-07-09,20,1,Particular,2,Manha,6
4643,Larissa,Pereira,1985-03-01,40,0,Particular,7,Tarde,6
4644,Mariana,Nascimento,1998-11-24,27,1,Publica,4,Noite,1
4645,Julia,Lima,2001-07-02,24,1,Publica,5,Tarde,1
4646,Felipe,Lima,1986-09-24,39,0,Publica,2,Tarde,2
4647,Ana,Rodrigues,2002-03-16,23,1,Particular,2,Manha,2
4648,Beatriz,Silva,1991-07-20,34,1,Particular,3,Tarde,6
4649,Eduardo,Oliveira,1999-05-03,26,0,Publica,6,Manha,5
4650,Rodrigo,Lima,2004-09-13,21,0,Publica,2,Manha,4
4651,Pedro,Nascimento,2003-03-07,22,1,Publica,4,Tarde,5
4652,Rodrigo,Santos,1997-11-17,28,1,Particular,5,Manha,4
4653,Lucas,Costa,1985-07-28,40,1,Particular,7,Manha,5
4654,Lucas,Nascimento,1982-11-17,43,0,Particular,4,Noite,3
4655,Rafael,Nascimento,1995-10-16,30,1,Particular,5,Manha,1
4656,Rodrigo,Silva,1982-09-28,43,1,Particular,8,Manha,5
4657,Carlos,Souza,1983-03-13,42,1,Particular,5,Tarde,1
4658,Rafael,Pereira,2001-04-04,24,0,Publica,8,Noite,1
4659,Ana,Rodrigues,1985-12-08,40,0,Particular,6,Noite,5
4660,Lucas,Lima,1990-10-26,35,0,Publica,7,Manha,1
4661,Julia,Oliveira,1991-03-28,34,1,Publica,7,Manha,5
4662,Rafael,Nascimento,1991-04-04,34,0,Publica,2,Tarde,5
4663,Bruno,Souza,1987-07-28,38,0,Publica,4,Noite,6
4664,Lucas,Costa,2001-08-02,24,0,Publica,2,Noite,3
4665,Lucas,Rodrigues,1992-10-13,33,0,Publica,7,Manha,4
4666,Mariana,Almeida,1985-01-21,40,1,Particular,1,Noite,6
4667,Felipe,Costa,2002-11-12,23,0,Publica,4,Tarde,1
4668,Felipe,Pereira,1993-03-11,32,0,Publica,5,Noite,3
4669,Julia,Almeida,1987-01-12,38,0,Particular,2,Manha,2
4670,Rafael,Nascimento,1992-08-07,33,0,Publica,5,Manha,4
4671,Julia,Costa,1990-10-21,35,1,Particular,6,Manha,2
4672,Carlos,Oliveira,1987-11-17,38,1,Particular,5,Manha,2
4673,Eduardo,Santos,1996-01-23,29,0,Publica,5,Manha,4
4674,Felipe,Almeida,1991-01-03,34,1,Particular,4,Noite,1
4675,Larissa,Santos,1980-01-08,45,1,Particular,6,Noite,6
4676,Larissa,Rodrigues,2000-03-02,25,0,Publica,1,Manha,2
4677,Rafael,Souza,1992-06-04,33,0,Particular,1,Noite,1
4678,Camila,Silva,1994-06-04,31,0,Particular,8,Tarde,6
4679,Ana,Rodrigues,1992-02-13,33,0,Publica,5,Manha,6
4680,Camila,Oliveira,1997-12-28,28,1,Publica,1,Manha,1
4681,Vanessa,Almeida,1982-01-27,43,0,Particular,6,Manha,3
4682,Larissa,Rodrigues,1982-05-10,43,0,Particular,2,Noite,5
4683,Fernanda,Santos,1986-02-28,39,1,Particular,6,Tarde,1
4684,Rafael,Pereira,2000-10-01,25,1,Particular,5,Tarde,2
4685,Larissa,Rodrigues,1984-08-23,41,0,Particular,4,Tarde,6
4686,Rafael,Nascimento,1980-10-17,45,0,Particular,6,Manha,6
4687,Pedro,Oliveira,2001-05-15,24,0,Publica,4,Tarde,1
4688,Fernanda,Souza,1995-01-26,30,1,Publica,3,Manha,3
4689,Bruno,Santos,1986-11-22,39,0,Publica,5,Noite,1
4690,Larissa,Pereira,1985-09-01,40,1,Particular,2,Tarde,3
4691,Ana,Souza,1992-04-15,33,0,Particular,5,Noite,2
4692,André,Costa,1999-04-07,26,1,Publica,1,Noite,2
4693,Camila,Oliveira,1983-03-26,42,0,Particular,5,Tarde,3
4694,Patrícia,Oliveira,1988-08-18,37,1,Particular,3,Tarde,1
4695,Camila,Silva,2003-11-03,22,1,Publica,3,Tarde,4
4696,Eduardo,Nascimento,1985-09-14,40,0,Publica,3,Noite,3
4697,Julia,Rodrigues,1987-09-22,38,0,Particular,6,Manha,1
4698,Gabriel,Lima,2004-07-11,21,0,Publica,1,Tarde,2
4699,Eduardo,Silva,1990-04-01,35,1,Particular,4,Manha,6
4700,Rafael,Costa,1997-09-10,28,0,Publica,7,Noite,4
4701,Larissa,Nascimento,1984-12-23,41,0,Publica,1,Tarde,1
4702,Julia,Nascimento,1994-01-20,31,1,Particular,5,Tarde,3
4703,Ana,Oliveira,1998-02-10,27,0,Particular,7,Tarde,2
4704,Beatriz,Souza,2004-12-21,21,1,Particular,7,Tarde,4
4705,Renata,Almeida,1999-03-19,26,1,Publica,7,Manha,2
4706,Beatriz,Pereira,1988-04-16,37,0,Publica,2,Noite,6
4707,Bruno,Oliveira,1992-06-22,33,0,Particular,2,Noite,2
4708,Beatriz,Silva,1994-07-17,31,0,Publica,8,Tarde,6
4709,Felipe,Silva,1991-12-21,34,0,Publica,8,Manha,2
4710,Mariana,Costa,1993-12-08,32,1,Particular,4,Tarde,2
4711,Lucas,Costa,1982-09-09,43,0,Particular,2,Manha,3
4712,Julia,Oliveira,2003-09-05,22,1,Publica,2,Manha,6
4713,Patrícia,Oliveira,1985-01-15,40,0,Particular,8,Noite,4
4714,Bruno,Rodrigues,1983-05-27,42,1,Particular,7,Tarde,4
4715,Lucas,Souza,2004-07-17,21,1,Publica,7,Tarde,2
4716,Ana,Silva,1997-11-17,28,1,Publica,4,Manha,1
4717,Vanessa,Santos,1995-09-24,30,0,Particular,6,Tarde,1
4718,Pedro,Souza,1996-11-20,29,0,Publica,5,Tarde,4
4719,Rodrigo,Lima,2005-03-14,20,0,Particular,4,Tarde,6
4720,Ana,Lima,1994-04-25,31,1,Publica,2,Tarde,5
4721,Lucas,Lima,1982-04-15,43,0,Publica,4,Noite,6
4722,Pedro,Santos,1980-11-08,45,0,Publica,5,Noite,1
4723,Felipe,Rodrigues,1995-07-09,30,0,Particular,4,Noite,6
4724,Vanessa,Souza,1986-04-24,39,1,Publica,3,Noite,4
4725,Rodrigo,Souza,1991-06-07,34,0,Particular,4,Manha,2
4726,Carlos,Oliveira,1995-02-14,30,0,Publica,4,Noite,3
4727,André,Lima,1994-07-01,31,0,Particular,5,Noite,1
4728,Mariana,Oliveira,2002-11-09,23,0,Publica,6,Noite,1
4729,Eduardo,Souza,1993-08-18,32,0,Publica,4,Tarde,5
4730,Eduardo,Lima,1990-11-19,35,0,Publica,3,Manha,4
4731,Pedro,Oliveira,1998-06-08,27,1,Publica,7,Noite,5
4732,Carlos,Pereira,1981-08-06,44,1,Particular,2,Noite,1
4733,Larissa,Pereira,1987-01-27,38,1,Particular,1,Manha,6
4734,Larissa,Almeida,1981-02-09,44,0,Publica,1,Tarde,3
4735,Julia,Pereira,1981-09-07,44,1,Publica,5,Noite,4
4736,Vanessa,Santos,1992-03-07,33,1,Particular,2,Tarde,2
4737,André,Almeida,1993-01-23,32,1,Publica,6,Noite,1
4738,Felipe,Lima,1998-10-02,27,1,Particular,8,Tarde,1
4739,Renata,Lima,1988-11-08,37,1,Particular,4,Noite,2
4740,Camila,Oliveira,2004-02-28,21,1,Particular,4,Tarde,4
4741,Patrícia,Almeida,1996-06-19,29,0,Particular,6,Noite,2
4742,Julia,Lima,2001-09-23,24,0,Particular,5,Tarde,5
4743,Carlos,Nascimento,1992-01-10,33,0,Particular,5,Tarde,1
4744,Bruno,Oliveira,1995-11-02,30,0,Publica,8,Noite,2
4745,Renata,Lima,1997-02-13,28,0,Publica,4,Tarde,6
4746,Beatriz,Pereira,1998-05-01,27,0,Publica,5,Manha,4
4747,Julia,Pereira,1993-10-27,32,0,Particular,6,Tarde,1
4748,Rodrigo,Oliveira,2004-02-20,21,1,Publica,8,Noite,6
4749,Eduardo,Costa,2001-02-08,24,0,Particular,1,Manha,6
4750,Camila,Nascimento,1989-03-12,36,0,Publica,7,Tarde,4
4751,Camila,Santos,1995-05-17,30,1,Publica,3,Noite,1
4752,André,Silva,2005-06-13,20,0,Particular,6,Tarde,2
4753,Julia,Silva,1998-07-01,27,0,Particular,7,Manha,4
4754,Bruno,Costa,1982-08-13,43,1,Publica,3,Tarde,3
4755,Larissa,Nascimento,1994-12-19,31,0,Publica,5,Manha,2
4756,Renata,Almeida,1990-08-11,35,1,Particular,7,Manha,4
4757,Pedro,Pereira,1993-01-12,32,0,Publica,3,Noite,3
4758,Renata,Oliveira,1992-12-02,33,0,Particular,6,Noite,5
4759,Pedro,Souza,1989-11-01,36,0,Particular,4,Tarde,5
4760,Fernanda,Santos,1983-03-26,42,1,Publica,4,Tarde,5
4761,Gabriel,Pereira,2000-12-20,25,0,Publica,5,Tarde,2
4762,Gabriel,Souza,2005-04-09,20,1,Particular,8,Noite,5
4763,Rafael,Almeida,1985-06-13,40,1,Particular,3,Manha,1
4764,Beatriz,Oliveira,1991-08-28,34,0,Particular,2,Noite,6
4765,Julia,Silva,1989-02-08,36,1,Particular,8,Tarde,4
4766,Renata,Santos,2005-10-22,20,0,Publica,3,Tarde,5
4767,Patrícia,Costa,1994-02-19,31,1,Particular,6,Tarde,4
4768,Gabriel,Silva,2006-10-10,19,1,Particular,1,Manha,5
4769,Fernanda,Costa,1997-12-17,28,0,Particular,8,Tarde,5
4770,Julia,Costa,2001-07-13,24,1,Particular,7,Noite,5
4771,Renata,Silva,1996-08-17,29,1,Publica,2,Tarde,1
4772,Bruno,Nascimento,1981-12-24,44,1,Publica,5,Tarde,3
4773,Fernanda,Pereira,1994-01-15,31,0,Particular,5,Tarde,3
4774,André,Lima,1993-02-02,32,1,Particular,8,Noite,2
4775,Fernanda,Silva,1994-06-03,31,0,Publica,5,Tarde,1
4776,André,Lima,1985-09-01,40,0,Particular,7,Noite,5
4777,Rafael,Lima,2000-11-12,25,1,Particular,8,Manha,6
4778,Camila,Silva,1983-04-19,42,0,Publica,6,Tarde,4
4779,Fernanda,Oliveira,2006-04-03,19,1,Particular,2,Noite,4
4780,Felipe,Oliveira,2003-08-24,22,1,Publica,7,Manha,2
4781,Beatriz,Lima,1983-04-01,42,0,Publica,7,Manha,3
4782,Fernanda,Silva,1999-05-13,26,1,Particular,5,Noite,4
4783,Ana,Santos,1987-07-10,38,1,Publica,5,Noite,6
4784,Fernanda,Souza,1984-02-21,41,1,Particular,3,Manha,5
4785,Lucas,Pereira,1996-10-08,29,1,Publica,1,Manha,6
4786,Rafael,Santos,1987-07-11,38,0,Particular,6,Tarde,5
4787,Renata,Oliveira,1999-01-02,26,0,Publica,4,Manha,1
4788,Mariana,Rodrigues,1980-05-04,45,1,Particular,6,Noite,6
4789,Mariana,Almeida,1993-09-14,32,0,Publica,8,Tarde,6
4790,Carlos,Costa,1987-06-14,38,1,Publica,1,Manha,5
4791,Fernanda,Santos,1994-07-13,31,0,Particular,3,Noite,6
4792,Ana,Oliveira,1989-02-01,36,0,Publica,5,Manha,6
4793,Beatriz,Pereira,2000-07-12,25,0,Publica,5,Noite,4
4794,Camila,Rodrigues,1993-12-03,32,0,Publica,4,Noite,3
4795,Patrícia,Pereira,1993-05-10,32,0,Publica,3,Noite,5
4796,Pedro,Costa,2006-06-07,19,1,Particular,3,Tarde,6
4797,Mariana,Lima,2001-07-26,24,0,Particular,2,Manha,5
4798,Patrícia,Santos,1982-04-24,43,1,Publica,8,Noite,3
4799,Rodrigo,Santos,1980-06-23,45,0,Particular,1,Tarde,6
4800,Fernanda,Oliveira,2002-06-03,23,0,Publica,7,Noite,1
4801,Julia,Souza,1999-12-12,26,1,Publica,8,Manha,3
4802,Rafael,Costa,1983-06-18,42,1,Particular,5,Manha,5
4803,Fernanda,Pereira,1997-01-23,28,1,Particular,1,Manha,5
4804,Carlos,Souza,1998-06-02,27,1,Particular,4,Manha,3
4805,Eduardo,Silva,1981-04-25,44,1,Publica,3,Noite,5
4806,Felipe,Pereira,1980-06-22,45,1,Particular,6,Noite,4
4807,Rodrigo,Rodrigues,1999-08-12,26,1,Particular,8,Noite,6
4808,Carlos,Nascimento,1987-10-19,38,1,Publica,2,Manha,5
4809,Julia,Lima,1996-09-12,29,1,Particular,3,Noite,1
4810,Patrícia,Pereira,2003-09-08,22,1,Publica,1,Noite,1
4811,Camila,Nascimento,2004-11-17,21,1,Particular,1,Tarde,3
4812,Larissa,Pereira,2001-06-22,24,1,Particular,1,Manha,2
4813,Julia,Lima,2005-11-17,20,1,Particular,8,Tarde,1
4814,Gabriel,Silva,1995-06-22,30,0,Publica,5,Tarde,5
4815,André,Rodrigues,1986-10-01,39,1,Particular,5,Tarde,4
4816,Eduardo,Pereira,1981-03-10,44,1,Particular,1,Noite,4
4817,Lucas,Nascimento,1995-02-18,30,0,Publica,2,Manha,1
4818,Felipe,Almeida,1985-10-22,40,0,Particular,5,Manha,4
4819,Felipe,Oliveira,2001-07-09,24,1,Publica,1,Tarde,6
4820,Bruno,Pereira,1994-06-14,31,1,Publica,1,Noite,2
4821,Carlos,Silva,2000-01-03,25,1,Publica,4,Manha,1
4822,Mariana,Nascimento,1981-01-27,44,1,Particular,2,Noite,4
4823,Fernanda,Costa,1981-09-13,44,0,Particular,3,Noite,6
4824,Lucas,Oliveira,1995-03-07,30,0,Particular,7,Noite,3
4825,Patrícia,Souza,1981-07-02,44,1,Publica,7,Tarde,6
4826,André,Almeida,1996-09-20,29,0,Publica,5,Manha,5
4827,Rafael,Silva,1994-03-26,31,0,Particular,8,Noite,5
4828,Lucas,Souza,1994-01-24,31,1,Particular,5,Tarde,6
4829,Camila,Lima,2000-06-15,25,1,Particular,1,Manha,6
4830,Felipe,Almeida,2003-06-21,22,1,Particular,2,Manha,5
4831,André,Lima,1989-09-23,36,1,Particular,3,Manha,1
4832,Pedro,Santos,2006-04-07,19,1,Publica,1,Tarde,5
4833,Rafael,Almeida,1981-01-01,44,0,Particular,8,Tarde,3
4834,Patrícia,Santos,1986-12-25,39,1,Particular,2,Tarde,2
4835,Bruno,Souza,1983-08-28,42,0,Publica,1,Manha,3
4836,Lucas,Almeida,2005-03-13,20,0,Publica,1,Noite,1
4837,Vanessa,Silva,1997-12-17,28,1,Publica,2,Manha,3
4838,Pedro,Rodrigues,2002-04-02,23,1,Particular,8,Tarde,2
4839,Lucas,Pereira,1994-02-23,31,1,Publica,1,Noite,5
4840,André,Oliveira,1993-04-12,32,0,Publica,6,Manha,4
4841,Beatriz,Almeida,1983-02-01,42,1,Publica,7,Noite,4
4842,Fernanda,Oliveira,2003-05-04,22,1,Particular,4,Tarde,5
4843,Larissa,Lima,1998-06-07,27,1,Particular,3,Tarde,2
4844,Patrícia,Almeida,1992-09-19,33,1,Particular,4,Noite,5
4845,Julia,Oliveira,2000-07-02,25,0,Publica,4,Noite,4
4846,Lucas,Rodrigues,2001-12-01,24,1,Publica,8,Noite,1
4847,Julia,Nascimento,1999-07-24,26,0,Publica,4,Manha,6
4848,Patrícia,Almeida,1984-06-23,41,1,Publica,2,Tarde,6
4849,Beatriz,Costa,2005-09-25,20,1,Publica,7,Manha,6
4850,Felipe,Pereira,1997-12-25,28,0,Particular,7,Tarde,1
4851,Rafael,Nascimento,1997-01-12,28,0,Publica,5,Manha,3
4852,Felipe,Costa,1990-07-17,35,0,Particular,8,Noite,6
4853,Pedro,Almeida,1984-05-23,41,1,Publica,7,Tarde,4
4854,Lucas,Lima,1995-12-10,30,0,Publica,7,Tarde,4
4855,Mariana,Nascimento,2000-04-05,25,1,Publica,5,Noite,4
4856,Eduardo,Pereira,1998-06-04,27,1,Publica,1,Noite,3
4857,Fernanda,Lima,2005-03-13,20,0,Particular,8,Manha,2
4858,Gabriel,Santos,1996-02-05,29,1,Particular,7,Manha,3
4859,Pedro,Souza,1999-08-28,26,1,Particular,8,Tarde,3
4860,Gabriel,Rodrigues,1992-10-13,33,1,Publica,7,Noite,2
4861,André,Santos,1982-08-04,43,0,Particular,3,Noite,5
4862,Camila,Rodrigues,2000-08-01,25,1,Publica,1,Tarde,4
4863,Camila,Lima,1981-08-14,44,1,Particular,8,Noite,3
4864,Carlos,Lima,2001-04-04,24,0,Particular,7,Manha,4
4865,Carlos,Santos,1999-05-18,26,0,Publica,5,Tarde,2
4866,Vanessa,Lima,1983-07-28,42,0,Publica,6,Manha,3
4867,André,Oliveira,2002-06-10,23,1,Publica,5,Manha,1
4868,Rafael,Souza,1989-11-25,36,1,Publica,2,Noite,2
4869,Bruno,Lima,1988-05-18,37,0,Publica,3,Tarde,4
4870,Gabriel,Almeida,1995-12-04,30,1,Particular,6,Manha,5
4871,Eduardo,Souza,2001-08-10,24,1,Particular,5,Manha,5
4872,Carlos,Silva,2005-09-20,20,0,Publica,1,Tarde,3
4873,Eduardo,Nascimento,2004-07-11,21,1,Publica,3,Noite,5
4874,André,Oliveira,1988-06-05,37,1,Particular,8,Manha,5
4875,Gabriel,Costa,1997-07-11,28,1,Publica,7,Manha,1
4876,Bruno,Nascimento,1997-01-22,28,0,Publica,1,Noite,2
4877,Rafael,Santos,1986-08-18,39,0,Particular,8,Noite,2
4878,Rafael,Costa,1980-08-03,45,0,Publica,7,Noite,6
4879,Gabriel,Costa,2002-10-15,23,1,Particular,3,Manha,3
4880,Julia,Santos,2002-02-19,23,0,Particular,1,Noite,2
4881,Mariana,Nascimento,2001-03-27,24,1,Publica,7,Manha,3
4882,Pedro,Nascimento,1985-12-13,40,0,Particular,5,Noite,3
4883,Renata,Souza,1981-10-05,44,0,Publica,6,Tarde,5
4884,Patrícia,Pereira,1996-11-08,29,1,Particular,4,Noite,5
4885,Felipe,Souza,2001-10-01,24,1,Particular,8,Tarde,2
4886,Gabriel,Nascimento,1993-02-09,32,0,Particular,2,Tarde,4
4887,Mariana,Silva,1985-08-20,40,0,Particular,6,Tarde,5
4888,Lucas,Lima,1999-02-16,26,0,Particular,6,Noite,3
4889,Fernanda,Nascimento,1988-01-27,37,0,Publica,7,Manha,5
4890,Camila,Lima,2006-01-16,19,0,Publica,1,Noite,6
4891,Bruno,Almeida,2005-01-03,20,1,Particular,4,Noite,6
4892,Patrícia,Santos,2001-03-22,24,0,Particular,6,Noite,3
4893,Vanessa,Silva,2002-12-18,23,1,Particular,1,Manha,1
4894,Vanessa,Souza,1984-04-13,41,0,Particular,3,Tarde,5
4895,Patrícia,Silva,1980-03-12,45,0,Publica,7,Noite,4
4896,Pedro,Rodrigues,2004-07-02,21,1,Particular,8,Manha,3
4897,Patrícia,Rodrigues,1994-07-08,31,0,Publica,6,Tarde,2
4898,Eduardo,Souza,2005-11-02,20,0,Particular,4,Tarde,6
4899,Fernanda,Souza,1996-01-27,29,1,Publica,1,Noite,2
4900,Carlos,Silva,1990-10-16,35,1,Particular,4,Manha,4
4901,Rodrigo,Almeida,1992-06-15,33,1,Particular,6,Manha,3
4902,Vanessa,Santos,1992-09-12,33,0,Particular,7,Tarde,5
4903,Vanessa,Pereira,2001-07-10,24,1,Publica,4,Manha,1
4904,Gabriel,Santos,1991-05-13,34,1,Particular,4,Manha,3
4905,Renata,Lima,1991-03-19,34,1,Particular,5,Tarde,1
4906,Julia,Rodrigues,1991-01-11,34,1,Publica,4,Tarde,1
4907,Renata,Santos,2000-02-28,25,0,Publica,7,Noite,1
4908,Rodrigo,Almeida,1991-11-20,34,1,Particular,5,Manha,2
4909,Carlos,Costa,2000-03-10,25,0,Particular,8,Noite,1
4910,Rodrigo,Silva,1983-12-23,42,1,Particular,8,Tarde,2
4911,Ana,Rodrigues,1997-10-01,28,1,Publica,8,Manha,3
4912,Felipe,Nascimento,2004-05-16,21,1,Publica,5,Tarde,4
4913,Rodrigo,Oliveira,1982-07-21,43,0,Particular,8,Tarde,3
4914,Vanessa,Silva,1997-05-07,28,0,Particular,6,Manha,6
4915,André,Nascimento,2003-01-21,22,0,Particular,4,Noite,1
4916,Felipe,Silva,1991-06-23,34,1,Particular,1,Manha,6
4917,Camila,Nascimento,1991-09-25,34,1,Particular,6,Tarde,5
4918,Gabriel,Oliveira,1996-02-08,29,0,Particular,4,Tarde,2
4919,Rodrigo,Costa,1991-10-10,34,0,Publica,4,Noite,3
4920,Renata,Pereira,1986-03-26,39,1,Publica,3,Tarde,3
4921,Patrícia,Souza,1983-07-06,42,1,Particular,4,Tarde,1
4922,Renata,Pereira,1996-07-07,29,0,Particular,1,Manha,2
4923,André,Rodrigues,2000-01-05,25,0,Publica,7,Manha,6
4924,Larissa,Costa,2006-05-09,19,0,Publica,5,Noite,4
4925,Gabriel,Oliveira,1986-04-24,39,1,Particular,5,Manha,6
4926,Mariana,Nascimento,2005-09-22,20,1,Publica,3,Tarde,2
4927,Bruno,Souza,1988-11-21,37,0,Particular,2,Tarde,2
4928,Felipe,Lima,1991-01-09,34,1,Particular,3,Tarde,1
4929,Carlos,Santos,1989-11-16,36,0,Publica,5,Manha,3
4930,Beatriz,Silva,2004-07-03,21,0,Publica,1,Manha,3
4931,Vanessa,Nascimento,1984-08-12,41,0,Publica,5,Manha,5
4932,Ana,Santos,1993-09-26,32,0,Publica,6,Tarde,3
4933,Beatriz,Lima,1991-10-18,34,0,Publica,5,Manha,5
4934,Fernanda,Lima,2005-07-19,20,0,Publica,6,Noite,3
4935,Beatriz,Costa,1996-01-15,29,0,Particular,7,Manha,5
4936,Ana,Rodrigues,1988-08-12,37,0,Publica,8,Tarde,1
4937,Larissa,Oliveira,1991-06-17,34,0,Particular,6,Noite,4
4938,Mariana,Pereira,1986-03-10,39,0,Publica,5,Manha,1
4939,Felipe,Costa,2002-02-19,23,0,Publica,7,Noite,4
4940,Carlos,Oliveira,2004-04-11,21,0,Publica,5,Noite,2
4941,Gabriel,Lima,1992-02-05,33,0,Publica,3,Noite,4
4942,Pedro,Silva,2002-03-21,23,1,Particular,5,Manha,2
4943,Renata,Pereira,1985-05-08,40,0,Publica,4,Noite,2
4944,Rafael,Silva,1983-04-05,42,1,Publica,3,Tarde,6
4945,Bruno,Silva,2000-10-27,25,1,Publica,4,Tarde,2
4946,Eduardo,Santos,1992-02-21,33,1,Particular,3,Noite,3
4947,Larissa,Almeida,2005-07-10,20,0,Particular,8,Noite,3
4948,Felipe,Souza,1988-01-18,37,0,Publica,8,Manha,5
4949,Felipe,Costa,1987-07-02,38,0,Particular,4,Manha,6
4950,Larissa,Almeida,2006-12-06,19,1,Publica,8,Noite,2
4951,Mariana,Nascimento,1984-05-11,41,1,Particular,8,Manha,5
4952,Pedro,Costa,1996-03-03,29,1,Particular,3,Noite,2
4953,Gabriel,Pereira,1996-04-07,29,0,Publica,6,Manha,6
4954,Carlos,Santos,1999-01-13,26,0,Particular,1,Noite,6
4955,Ana,Souza,1988-05-03,37,0,Particular,6,Manha,2
4956,Pedro,Santos,1992-08-22,33,0,Publica,4,Noite,6
4957,Ana,Rodrigues,1993-03-23,32,0,Publica,8,Tarde,1
4958,Beatriz,Santos,1997-12-28,28,0,Publica,8,Noite,6
4959,Renata,Souza,2003-10-01,22,1,Publica,1,Noite,6
4960,Camila,Lima,1995-06-19,30,1,Publica,3,Tarde,4
4961,Carlos,Pereira,2003-12-22,22,0,Publica,1,Tarde,1
4962,Julia,Lima,1993-10-27,32,1,Particular,7,Noite,4
4963,Patrícia,Santos,1985-12-20,40,0,Particular,4,Noite,3
4964,Camila,Silva,1997-11-25,28,1,Publica,3,Tarde,6
4965,Gabriel,Santos,2006-03-22,19,1,Particular,2,Manha,6
4966,Bruno,Santos,2003-07-06,22,1,Publica,3,Tarde,6
4967,Patrícia,Oliveira,2000-09-01,25,1,Publica,6,Noite,4
4968,Patrícia,Silva,1987-04-14,38,1,Publica,5,Tarde,2
4969,Rafael,Oliveira,1990-05-28,35,0,Publica,7,Noite,1
4970,Beatriz,Rodrigues,1981-12-22,44,0,Particular,2,Tarde,2
4971,Beatriz,Souza,1981-10-03,44,1,Particular,4,Noite,1
4972,Beatriz,Souza,2003-03-06,22,1,Publica,7,Tarde,5
4973,Fernanda,Almeida,1997-08-02,28,1,Particular,7,Tarde,3
4974,Rodrigo,Oliveira,2000-04-02,25,1,Publica,8,Noite,1
4975,Lucas,Silva,1983-03-10,42,1,Publica,6,Tarde,5
4976,Mariana,Souza,1983-12-17,42,1,Particular,1,Manha,3
4977,Renata,Souza,2006-01-22,19,0,Particular,3,Noite,2
4978,Pedro,Nascimento,1985-01-10,40,0,Publica,7,Tarde,1
4979,Julia,Pereira,1982-01-15,43,0,Particular,4,Manha,1
4980,Camila,Silva,1986-02-12,39,1,Particular,1,Tarde,4
4981,Felipe,Almeida,2005-06-21,20,0,Particular,2,Tarde,5
4982,Bruno,Souza,1990-07-01,35,1,Publica,5,Noite,2
4983,Patrícia,Silva,2001-03-03,24,1,Publica,7,Manha,1
4984,Julia,Souza,1982-12-14,43,0,Particular,2,Tarde,2
4985,Renata,Costa,1988-02-02,37,1,Publica,7,Tarde,1
4986,Patrícia,Pereira,1990-06-07,35,0,Publica,8,Manha,4
4987,Gabriel,Pereira,1980-08-05,45,1,Publica,5,Tarde,6
4988,Pedro,Silva,1997-09-14,28,0,Particular,3,Tarde,2
4989,Felipe,Silva,1983-11-01,42,0,Publica,2,Noite,3
4990,Rafael,Nascimento,1999-11-17,26,0,Publica,8,Noite,1
4991,Gabriel,Lima,1996-08-28,29,1,Publica,6,Noite,5
4992,Renata,Pereira,2005-06-09,20,0,Particular,6,Manha,2
4993,Larissa,Rodrigues,2000-03-16,25,0,Particular,7,Tarde,3
4994,Lucas,Silva,1990-02-25,35,0,Publica,8,Manha,3
4995,Rafael,Oliveira,1995-08-16,30,0,Particular,8,Tarde,5
4996,Rafael,Almeida,1980-09-23,45,0,Particular,1,Noite,5
4997,Bruno,Souza,2002-12-28,23,0,Publica,2,Tarde,4
4998,Rafael,Lima,1985-11-08,40,1,Particular,2,Noite,4
4999,Rafael,Souza,1994-03-19,31,1,Publica,3,Tarde,6
5000,Ana,Lima,1993-10-14,32,0,Publica,1,Noite,3
