id_fato,id_aluno,id_disciplina,id_curso,id_tempo,nota,aprovado,reprovado,faltas,presencas,freq_percent
1,3787,6,2,21,0.6,0,1,3,76,0.9620253164556962
2,4948,3,1,52,1.8,0,1,2,77,0.9746835443037974
3,3427,6,2,31,9.5,1,0,22,74,0.7708333333333334
4,168,4,1,80,7.9,1,0,13,75,0.8522727272727273
5,1918,5,2,55,4.0,0,1,13,75,0.8522727272727273
6,2458,1,4,38,6.3,1,0,21,74,0.7789473684210526
7,1961,1,4,70,2.1,0,1,23,81,0.7788461538461539
8,2953,3,1,97,8.3,1,0,11,51,0.8225806451612904
9,389,6,2,22,2.4,0,1,4,59,0.9365079365079365
10,2385,4,1,68,1.5,0,1,12,54,0.8181818181818182
11,4734,1,4,79,6.9,1,0,8,79,0.9080459770114943
12,2515,4,1,54,9.5,1,0,28,59,0.6781609195402298
13,770,6,2,71,0.4,0,1,26,52,0.6666666666666666
14,573,2,2,85,5.6,0,1,15,62,0.8051948051948052
15,3616,3,1,44,0.0,0,1,23,93,0.8017241379310345
16,2715,8,5,22,5.7,1,0,6,56,0.9032258064516129
17,567,11,3,30,5.5,1,0,25,60,0.7058823529411765
18,589,8,5,50,9.7,1,0,21,98,0.8235294117647058
19,1885,11,3,62,1.5,0,1,15,50,0.7692307692307693
20,2823,14,3,76,8.0,1,0,0,65,1.0
21,1568,6,2,79,6.9,1,0,3,50,0.9433962264150944
22,961,12,3,47,0.7,0,1,29,42,0.5915492957746479
23,249,10,4,77,9.7,1,0,3,51,0.9444444444444444
24,4832,9,6,24,9.8,1,0,26,57,0.6867469879518072
25,4283,15,5,56,0.9,0,1,21,45,0.6818181818181818
26,795,1,4,25,8.8,1,0,29,73,0.7156862745098039
27,216,8,5,60,8.7,1,0,2,43,0.9555555555555556
28,4833,2,2,22,0.6,0,1,21,56,0.7272727272727273
29,2798,14,3,87,5.8,1,0,16,70,0.813953488372093
30,4980,6,2,78,9.1,1,0,12,54,0.8181818181818182
31,4274,11,3,39,3.2,0,1,10,86,0.8958333333333334
32,2258,14,3,51,5.5,1,0,3,79,0.9634146341463414
33,3419,7,1,23,8.3,1,0,28,92,0.7666666666666667
34,388,1,4,25,8.7,1,0,7,65,0.9027777777777778
35,1611,8,5,100,8.7,1,0,26,62,0.7045454545454546
36,3920,15,5,97,8.1,1,0,16,44,0.7333333333333333
37,2714,2,2,89,5.4,1,0,22,40,0.6451612903225806
38,3731,8,5,70,2.3,0,1,24,67,0.7362637362637363
39,4313,3,1,53,0.6,0,1,22,93,0.808695652173913
40,2481,7,1,34,9.0,1,0,26,62,0.7045454545454546
41,2986,8,5,45,8.9,1,0,2,43,0.9555555555555556
42,360,15,5,18,9.9,1,0,27,67,0.7127659574468085
43,4577,10,4,91,4.4,0,1,27,100,0.7874015748031497
44,1497,8,5,41,4.4,0,1,2,57,0.9661016949152542
45,4288,10,4,9,1.8,0,1,11,62,0.8493150684931506
46,1077,10,4,13,6.8,1,0,11,52,0.8253968253968254
47,4989,14,3,64,5.7,1,0,8,68,0.8947368421052632
48,2061,1,4,9,6.7,1,0,23,96,0.8067226890756303
49,2735,9,6,83,4.1,0,1,29,66,0.6947368421052632
50,4312,14,3,37,9.3,1,0,26,50,0.6578947368421053
51,3643,13,6,21,3.6,0,1,10,94,0.9038461538461539
52,1387,14,3,68,1.9,0,1,25,86,0.7747747747747747
53,1221,5,2,4,8.1,1,0,4,52,0.9285714285714286
54,266,9,6,95,5.8,1,0,30,86,0.7413793103448276
55,599,3,1,21,8.8,1,0,23,77,0.77
56,2311,4,1,79,4.4,0,1,23,60,0.7228915662650602
57,297,2,2,7,1.5,0,1,28,82,0.7454545454545455
58,2023,10,4,39,1.2,0,1,21,48,0.6956521739130435
59,4829,1,4,8,8.8,1,0,9,42,0.8235294117647058
60,996,8,5,62,8.3,1,0,8,79,0.9080459770114943
61,800,10,4,23,9.3,1,0,6,48,0.8888888888888888
62,2423,10,4,48,8.2,1,0,3,40,0.9302325581395349
63,4838,12,3,55,8.9,1,0,26,85,0.7657657657657657
64,3699,1,4,88,8.0,1,0,28,58,0.6744186046511628
65,524,2,2,97,4.1,0,1,27,78,0.7428571428571429
66,1829,13,6,39,7.2,1,0,20,75,0.7894736842105263
67,3711,8,5,54,1.4,0,1,30,70,0.7
68,2236,12,3,50,4.4,0,1,6,98,0.9423076923076923
69,17,12,3,60,1.5,0,1,29,89,0.7542372881355932
70,3979,14,3,71,1.8,0,1,20,77,0.7938144329896907
71,1117,8,5,78,7.9,1,0,22,91,0.8053097345132744
72,456,7,1,95,5.1,1,0,8,100,0.9259259259259259
73,3224,5,2,23,5.3,1,0,30,55,0.6470588235294118
74,2467,6,2,85,4.4,0,1,12,52,0.8125
75,2993,9,6,94,4.6,0,1,3,45,0.9375
76,700,14,3,28,3.7,0,1,23,79,0.7745098039215687
77,1478,6,2,72,3.8,0,1,8,60,0.8823529411764706
78,3341,13,6,38,3.1,0,1,7,47,0.8703703703703703
79,1684,3,1,69,1.1,0,1,23,63,0.7325581395348837
80,3164,2,2,26,4.2,0,1,5,54,0.9152542372881356
81,1930,11,3,93,1.5,0,1,22,42,0.65625
82,2391,7,1,1,8.5,1,0,9,64,0.8767123287671232
83,3622,5,2,5,4.7,0,1,9,92,0.9108910891089109
84,4331,15,5,6,7.6,1,0,3,72,0.96
85,3914,10,4,80,6.0,1,0,3,90,0.967741935483871
86,3999,15,5,78,9.2,1,0,17,91,0.8425925925925926
87,2082,9,6,11,3.2,0,1,22,50,0.6944444444444444
88,4016,8,5,90,1.1,0,1,11,87,0.8877551020408163
89,1329,8,5,42,7.0,1,0,14,80,0.851063829787234
90,1675,13,6,55,0.8,0,1,26,55,0.6790123456790124
91,1535,1,4,39,0.6,0,1,27,93,0.775
92,3259,14,3,32,7.7,1,0,26,50,0.6578947368421053
93,1589,7,1,23,6.4,1,0,3,81,0.9642857142857143
94,4764,13,6,59,5.6,1,0,29,95,0.7661290322580645
95,652,13,6,14,7.9,1,0,6,41,0.8723404255319149
96,3890,4,1,54,3.9,0,1,25,88,0.7787610619469026
97,4912,12,3,52,4.6,0,1,3,77,0.9625
98,3602,10,4,56,7.9,1,0,19,68,0.7816091954022989
99,4295,2,2,49,1.7,0,1,12,71,0.8554216867469879
100,775,13,6,35,0.6,0,1,25,74,0.7474747474747475
101,1424,7,1,85,6.9,1,0,18,71,0.797752808988764
102,337,1,4,57,2.2,0,1,5,98,0.9514563106796117
103,910,13,6,18,4.5,0,1,21,86,0.8037383177570093
104,1152,2,2,46,1.2,0,1,19,91,0.8272727272727273
105,3639,15,5,84,9.6,1,0,19,93,0.8303571428571429
106,3303,13,6,20,4.6,0,1,3,90,0.967741935483871
107,3513,8,5,27,8.3,1,0,30,76,0.7169811320754716
108,1227,9,6,34,1.4,0,1,15,73,0.8295454545454546
109,3393,12,3,12,8.2,1,0,16,94,0.8545454545454545
110,2292,1,4,42,3.0,0,1,11,99,0.9
111,926,3,1,3,4.1,0,1,4,87,0.9560439560439561
112,3093,9,6,61,8.8,1,0,15,40,0.7272727272727273
113,872,5,2,35,6.2,1,0,27,93,0.775
114,4115,8,5,62,1.0,0,1,22,84,0.7924528301886793
115,3007,9,6,83,8.6,1,0,19,87,0.8207547169811321
116,1029,13,6,64,5.5,1,0,3,86,0.9662921348314607
117,1191,11,3,46,6.0,1,0,7,53,0.8833333333333333
118,4616,11,3,73,0.8,0,1,15,96,0.8648648648648649
119,4737,4,1,54,5.0,1,0,28,92,0.7666666666666667
120,2179,3,1,16,3.2,0,1,2,98,0.98
121,1095,12,3,51,0.7,0,1,0,77,1.0
122,543,12,3,18,5.3,1,0,4,70,0.9459459459459459
123,3991,6,2,49,6.6,1,0,11,52,0.8253968253968254
124,4972,10,4,72,7.0,1,0,15,67,0.8170731707317073
125,3827,4,1,21,4.2,0,1,27,92,0.773109243697479
126,2516,3,1,56,6.6,1,0,24,68,0.7391304347826086
127,3626,4,1,4,0.9,0,1,29,48,0.6233766233766234
128,1656,6,2,85,1.4,0,1,21,79,0.79
129,2194,4,1,37,0.4,0,1,29,69,0.7040816326530612
130,594,12,3,95,9.0,1,0,12,49,0.8032786885245902
131,3976,7,1,56,2.6,0,1,16,85,0.8415841584158416
132,2520,9,6,56,0.3,0,1,10,64,0.8648648648648649
133,2056,2,2,30,0.8,0,1,0,65,1.0
134,3292,7,1,100,0.4,0,1,4,79,0.9518072289156626
135,4064,3,1,79,3.0,0,1,3,52,0.9454545454545454
136,2906,14,3,53,0.1,0,1,18,43,0.7049180327868853
137,624,11,3,34,8.0,1,0,0,65,1.0
138,4543,2,2,8,8.8,1,0,20,61,0.7530864197530864
139,4864,14,3,96,3.6,0,1,0,53,1.0
140,3271,14,3,28,6.8,1,0,4,67,0.9436619718309859
141,1406,4,1,61,3.2,0,1,10,87,0.8969072164948454
142,2408,4,1,20,9.5,1,0,23,66,0.7415730337078652
143,83,3,1,62,5.6,1,0,28,64,0.6956521739130435
144,1494,5,2,8,3.8,0,1,22,73,0.7684210526315789
145,1677,8,5,43,6.0,1,0,8,85,0.9139784946236559
146,2921,9,6,62,8.5,1,0,1,91,0.9891304347826086
147,1182,4,1,97,0.2,0,1,20,90,0.8181818181818182
148,534,1,4,96,3.3,0,1,9,42,0.8235294117647058
149,184,7,1,58,9.4,1,0,3,63,0.9545454545454546
150,4299,7,1,64,6.1,1,0,21,48,0.6956521739130435
151,2351,12,3,3,6.3,1,0,15,84,0.8484848484848485
152,2239,14,3,13,3.2,0,1,27,81,0.75
153,3030,15,5,3,4.5,0,1,15,66,0.8148148148148148
154,2120,5,2,74,3.8,0,1,7,95,0.9313725490196079
155,4689,3,1,13,3.0,0,1,25,47,0.6527777777777778
156,4671,7,1,40,1.7,0,1,8,85,0.9139784946236559
157,506,14,3,37,7.7,1,0,12,63,0.84
158,2383,12,3,42,0.8,0,1,2,85,0.9770114942528736
159,3492,1,4,7,6.4,1,0,22,48,0.6857142857142857
160,1244,7,1,88,9.8,1,0,10,98,0.9074074074074074
161,3457,8,5,77,6.2,1,0,13,64,0.8311688311688312
162,1102,5,2,30,8.6,1,0,28,85,0.7522123893805309
163,797,15,5,60,7.9,1,0,21,44,0.676923076923077
164,2475,9,6,87,7.4,1,0,17,79,0.8229166666666666
165,3189,6,2,94,6.5,1,0,17,64,0.7901234567901234
166,847,5,2,53,6.1,1,0,21,92,0.8141592920353983
167,955,12,3,10,8.5,1,0,7,92,0.9292929292929293
168,3125,9,6,60,7.5,1,0,15,57,0.7916666666666666
169,739,3,1,23,7.1,1,0,15,67,0.8170731707317073
170,3979,1,4,87,2.5,0,1,9,99,0.9166666666666666
171,3886,13,6,10,5.4,1,0,18,58,0.7631578947368421
172,522,4,1,78,0.5,0,1,1,74,0.9866666666666667
173,429,9,6,53,1.4,0,1,23,73,0.7604166666666666
174,1897,6,2,94,7.0,1,0,20,70,0.7777777777777778
175,828,5,2,24,4.7,0,1,18,53,0.7464788732394366
176,687,10,4,11,7.3,1,0,29,85,0.7456140350877193
177,524,3,1,43,7.9,1,0,18,92,0.8363636363636363
178,2745,4,1,43,2.1,0,1,4,86,0.9555555555555556
179,2361,2,2,22,8.6,1,0,13,65,0.8333333333333334
180,1457,11,3,6,4.3,0,1,28,60,0.6818181818181818
181,3212,7,1,98,9.2,1,0,1,93,0.9893617021276596
182,29,12,3,20,5.2,1,0,10,90,0.9
183,2489,2,2,9,8.3,1,0,22,47,0.6811594202898551
184,1079,1,4,12,3.6,0,1,4,90,0.9574468085106383
185,3079,15,5,12,8.6,1,0,10,63,0.863013698630137
186,2084,12,3,20,4.6,0,1,29,84,0.7433628318584071
187,3654,11,3,12,6.5,1,0,2,97,0.9797979797979798
188,425,5,2,46,1.4,0,1,16,74,0.8222222222222222
189,3865,7,1,38,7.3,1,0,16,100,0.8620689655172413
190,4186,1,4,80,0.3,0,1,21,56,0.7272727272727273
191,2625,3,1,49,0.3,0,1,22,96,0.8135593220338984
192,896,12,3,95,5.0,1,0,11,93,0.8942307692307693
193,2403,12,3,95,3.8,0,1,3,95,0.9693877551020408
194,1655,8,5,19,8.2,1,0,17,46,0.7301587301587301
195,865,3,1,22,2.1,0,1,9,56,0.8615384615384616
196,4576,9,6,52,9.5,1,0,13,67,0.8375
197,4131,1,4,23,6.1,1,0,11,57,0.8382352941176471
198,4462,6,2,97,9.9,1,0,18,85,0.8252427184466019
199,4886,8,5,43,8.2,1,0,29,51,0.6375
200,3375,6,2,98,4.9,0,1,26,43,0.6231884057971014
201,2838,7,1,18,5.2,1,0,9,58,0.8656716417910447
202,1580,15,5,19,6.2,1,0,1,85,0.9883720930232558
203,4434,2,2,91,0.9,0,1,1,85,0.9883720930232558
204,4878,7,1,23,6.1,1,0,7,76,0.9156626506024096
205,2675,12,3,96,6.4,1,0,2,52,0.9629629629629629
206,3131,2,2,42,7.9,1,0,0,97,1.0
207,60,4,1,64,2.6,0,1,20,94,0.8245614035087719
208,4685,11,3,19,1.2,0,1,4,40,0.9090909090909091
209,3436,15,5,79,9.3,1,0,24,64,0.7272727272727273
210,299,1,4,89,7.2,1,0,14,94,0.8703703703703703
211,2687,8,5,12,3.6,0,1,25,97,0.7950819672131147
212,2708,7,1,18,9.9,1,0,6,76,0.926829268292683
213,2327,8,5,54,3.1,0,1,13,94,0.8785046728971962
214,516,12,3,37,8.3,1,0,14,72,0.8372093023255814
215,3065,10,4,90,8.7,1,0,21,86,0.8037383177570093
216,57,10,4,44,1.2,0,1,23,75,0.7653061224489796
217,238,10,4,41,6.0,1,0,24,43,0.6417910447761194
218,2935,7,1,3,8.5,1,0,26,48,0.6486486486486487
219,3193,14,3,52,7.6,1,0,4,86,0.9555555555555556
220,2787,12,3,13,0.5,0,1,3,63,0.9545454545454546
221,2033,1,4,66,4.7,0,1,1,55,0.9821428571428571
222,1859,1,4,21,2.8,0,1,15,99,0.868421052631579
223,3936,7,1,86,6.2,1,0,13,75,0.8522727272727273
224,4547,15,5,58,7.3,1,0,13,100,0.8849557522123894
225,2407,2,2,8,5.1,1,0,19,82,0.8118811881188119
226,544,1,4,61,6.6,1,0,28,76,0.7307692307692307
227,3555,8,5,22,1.8,0,1,24,73,0.7525773195876289
228,2775,6,2,15,3.4,0,1,20,68,0.7727272727272727
229,295,4,1,34,2.0,0,1,9,90,0.9090909090909091
230,4698,2,2,57,8.1,1,0,2,82,0.9761904761904762
231,410,1,4,30,6.5,1,0,30,61,0.6703296703296703
232,4034,11,3,6,3.3,0,1,17,54,0.7605633802816901
233,1797,15,5,83,8.0,1,0,26,77,0.7475728155339806
234,2301,4,1,81,4.9,0,1,15,63,0.8076923076923077
235,483,7,1,27,4.0,0,1,17,61,0.782051282051282
236,1710,10,4,80,8.6,1,0,22,100,0.819672131147541
237,1508,9,6,52,7.2,1,0,12,99,0.8918918918918919
238,4771,11,3,88,9.2,1,0,7,56,0.8888888888888888
239,656,2,2,47,1.4,0,1,13,57,0.8142857142857143
240,831,11,3,52,3.5,0,1,1,67,0.9852941176470589
241,2432,4,1,91,2.3,0,1,30,41,0.5774647887323944
242,2829,5,2,8,7.5,1,0,12,76,0.8636363636363636
243,3488,6,2,13,2.8,0,1,4,64,0.9411764705882353
244,4572,3,1,59,1.4,0,1,13,88,0.8712871287128713
245,2020,15,5,80,2.5,0,1,1,77,0.9871794871794872
246,1212,15,5,88,1.6,0,1,27,89,0.7672413793103449
247,595,2,2,61,4.7,0,1,11,62,0.8493150684931506
248,1573,7,1,63,2.4,0,1,22,70,0.7608695652173914
249,2384,3,1,9,1.0,0,1,4,46,0.92
250,4754,15,5,81,1.6,0,1,13,87,0.87
251,4928,15,5,31,4.2,0,1,18,77,0.8105263157894737
252,4058,1,4,61,1.9,0,1,19,79,0.8061224489795918
253,3039,6,2,13,2.3,0,1,0,91,1.0
254,1971,11,3,73,5.4,1,0,24,74,0.7551020408163265
255,4263,13,6,55,1.9,0,1,19,58,0.7532467532467533
256,823,3,1,29,0.1,0,1,25,70,0.7368421052631579
257,2915,7,1,98,4.5,0,1,10,55,0.8461538461538461
258,3814,12,3,63,0.4,0,1,12,56,0.8235294117647058
259,1275,3,1,47,4.1,0,1,16,89,0.8476190476190476
260,2981,2,2,56,0.3,0,1,6,47,0.8867924528301887
261,1265,2,2,100,6.2,1,0,2,59,0.9672131147540983
262,2170,3,1,95,1.9,0,1,29,45,0.6081081081081081
263,2554,6,2,36,0.6,0,1,4,70,0.9459459459459459
264,2227,2,2,44,2.5,0,1,8,51,0.864406779661017
265,1272,6,2,48,5.7,1,0,27,48,0.64
266,4091,2,2,80,1.8,0,1,20,40,0.6666666666666666
267,3853,5,2,36,0.8,0,1,3,58,0.9508196721311475
268,4244,7,1,21,6.1,1,0,21,85,0.8018867924528302
269,3989,9,6,25,9.8,1,0,20,72,0.782608695652174
270,2341,6,2,25,5.2,1,0,24,50,0.6756756756756757
271,4688,12,3,16,9.1,1,0,13,67,0.8375
272,469,14,3,35,7.0,1,0,28,84,0.75
273,225,12,3,75,5.6,1,0,29,54,0.6506024096385542
274,3465,9,6,94,4.5,0,1,2,70,0.9722222222222222
275,1187,2,2,48,6.9,1,0,17,95,0.8482142857142857
276,2165,11,3,60,9.6,1,0,9,56,0.8615384615384616
277,342,1,4,8,3.2,0,1,21,55,0.7236842105263158
278,739,11,3,21,1.3,0,1,22,92,0.8070175438596491
279,3420,5,2,75,9.7,1,0,7,49,0.875
280,3623,3,1,39,6.3,1,0,24,83,0.7757009345794392
281,2941,14,3,5,8.8,1,0,7,72,0.9113924050632911
282,4736,15,5,27,3.0,0,1,13,81,0.8617021276595744
283,2294,10,4,75,3.2,0,1,22,97,0.8151260504201681
284,1537,3,1,41,2.0,0,1,15,70,0.8235294117647058
285,2425,13,6,24,1.6,0,1,13,88,0.8712871287128713
286,3622,2,2,49,2.9,0,1,8,55,0.873015873015873
287,2818,2,2,37,3.6,0,1,9,86,0.9052631578947369
288,3315,3,1,50,0.4,0,1,10,54,0.84375
289,4123,6,2,46,3.5,0,1,16,61,0.7922077922077922
290,4683,10,4,13,7.3,1,0,27,80,0.7476635514018691
291,4337,10,4,98,9.1,1,0,7,99,0.9339622641509434
292,2194,8,5,59,6.8,1,0,8,57,0.8769230769230769
293,4729,6,2,72,3.3,0,1,22,78,0.78
294,860,2,2,97,8.6,1,0,26,44,0.6285714285714286
295,1828,15,5,7,8.1,1,0,26,53,0.6708860759493671
296,1187,12,3,11,9.0,1,0,3,94,0.9690721649484536
297,3497,2,2,98,7.8,1,0,20,97,0.8290598290598291
298,3707,7,1,18,3.6,0,1,2,88,0.9777777777777777
299,4708,8,5,27,8.4,1,0,3,80,0.963855421686747
300,247,3,1,82,6.6,1,0,16,80,0.8333333333333334
301,2036,4,1,13,1.4,0,1,10,99,0.908256880733945
302,1158,11,3,65,1.0,0,1,1,97,0.9897959183673469
303,3642,5,2,98,8.7,1,0,17,75,0.8152173913043478
304,4411,8,5,10,9.0,1,0,11,56,0.835820895522388
305,4284,5,2,5,2.7,0,1,7,95,0.9313725490196079
306,4556,15,5,7,0.6,0,1,29,64,0.6881720430107527
307,3352,7,1,43,5.2,1,0,20,44,0.6875
308,2577,14,3,27,6.2,1,0,30,64,0.6808510638297872
309,1276,3,1,31,7.7,1,0,29,79,0.7314814814814815
310,1728,7,1,36,7.7,1,0,18,62,0.775
311,2192,10,4,88,3.1,0,1,29,63,0.6847826086956522
312,4613,15,5,19,0.2,0,1,9,73,0.8902439024390244
313,4568,9,6,47,0.5,0,1,28,53,0.654320987654321
314,1232,6,2,60,6.0,1,0,13,51,0.796875
315,467,14,3,62,9.0,1,0,5,66,0.9295774647887324
316,4965,3,1,47,1.9,0,1,29,48,0.6233766233766234
317,326,10,4,79,6.5,1,0,13,49,0.7903225806451613
318,3704,15,5,18,3.4,0,1,1,71,0.9861111111111112
319,93,2,2,18,7.7,1,0,0,94,1.0
320,4505,5,2,6,4.8,0,1,29,98,0.7716535433070866
321,4251,9,6,21,1.3,0,1,15,48,0.7619047619047619
322,2560,9,6,42,5.9,1,0,7,96,0.9320388349514563
323,519,8,5,66,8.8,1,0,16,70,0.813953488372093
324,4138,14,3,85,9.3,1,0,6,57,0.9047619047619048
325,436,6,2,30,5.4,1,0,29,70,0.7070707070707071
326,3312,8,5,59,9.1,1,0,21,52,0.7123287671232876
327,3939,15,5,81,8.2,1,0,14,76,0.8444444444444444
328,3317,15,5,61,8.2,1,0,17,93,0.8454545454545455
329,321,4,1,53,4.4,0,1,3,85,0.9659090909090909
330,4711,15,5,74,5.8,1,0,21,65,0.7558139534883721
331,3025,14,3,5,0.9,0,1,6,61,0.9104477611940298
332,3958,9,6,19,9.6,1,0,6,80,0.9302325581395349
333,2227,15,5,79,7.4,1,0,29,42,0.5915492957746479
334,4442,4,1,40,0.5,0,1,4,64,0.9411764705882353
335,1154,10,4,48,6.8,1,0,12,59,0.8309859154929577
336,2531,2,2,35,5.4,1,0,15,90,0.8571428571428571
337,4015,8,5,82,2.9,0,1,18,86,0.8269230769230769
338,4639,5,2,16,5.0,1,0,7,64,0.9014084507042254
339,4223,13,6,93,0.1,0,1,18,92,0.8363636363636363
340,4308,15,5,68,9.1,1,0,23,43,0.6515151515151515
341,4802,13,6,25,1.7,0,1,14,78,0.8478260869565217
342,3195,5,2,38,7.2,1,0,24,95,0.7983193277310925
343,533,8,5,46,9.5,1,0,11,48,0.8135593220338984
344,2750,14,3,91,2.3,0,1,30,44,0.5945945945945946
345,1495,13,6,45,3.2,0,1,29,60,0.6741573033707865
346,231,15,5,4,7.6,1,0,6,43,0.8775510204081632
347,4458,10,4,89,8.0,1,0,29,52,0.6419753086419753
348,3897,14,3,53,0.5,0,1,5,70,0.9333333333333333
349,4247,8,5,8,9.5,1,0,30,95,0.76
350,2048,3,1,15,8.4,1,0,10,95,0.9047619047619048
351,4104,13,6,27,6.3,1,0,6,42,0.875
352,1615,12,3,80,1.3,0,1,26,62,0.7045454545454546
353,4299,12,3,55,4.7,0,1,8,54,0.8709677419354839
354,3151,1,4,38,5.0,1,0,19,73,0.7934782608695652
355,4266,4,1,31,3.9,0,1,23,75,0.7653061224489796
356,936,15,5,57,7.3,1,0,10,40,0.8
357,3551,15,5,6,6.9,1,0,9,85,0.9042553191489362
358,3808,2,2,69,8.0,1,0,16,40,0.7142857142857143
359,3194,11,3,80,6.4,1,0,11,44,0.8
360,1905,2,2,75,1.2,0,1,24,57,0.7037037037037037
361,1339,10,4,53,4.5,0,1,6,89,0.9368421052631579
362,128,8,5,33,3.9,0,1,25,75,0.75
363,3188,12,3,27,5.4,1,0,12,58,0.8285714285714286
364,3186,14,3,10,0.6,0,1,23,69,0.75
365,4494,12,3,97,1.0,0,1,14,69,0.8313253012048193
366,4927,5,2,80,1.2,0,1,13,60,0.821917808219178
367,2621,9,6,79,5.5,1,0,4,54,0.9310344827586207
368,4911,2,2,53,7.2,1,0,15,42,0.7368421052631579
369,2407,10,4,13,2.8,0,1,20,47,0.7014925373134329
370,4275,15,5,98,8.0,1,0,13,94,0.8785046728971962
371,1048,4,1,31,9.0,1,0,17,93,0.8454545454545455
372,1939,2,2,52,5.0,1,0,18,43,0.7049180327868853
373,286,4,1,58,1.4,0,1,26,83,0.7614678899082569
374,2514,11,3,63,8.7,1,0,23,82,0.780952380952381
375,4790,11,3,33,1.2,0,1,19,62,0.7654320987654321
376,708,4,1,7,4.9,0,1,10,63,0.863013698630137
377,1206,10,4,5,6.3,1,0,6,62,0.9117647058823529
378,1385,11,3,3,9.6,1,0,29,70,0.7070707070707071
379,280,14,3,71,2.0,0,1,21,48,0.6956521739130435
380,1272,7,1,31,8.0,1,0,0,100,1.0
381,1686,1,4,64,5.0,1,0,24,54,0.6923076923076923
382,4072,2,2,83,4.1,0,1,8,49,0.8596491228070176
383,4969,5,2,100,7.3,1,0,3,49,0.9423076923076923
384,2892,11,3,63,6.1,1,0,17,82,0.8282828282828283
385,1007,14,3,89,1.7,0,1,6,90,0.9375
386,962,11,3,54,9.8,1,0,26,52,0.6666666666666666
387,422,9,6,92,6.1,1,0,5,83,0.9431818181818182
388,3046,7,1,31,8.9,1,0,2,45,0.9574468085106383
389,2392,15,5,3,8.6,1,0,23,46,0.6666666666666666
390,2865,4,1,7,9.9,1,0,25,40,0.6153846153846154
391,2317,1,4,21,4.6,0,1,13,44,0.7719298245614035
392,3824,15,5,63,5.5,1,0,3,50,0.9433962264150944
393,4201,10,4,32,2.5,0,1,7,57,0.890625
394,3057,5,2,18,6.6,1,0,24,86,0.7818181818181819
395,1684,11,3,85,0.9,0,1,15,83,0.8469387755102041
396,4091,9,6,15,9.3,1,0,5,91,0.9479166666666666
397,916,12,3,36,9.5,1,0,15,66,0.8148148148148148
398,2975,11,3,56,3.4,0,1,26,41,0.6119402985074627
399,3914,7,1,20,0.7,0,1,8,96,0.9230769230769231
400,989,7,1,28,8.7,1,0,1,83,0.9880952380952381
401,1140,2,2,37,1.9,0,1,29,41,0.5857142857142857
402,3091,11,3,16,1.2,0,1,8,96,0.9230769230769231
403,568,1,4,96,9.9,1,0,30,58,0.6590909090909091
404,2635,6,2,65,1.9,0,1,0,83,1.0
405,4692,5,2,97,0.6,0,1,4,90,0.9574468085106383
406,2216,5,2,46,1.2,0,1,3,78,0.9629629629629629
407,2518,14,3,53,3.3,0,1,25,69,0.7340425531914894
408,21,10,4,20,2.2,0,1,16,82,0.8367346938775511
409,3859,10,4,67,8.2,1,0,25,100,0.8
410,1500,11,3,29,1.7,0,1,23,93,0.8017241379310345
411,1998,12,3,49,9.7,1,0,14,93,0.8691588785046729
412,201,10,4,71,5.7,1,0,11,53,0.828125
413,2443,3,1,46,6.9,1,0,2,71,0.9726027397260274
414,492,2,2,25,8.1,1,0,10,72,0.8780487804878049
415,4371,14,3,12,6.8,1,0,3,63,0.9545454545454546
416,3065,15,5,98,9.3,1,0,4,56,0.9333333333333333
417,4581,10,4,80,2.5,0,1,0,96,1.0
418,4138,8,5,16,2.0,0,1,24,46,0.6571428571428571
419,3312,2,2,72,5.2,1,0,0,59,1.0
420,564,2,2,90,10.0,1,0,28,95,0.7723577235772358
421,537,11,3,17,3.9,0,1,1,77,0.9871794871794872
422,38,7,1,89,1.2,0,1,22,90,0.8035714285714286
423,1121,12,3,74,7.8,1,0,12,70,0.8536585365853658
424,2192,7,1,91,5.9,1,0,14,72,0.8372093023255814
425,207,4,1,37,5.7,1,0,6,46,0.8846153846153846
426,3570,13,6,30,7.2,1,0,6,84,0.9333333333333333
427,2490,9,6,31,3.7,0,1,14,59,0.8082191780821918
428,4721,1,4,70,3.4,0,1,9,96,0.9142857142857143
429,3995,2,2,63,4.4,0,1,10,61,0.8591549295774648
430,3359,5,2,67,5.8,1,0,12,56,0.8235294117647058
431,1931,3,1,20,7.1,1,0,24,65,0.7303370786516854
432,4811,7,1,30,1.1,0,1,17,100,0.8547008547008547
433,825,6,2,69,6.0,1,0,13,40,0.7547169811320755
434,4805,10,4,26,7.0,1,0,20,80,0.8
435,1307,7,1,26,2.5,0,1,1,78,0.9873417721518988
436,1227,7,1,21,0.2,0,1,9,72,0.8888888888888888
437,1107,5,2,3,1.1,0,1,29,62,0.6813186813186813
438,1191,2,2,58,7.7,1,0,17,47,0.734375
439,416,2,2,85,5.2,1,0,19,68,0.7816091954022989
440,1954,12,3,27,6.9,1,0,5,58,0.9206349206349206
441,3910,2,2,44,6.6,1,0,10,75,0.8823529411764706
442,4796,10,4,78,7.0,1,0,12,89,0.8811881188118812
443,3896,15,5,30,6.1,1,0,6,46,0.8846153846153846
444,3177,10,4,58,7.8,1,0,26,73,0.7373737373737373
445,838,9,6,100,7.8,1,0,11,81,0.8804347826086957
446,4376,5,2,5,4.6,0,1,25,94,0.7899159663865546
447,2369,4,1,11,5.7,1,0,29,99,0.7734375
448,4498,6,2,81,4.5,0,1,6,57,0.9047619047619048
449,3232,10,4,97,9.4,1,0,16,96,0.8571428571428571
450,3567,12,3,60,3.4,0,1,17,92,0.8440366972477065
451,4872,8,5,8,0.9,0,1,10,85,0.8947368421052632
452,2350,15,5,20,8.9,1,0,4,100,0.9615384615384616
453,4040,1,4,80,9.6,1,0,23,94,0.8034188034188035
454,3013,6,2,61,4.6,0,1,20,91,0.8198198198198198
455,1284,1,4,7,7.2,1,0,22,54,0.7105263157894737
456,3400,13,6,71,8.1,1,0,23,89,0.7946428571428571
457,4882,1,4,71,5.8,1,0,8,54,0.8709677419354839
458,2568,15,5,92,7.5,1,0,7,93,0.93
459,4463,3,1,5,1.0,0,1,15,71,0.8255813953488372
460,3384,8,5,90,0.8,0,1,27,90,0.7692307692307693
461,4683,5,2,84,9.8,1,0,23,44,0.6567164179104478
462,569,6,2,29,6.3,1,0,30,79,0.7247706422018348
463,883,3,1,90,4.9,0,1,1,91,0.9891304347826086
464,3643,4,1,50,4.0,0,1,1,66,0.9850746268656716
465,1240,8,5,17,2.6,0,1,28,57,0.6705882352941176
466,3722,15,5,2,8.3,1,0,18,88,0.8301886792452831
467,3514,8,5,34,3.6,0,1,14,44,0.7586206896551724
468,3537,3,1,30,5.9,1,0,28,97,0.776
469,2922,3,1,56,6.8,1,0,21,91,0.8125
470,2987,6,2,89,6.3,1,0,30,61,0.6703296703296703
471,3638,7,1,86,5.1,1,0,3,50,0.9433962264150944
472,64,1,4,46,4.2,0,1,10,83,0.8924731182795699
473,2594,6,2,32,0.5,0,1,21,56,0.7272727272727273
474,168,8,5,93,2.8,0,1,20,96,0.8275862068965517
475,4879,4,1,68,4.6,0,1,28,82,0.7454545454545455
476,3682,14,3,2,4.8,0,1,28,63,0.6923076923076923
477,4965,12,3,28,2.3,0,1,19,81,0.81
478,1443,5,2,22,1.9,0,1,9,56,0.8615384615384616
479,4540,15,5,17,2.5,0,1,4,74,0.9487179487179487
480,4831,1,4,13,7.4,1,0,2,42,0.9545454545454546
481,3249,4,1,63,5.3,1,0,2,84,0.9767441860465116
482,1001,9,6,56,5.2,1,0,18,91,0.8348623853211009
483,1989,9,6,28,5.8,1,0,22,93,0.808695652173913
484,2815,13,6,34,1.9,0,1,20,61,0.7530864197530864
485,4090,12,3,89,0.8,0,1,26,75,0.7425742574257426
486,2334,1,4,28,7.6,1,0,8,88,0.9166666666666666
487,509,14,3,48,5.5,1,0,16,69,0.8117647058823529
488,54,5,2,79,7.4,1,0,28,45,0.6164383561643836
489,4649,4,1,15,5.5,1,0,14,54,0.7941176470588235
490,1064,4,1,95,1.9,0,1,3,76,0.9620253164556962
491,2693,1,4,79,4.1,0,1,4,52,0.9285714285714286
492,2019,5,2,35,0.3,0,1,11,94,0.8952380952380953
493,4641,13,6,96,7.5,1,0,21,55,0.7236842105263158
494,4530,12,3,79,5.4,1,0,7,52,0.8813559322033898
495,1721,8,5,87,5.2,1,0,6,82,0.9318181818181818
496,1883,6,2,96,5.2,1,0,10,93,0.9029126213592233
497,4502,3,1,79,6.3,1,0,25,77,0.7549019607843137
498,4350,10,4,89,3.4,0,1,23,72,0.7578947368421053
499,556,5,2,67,5.4,1,0,10,100,0.9090909090909091
500,2739,2,2,45,3.4,0,1,15,57,0.7916666666666666
501,3305,5,2,18,8.5,1,0,28,51,0.6455696202531646
502,3790,4,1,7,0.4,0,1,7,65,0.9027777777777778
503,2401,8,5,5,2.8,0,1,16,70,0.813953488372093
504,491,5,2,18,5.3,1,0,20,42,0.6774193548387096
505,2221,15,5,86,5.4,1,0,19,46,0.7076923076923077
506,4947,3,1,80,2.9,0,1,20,57,0.7402597402597403
507,3629,7,1,28,2.0,0,1,21,69,0.7666666666666667
508,4003,13,6,78,5.7,1,0,7,72,0.9113924050632911
509,156,15,5,33,7.8,1,0,25,42,0.6268656716417911
510,930,4,1,2,2.0,0,1,14,67,0.8271604938271605
511,90,15,5,35,5.9,1,0,18,97,0.8434782608695652
512,804,12,3,64,5.9,1,0,14,41,0.7454545454545455
513,2718,8,5,75,9.0,1,0,21,68,0.7640449438202247
514,1774,2,2,3,5.0,1,0,23,51,0.6891891891891891
515,3998,12,3,9,9.8,1,0,30,67,0.6907216494845361
516,1361,14,3,24,9.1,1,0,11,71,0.8658536585365854
517,4263,5,2,10,10.0,1,0,0,55,1.0
518,1218,3,1,18,0.7,0,1,7,92,0.9292929292929293
519,4153,9,6,55,6.2,1,0,29,87,0.75
520,558,9,6,52,4.3,0,1,0,96,1.0
521,3869,1,4,79,7.9,1,0,2,84,0.9767441860465116
522,4766,6,2,64,1.6,0,1,8,45,0.8490566037735849
523,3368,9,6,44,7.4,1,0,30,82,0.7321428571428571
524,2097,6,2,90,8.0,1,0,23,64,0.735632183908046
525,4642,9,6,85,0.7,0,1,1,100,0.9900990099009901
526,2862,4,1,94,8.7,1,0,0,63,1.0
527,1819,5,2,64,8.4,1,0,18,51,0.7391304347826086
528,1738,1,4,88,5.4,1,0,24,43,0.6417910447761194
529,3860,12,3,80,5.8,1,0,25,94,0.7899159663865546
530,1904,5,2,46,4.1,0,1,2,95,0.979381443298969
531,1839,10,4,86,0.3,0,1,15,82,0.845360824742268
532,1381,7,1,59,8.3,1,0,27,82,0.7522935779816514
533,2641,14,3,32,7.3,1,0,19,64,0.7710843373493976
534,1080,6,2,94,5.7,1,0,18,45,0.7142857142857143
535,3611,14,3,71,8.4,1,0,20,85,0.8095238095238095
536,1494,8,5,13,3.2,0,1,27,48,0.64
537,3708,4,1,62,8.6,1,0,22,50,0.6944444444444444
538,1142,15,5,53,2.0,0,1,24,100,0.8064516129032258
539,4326,7,1,15,9.3,1,0,14,47,0.7704918032786885
540,3116,9,6,9,1.9,0,1,17,93,0.8454545454545455
541,1553,6,2,68,1.0,0,1,15,72,0.8275862068965517
542,777,1,4,100,3.6,0,1,9,81,0.9
543,2628,1,4,25,3.1,0,1,30,81,0.7297297297297297
544,4385,4,1,47,3.1,0,1,2,88,0.9777777777777777
545,955,15,5,91,8.7,1,0,28,81,0.7431192660550459
546,2770,8,5,80,7.9,1,0,2,59,0.9672131147540983
547,2145,5,2,3,0.6,0,1,14,77,0.8461538461538461
548,4662,8,5,78,5.5,1,0,7,45,0.8653846153846154
549,2794,3,1,21,4.9,0,1,30,79,0.7247706422018348
550,691,2,2,2,6.8,1,0,9,67,0.881578947368421
551,2876,6,2,6,4.1,0,1,24,92,0.7931034482758621
552,1939,1,4,23,6.5,1,0,27,40,0.5970149253731343
553,209,7,1,69,7.5,1,0,25,62,0.7126436781609196
554,1333,4,1,21,0.5,0,1,4,93,0.9587628865979382
555,182,11,3,37,1.6,0,1,28,57,0.6705882352941176
556,3809,15,5,2,2.6,0,1,16,100,0.8620689655172413
557,2426,9,6,41,0.5,0,1,2,52,0.9629629629629629
558,3306,8,5,18,3.0,0,1,0,75,1.0
559,1942,3,1,93,0.5,0,1,0,73,1.0
560,2599,15,5,95,6.9,1,0,21,92,0.8141592920353983
561,3627,6,2,19,0.6,0,1,18,54,0.75
562,1311,7,1,78,3.0,0,1,21,64,0.7529411764705882
563,2511,4,1,13,0.2,0,1,18,47,0.7230769230769231
564,1104,1,4,73,4.9,0,1,20,61,0.7530864197530864
565,4257,4,1,81,3.6,0,1,3,81,0.9642857142857143
566,3852,15,5,67,7.6,1,0,4,40,0.9090909090909091
567,4268,12,3,77,1.7,0,1,18,76,0.8085106382978723
568,4054,10,4,25,2.5,0,1,6,51,0.8947368421052632
569,4672,5,2,67,0.2,0,1,8,49,0.8596491228070176
570,3294,9,6,80,0.1,0,1,14,62,0.8157894736842105
571,500,2,2,60,4.8,0,1,8,68,0.8947368421052632
572,2850,1,4,29,6.4,1,0,13,96,0.8807339449541285
573,4220,2,2,46,4.6,0,1,13,67,0.8375
574,2549,12,3,2,6.7,1,0,19,87,0.8207547169811321
575,3419,9,6,1,1.2,0,1,0,41,1.0
576,1723,10,4,3,9.6,1,0,16,81,0.8350515463917526
577,1000,12,3,77,4.6,0,1,1,82,0.9879518072289156
578,2517,8,5,52,3.4,0,1,19,61,0.7625
579,2432,14,3,37,9.0,1,0,17,74,0.8131868131868132
580,4558,9,6,43,8.8,1,0,6,91,0.9381443298969072
581,4019,3,1,9,9.2,1,0,18,53,0.7464788732394366
582,222,5,2,12,5.6,1,0,0,73,1.0
583,2445,9,6,17,5.9,1,0,13,41,0.7592592592592593
584,2335,7,1,21,0.6,0,1,25,75,0.75
585,4091,4,1,71,3.0,0,1,4,50,0.9259259259259259
586,817,6,2,98,3.9,0,1,25,58,0.6987951807228916
587,1632,10,4,92,4.9,0,1,27,72,0.7272727272727273
588,1169,11,3,45,1.3,0,1,7,72,0.9113924050632911
589,783,6,2,99,2.8,0,1,9,98,0.9158878504672897
590,1718,12,3,22,7.9,1,0,19,78,0.8041237113402062
591,2919,6,2,58,3.5,0,1,7,90,0.9278350515463918
592,4336,4,1,47,0.3,0,1,29,62,0.6813186813186813
593,2069,2,2,25,7.9,1,0,26,41,0.6119402985074627
594,3863,11,3,36,8.7,1,0,7,48,0.8727272727272727
595,4679,8,5,73,1.3,0,1,24,40,0.625
596,1522,15,5,97,9.7,1,0,29,51,0.6375
597,1012,13,6,19,2.3,0,1,23,68,0.7472527472527473
598,68,11,3,30,1.6,0,1,26,81,0.7570093457943925
599,1131,9,6,65,9.7,1,0,19,86,0.819047619047619
600,3883,13,6,8,6.8,1,0,21,87,0.8055555555555556
601,3554,1,4,8,6.4,1,0,4,43,0.9148936170212766
602,3470,14,3,98,1.1,0,1,24,93,0.7948717948717948
603,4295,5,2,14,8.8,1,0,25,91,0.7844827586206896
604,3161,13,6,75,9.1,1,0,22,71,0.7634408602150538
605,3883,11,3,83,4.6,0,1,6,97,0.941747572815534
606,1143,4,1,71,3.9,0,1,21,80,0.7920792079207921
607,3968,8,5,27,9.2,1,0,23,58,0.7160493827160493
608,1192,2,2,57,5.5,1,0,22,95,0.811965811965812
609,3861,3,1,22,5.1,1,0,21,100,0.8264462809917356
610,159,14,3,93,2.7,0,1,22,54,0.7105263157894737
611,3245,10,4,12,4.4,0,1,23,58,0.7160493827160493
612,1534,12,3,28,5.5,1,0,1,88,0.9887640449438202
613,4385,7,1,78,8.8,1,0,18,45,0.7142857142857143
614,4281,1,4,74,8.8,1,0,3,98,0.9702970297029703
615,3888,5,2,41,3.3,0,1,4,85,0.9550561797752809
616,3683,13,6,41,6.4,1,0,15,95,0.8636363636363636
617,80,15,5,4,2.5,0,1,3,98,0.9702970297029703
618,278,3,1,95,2.0,0,1,27,64,0.7032967032967034
619,1312,9,6,49,2.9,0,1,2,44,0.9565217391304348
620,3213,15,5,78,1.3,0,1,15,81,0.84375
621,406,4,1,71,5.9,1,0,21,86,0.8037383177570093
622,582,11,3,29,9.5,1,0,21,98,0.8235294117647058
623,3502,11,3,34,5.8,1,0,25,55,0.6875
624,3538,12,3,42,4.5,0,1,13,73,0.8488372093023255
625,4255,10,4,63,1.5,0,1,20,54,0.7297297297297297
626,591,10,4,4,0.8,0,1,29,45,0.6081081081081081
627,4442,6,2,46,2.7,0,1,11,88,0.8888888888888888
628,3973,13,6,34,2.9,0,1,15,95,0.8636363636363636
629,188,15,5,29,9.0,1,0,2,84,0.9767441860465116
630,4072,2,2,62,8.2,1,0,15,58,0.7945205479452054
631,4924,15,5,3,8.0,1,0,24,70,0.7446808510638298
632,1496,4,1,19,5.3,1,0,6,55,0.9016393442622951
633,3961,4,1,51,1.5,0,1,0,84,1.0
634,2710,13,6,57,4.0,0,1,29,99,0.7734375
635,411,12,3,60,1.7,0,1,29,66,0.6947368421052632
636,4943,4,1,16,8.8,1,0,22,63,0.7411764705882353
637,4102,13,6,44,1.7,0,1,22,81,0.7864077669902912
638,830,9,6,56,1.4,0,1,7,78,0.9176470588235294
639,2934,15,5,50,2.1,0,1,8,100,0.9259259259259259
640,4403,8,5,37,1.9,0,1,8,53,0.8688524590163934
641,2393,10,4,8,5.9,1,0,30,95,0.76
642,1646,13,6,33,1.4,0,1,24,89,0.7876106194690266
643,4792,13,6,21,4.1,0,1,28,98,0.7777777777777778
644,2516,5,2,39,5.6,1,0,0,56,1.0
645,914,15,5,3,8.5,1,0,9,61,0.8714285714285714
646,4341,10,4,50,0.1,0,1,19,54,0.7397260273972602
647,3715,8,5,22,5.5,1,0,15,60,0.8
648,3556,7,1,95,5.4,1,0,0,90,1.0
649,4026,4,1,40,3.4,0,1,22,87,0.7981651376146789
650,3763,14,3,16,0.2,0,1,3,69,0.9583333333333334
651,4201,1,4,53,10.0,1,0,10,94,0.9038461538461539
652,307,3,1,55,3.0,0,1,4,48,0.9230769230769231
653,1653,2,2,34,8.9,1,0,21,58,0.7341772151898734
654,1264,1,4,20,0.1,0,1,14,65,0.8227848101265823
655,2936,8,5,74,4.3,0,1,12,88,0.88
656,3729,6,2,67,0.8,0,1,6,59,0.9076923076923077
657,1869,13,6,38,6.9,1,0,14,100,0.8771929824561403
658,3620,14,3,95,3.8,0,1,5,54,0.9152542372881356
659,3251,12,3,90,5.7,1,0,13,83,0.8645833333333334
660,2030,8,5,71,9.0,1,0,13,47,0.7833333333333333
661,1490,1,4,34,9.6,1,0,19,71,0.7888888888888889
662,4072,13,6,53,4.8,0,1,23,81,0.7788461538461539
663,2070,1,4,33,6.2,1,0,29,91,0.7583333333333333
664,250,7,1,83,6.0,1,0,11,93,0.8942307692307693
665,697,12,3,78,9.4,1,0,29,47,0.618421052631579
666,712,6,2,85,3.7,0,1,10,90,0.9
667,1454,10,4,19,4.6,0,1,17,47,0.734375
668,1553,7,1,19,2.6,0,1,17,40,0.7017543859649122
669,2182,7,1,62,4.7,0,1,19,54,0.7397260273972602
670,1631,9,6,31,5.8,1,0,25,86,0.7747747747747747
671,441,3,1,81,9.5,1,0,17,64,0.7901234567901234
672,1285,11,3,50,2.0,0,1,21,95,0.8189655172413793
673,887,5,2,12,2.3,0,1,23,42,0.6461538461538462
674,1581,12,3,78,4.5,0,1,27,60,0.6896551724137931
675,667,5,2,10,1.8,0,1,26,97,0.7886178861788617
676,548,2,2,99,5.8,1,0,12,71,0.8554216867469879
677,3986,4,1,54,5.4,1,0,5,83,0.9431818181818182
678,1930,8,5,99,6.4,1,0,9,99,0.9166666666666666
679,3803,7,1,16,1.2,0,1,10,74,0.8809523809523809
680,2319,10,4,86,7.6,1,0,24,52,0.6842105263157895
681,4156,14,3,39,0.1,0,1,16,47,0.746031746031746
682,615,14,3,8,3.6,0,1,4,45,0.9183673469387755
683,1376,5,2,3,6.7,1,0,15,67,0.8170731707317073
684,3379,8,5,67,3.8,0,1,25,46,0.647887323943662
685,4356,7,1,98,10.0,1,0,9,62,0.8732394366197183
686,1652,4,1,67,2.0,0,1,7,53,0.8833333333333333
687,1007,1,4,57,8.2,1,0,26,59,0.6941176470588235
688,3588,7,1,4,9.9,1,0,2,42,0.9545454545454546
689,3848,8,5,59,1.9,0,1,11,55,0.8333333333333334
690,1932,10,4,53,2.6,0,1,8,97,0.9238095238095239
691,2530,2,2,22,4.8,0,1,24,63,0.7241379310344828
692,3932,14,3,73,5.4,1,0,0,51,1.0
693,3749,13,6,18,0.6,0,1,19,94,0.831858407079646
694,1616,6,2,21,9.0,1,0,2,49,0.9607843137254902
695,8,10,4,68,4.5,0,1,26,62,0.7045454545454546
696,2791,5,2,96,4.0,0,1,27,85,0.7589285714285714
697,462,1,4,37,4.7,0,1,21,75,0.78125
698,3765,1,4,13,9.9,1,0,25,87,0.7767857142857143
699,4251,1,4,72,4.6,0,1,6,57,0.9047619047619048
700,818,15,5,16,3.9,0,1,17,66,0.7951807228915663
701,606,1,4,12,0.1,0,1,6,43,0.8775510204081632
702,847,6,2,25,3.4,0,1,29,83,0.7410714285714286
703,1131,14,3,58,9.7,1,0,0,42,1.0
704,2678,7,1,5,5.1,1,0,13,52,0.8
705,4570,11,3,37,0.9,0,1,30,64,0.6808510638297872
706,1150,14,3,70,3.1,0,1,3,91,0.9680851063829787
707,4906,5,2,34,4.4,0,1,12,79,0.8681318681318682
708,238,12,3,47,5.0,1,0,5,55,0.9166666666666666
709,1377,11,3,94,0.6,0,1,17,52,0.7536231884057971
710,4681,6,2,62,4.2,0,1,17,96,0.8495575221238938
711,2821,4,1,68,6.1,1,0,6,60,0.9090909090909091
712,3074,3,1,90,2.7,0,1,19,62,0.7654320987654321
713,678,8,5,98,5.5,1,0,7,46,0.8679245283018868
714,4456,11,3,75,9.2,1,0,14,73,0.8390804597701149
715,3114,10,4,99,5.6,1,0,11,66,0.8571428571428571
716,4199,8,5,93,8.6,1,0,12,96,0.8888888888888888
717,3722,12,3,26,4.7,0,1,19,86,0.819047619047619
718,2970,7,1,69,5.2,1,0,1,86,0.9885057471264368
719,4242,6,2,95,6.9,1,0,21,66,0.7586206896551724
720,3576,6,2,19,1.2,0,1,12,94,0.8867924528301887
721,1789,12,3,82,6.3,1,0,16,70,0.813953488372093
722,4526,14,3,49,7.5,1,0,27,98,0.784
723,4271,1,4,16,0.5,0,1,29,47,0.618421052631579
724,761,9,6,37,8.0,1,0,4,82,0.9534883720930233
725,3074,15,5,39,1.2,0,1,0,50,1.0
726,1200,13,6,7,3.7,0,1,7,60,0.8955223880597015
727,4737,14,3,42,6.4,1,0,24,75,0.7575757575757576
728,4287,1,4,90,5.3,1,0,11,48,0.8135593220338984
729,3084,14,3,23,7.3,1,0,14,55,0.7971014492753623
730,4415,3,1,57,4.0,0,1,26,41,0.6119402985074627
731,3575,12,3,89,4.6,0,1,12,49,0.8032786885245902
732,3000,1,4,80,0.8,0,1,21,70,0.7692307692307693
733,1375,14,3,52,9.7,1,0,3,79,0.9634146341463414
734,4414,12,3,8,6.1,1,0,10,98,0.9074074074074074
735,3582,12,3,8,7.9,1,0,20,76,0.7916666666666666
736,4993,4,1,93,1.8,0,1,4,87,0.9560439560439561
737,1590,7,1,63,6.9,1,0,7,65,0.9027777777777778
738,2787,11,3,33,7.2,1,0,30,43,0.589041095890411
739,672,13,6,73,9.9,1,0,15,53,0.7794117647058824
740,978,2,2,12,7.7,1,0,0,94,1.0
741,1161,14,3,60,1.7,0,1,3,65,0.9558823529411765
742,1984,2,2,63,3.0,0,1,21,80,0.7920792079207921
743,783,10,4,77,8.5,1,0,17,76,0.8172043010752689
744,1051,11,3,58,2.4,0,1,8,98,0.9245283018867925
745,129,10,4,92,3.4,0,1,12,55,0.8208955223880597
746,2624,5,2,56,5.9,1,0,7,90,0.9278350515463918
747,1142,7,1,100,8.0,1,0,13,48,0.7868852459016393
748,2112,3,1,75,7.3,1,0,27,87,0.7631578947368421
749,3479,15,5,49,8.2,1,0,18,41,0.6949152542372882
750,3674,5,2,17,6.6,1,0,13,53,0.803030303030303
751,1728,9,6,81,6.2,1,0,5,49,0.9074074074074074
752,4324,15,5,4,0.1,0,1,26,54,0.675
753,3871,1,4,81,7.7,1,0,24,83,0.7757009345794392
754,3360,1,4,80,8.1,1,0,28,89,0.7606837606837606
755,1602,2,2,37,0.7,0,1,21,55,0.7236842105263158
756,2040,7,1,15,1.6,0,1,18,53,0.7464788732394366
757,1654,9,6,12,5.5,1,0,8,61,0.8840579710144928
758,2292,11,3,84,9.0,1,0,29,68,0.7010309278350515
759,2878,14,3,11,6.9,1,0,21,96,0.8205128205128205
760,2758,3,1,31,7.7,1,0,21,61,0.7439024390243902
761,4595,10,4,57,1.5,0,1,0,90,1.0
762,3134,8,5,92,0.8,0,1,4,48,0.9230769230769231
763,1804,8,5,91,7.4,1,0,0,77,1.0
764,133,15,5,31,1.0,0,1,9,99,0.9166666666666666
765,3208,5,2,38,9.1,1,0,19,40,0.6779661016949152
766,685,6,2,87,8.5,1,0,7,76,0.9156626506024096
767,2748,9,6,29,8.4,1,0,29,52,0.6419753086419753
768,1095,14,3,86,4.2,0,1,1,92,0.989247311827957
769,107,2,2,23,10.0,1,0,2,72,0.972972972972973
770,2526,11,3,69,6.1,1,0,20,64,0.7619047619047619
771,2455,6,2,77,8.7,1,0,1,55,0.9821428571428571
772,428,13,6,8,3.9,0,1,29,98,0.7716535433070866
773,4714,10,4,9,6.5,1,0,28,52,0.65
774,2327,7,1,72,7.4,1,0,12,80,0.8695652173913043
775,226,7,1,45,4.0,0,1,4,47,0.9215686274509803
776,4039,14,3,40,4.7,0,1,13,71,0.8452380952380952
777,1474,4,1,39,8.5,1,0,13,74,0.8505747126436781
778,4477,15,5,92,4.4,0,1,4,70,0.9459459459459459
779,2773,15,5,82,2.0,0,1,13,64,0.8311688311688312
780,4501,10,4,89,4.9,0,1,1,68,0.9855072463768116
781,1706,14,3,94,3.0,0,1,4,46,0.92
782,4403,15,5,3,7.3,1,0,16,79,0.8315789473684211
783,1674,2,2,51,9.2,1,0,19,72,0.7912087912087912
784,1105,15,5,26,7.2,1,0,18,100,0.847457627118644
785,4853,12,3,48,2.4,0,1,22,59,0.7283950617283951
786,1096,11,3,82,9.2,1,0,10,66,0.868421052631579
787,3328,9,6,3,9.6,1,0,7,98,0.9333333333333333
788,2937,13,6,22,4.0,0,1,10,64,0.8648648648648649
789,2889,15,5,23,6.2,1,0,30,94,0.7580645161290323
790,4417,15,5,1,3.7,0,1,20,99,0.8319327731092437
791,315,13,6,25,4.0,0,1,0,92,1.0
792,136,15,5,35,6.3,1,0,30,80,0.7272727272727273
793,166,14,3,94,3.3,0,1,0,100,1.0
794,189,2,2,73,7.2,1,0,10,40,0.8
795,381,10,4,72,7.5,1,0,5,65,0.9285714285714286
796,2224,14,3,54,1.4,0,1,3,66,0.9565217391304348
797,3733,6,2,17,8.5,1,0,11,76,0.8735632183908046
798,2005,15,5,98,10.0,1,0,26,95,0.7851239669421488
799,2731,14,3,34,0.8,0,1,26,71,0.7319587628865979
800,1291,4,1,75,5.0,1,0,5,56,0.9180327868852459
801,3796,5,2,20,6.5,1,0,17,77,0.8191489361702128
802,786,10,4,75,7.1,1,0,19,96,0.8347826086956521
803,4029,13,6,40,4.3,0,1,10,45,0.8181818181818182
804,4705,9,6,38,4.2,0,1,26,63,0.7078651685393258
805,3103,4,1,96,1.1,0,1,12,41,0.7735849056603774
806,1669,3,1,83,5.6,1,0,17,72,0.8089887640449438
807,4827,15,5,34,6.7,1,0,30,76,0.7169811320754716
808,3961,9,6,79,3.0,0,1,22,95,0.811965811965812
809,4046,3,1,56,7.7,1,0,22,85,0.794392523364486
810,2919,3,1,67,5.5,1,0,28,98,0.7777777777777778
811,4114,1,4,87,6.9,1,0,5,95,0.95
812,1759,2,2,40,1.9,0,1,21,95,0.8189655172413793
813,313,11,3,20,3.5,0,1,1,40,0.975609756097561
814,1039,13,6,74,7.5,1,0,27,73,0.73
815,249,5,2,21,6.7,1,0,18,84,0.8235294117647058
816,4484,1,4,70,4.8,0,1,5,96,0.9504950495049505
817,2589,4,1,34,3.8,0,1,21,40,0.6557377049180327
818,4806,10,4,57,8.8,1,0,16,87,0.8446601941747572
819,2697,11,3,5,7.5,1,0,2,64,0.9696969696969697
820,552,4,1,16,6.5,1,0,30,47,0.6103896103896104
821,3763,15,5,68,5.3,1,0,23,92,0.8
822,4382,12,3,67,6.7,1,0,20,45,0.6923076923076923
823,3560,11,3,24,3.9,0,1,29,65,0.6914893617021277
824,4162,8,5,35,7.6,1,0,4,50,0.9259259259259259
825,1937,15,5,30,9.2,1,0,16,99,0.8608695652173913
826,2354,5,2,40,4.0,0,1,2,69,0.971830985915493
827,4653,12,3,98,9.6,1,0,9,78,0.896551724137931
828,3015,15,5,96,4.6,0,1,2,83,0.9764705882352941
829,683,8,5,100,0.1,0,1,19,100,0.8403361344537815
830,2098,11,3,90,3.1,0,1,20,44,0.6875
831,2978,15,5,25,3.9,0,1,3,56,0.9491525423728814
832,2744,14,3,10,6.9,1,0,20,97,0.8290598290598291
833,4438,15,5,97,2.2,0,1,29,93,0.7622950819672131
834,1878,3,1,13,8.4,1,0,16,47,0.746031746031746
835,3089,13,6,61,8.1,1,0,9,92,0.9108910891089109
836,4778,2,2,47,3.9,0,1,3,40,0.9302325581395349
837,479,15,5,63,1.3,0,1,1,69,0.9857142857142858
838,3119,9,6,88,8.8,1,0,2,66,0.9705882352941176
839,2385,12,3,8,6.4,1,0,13,58,0.8169014084507042
840,273,15,5,7,3.4,0,1,24,98,0.8032786885245902
841,2359,5,2,45,1.0,0,1,25,48,0.6575342465753424
842,4118,15,5,22,9.9,1,0,25,48,0.6575342465753424
843,2143,13,6,21,8.9,1,0,19,74,0.7956989247311828
844,618,2,2,55,9.4,1,0,13,91,0.875
845,2325,13,6,77,4.8,0,1,21,57,0.7307692307692307
846,4300,12,3,32,8.0,1,0,10,90,0.9
847,4924,6,2,64,3.0,0,1,17,63,0.7875
848,890,13,6,29,2.1,0,1,15,62,0.8051948051948052
849,4760,10,4,99,2.0,0,1,8,63,0.8873239436619719
850,4523,3,1,100,9.7,1,0,17,74,0.8131868131868132
851,725,9,6,63,1.1,0,1,18,56,0.7567567567567568
852,3140,12,3,57,7.7,1,0,13,75,0.8522727272727273
853,1114,13,6,78,6.3,1,0,5,59,0.921875
854,3738,7,1,67,0.3,0,1,4,61,0.9384615384615385
855,3841,11,3,74,4.4,0,1,26,80,0.7547169811320755
856,597,4,1,12,3.2,0,1,8,66,0.8918918918918919
857,1538,7,1,64,6.6,1,0,30,49,0.620253164556962
858,852,4,1,88,4.3,0,1,0,67,1.0
859,1209,10,4,37,8.2,1,0,18,57,0.76
860,2184,8,5,81,9.5,1,0,25,71,0.7395833333333334
861,1108,5,2,46,3.2,0,1,15,64,0.810126582278481
862,4912,10,4,75,5.3,1,0,29,71,0.71
863,2561,2,2,14,6.2,1,0,16,77,0.8279569892473119
864,2045,11,3,26,7.2,1,0,12,88,0.88
865,1717,10,4,73,8.2,1,0,13,41,0.7592592592592593
866,550,5,2,35,4.9,0,1,11,83,0.8829787234042553
867,4734,10,4,88,4.6,0,1,21,92,0.8141592920353983
868,617,10,4,34,9.3,1,0,8,61,0.8840579710144928
869,2981,12,3,79,3.9,0,1,8,42,0.84
870,3722,8,5,40,0.8,0,1,16,58,0.7837837837837838
871,845,14,3,19,9.2,1,0,8,92,0.92
872,237,6,2,32,9.6,1,0,4,78,0.9512195121951219
873,1811,14,3,23,1.3,0,1,14,65,0.8227848101265823
874,4809,12,3,63,1.9,0,1,21,43,0.671875
875,2668,13,6,59,1.8,0,1,16,67,0.8072289156626506
876,2286,6,2,87,2.2,0,1,21,67,0.7613636363636364
877,756,14,3,52,6.2,1,0,14,91,0.8666666666666667
878,2111,10,4,73,2.2,0,1,22,79,0.7821782178217822
879,2277,6,2,83,1.6,0,1,14,85,0.8585858585858586
880,4863,13,6,13,5.2,1,0,0,62,1.0
881,2573,13,6,34,8.6,1,0,1,43,0.9772727272727273
882,3408,15,5,97,5.6,1,0,15,55,0.7857142857142857
883,38,11,3,18,8.1,1,0,13,81,0.8617021276595744
884,1059,1,4,45,7.4,1,0,20,55,0.7333333333333333
885,1906,15,5,51,8.6,1,0,1,89,0.9888888888888889
886,4741,8,5,53,1.5,0,1,17,95,0.8482142857142857
887,1319,8,5,11,9.3,1,0,5,87,0.9456521739130435
888,4570,9,6,23,9.3,1,0,26,89,0.7739130434782608
889,3361,4,1,16,0.2,0,1,18,65,0.7831325301204819
890,4474,8,5,23,3.7,0,1,9,42,0.8235294117647058
891,3605,8,5,99,7.3,1,0,17,99,0.853448275862069
892,4342,12,3,97,8.4,1,0,30,96,0.7619047619047619
893,3404,14,3,65,1.5,0,1,0,57,1.0
894,1769,3,1,67,0.9,0,1,14,71,0.8352941176470589
895,1786,2,2,97,4.6,0,1,14,58,0.8055555555555556
896,1379,11,3,62,5.4,1,0,20,89,0.8165137614678899
897,2170,4,1,62,5.4,1,0,17,70,0.8045977011494253
898,1312,5,2,18,4.6,0,1,16,90,0.8490566037735849
899,663,5,2,4,6.9,1,0,10,93,0.9029126213592233
900,470,12,3,43,5.5,1,0,26,86,0.7678571428571429
901,4684,11,3,48,2.1,0,1,13,96,0.8807339449541285
902,2440,8,5,7,3.7,0,1,28,80,0.7407407407407407
903,2159,9,6,72,8.6,1,0,14,61,0.8133333333333334
904,1565,12,3,35,0.4,0,1,20,80,0.8
905,1772,3,1,69,6.4,1,0,11,64,0.8533333333333334
906,4449,9,6,87,5.7,1,0,4,48,0.9230769230769231
907,4298,2,2,82,9.1,1,0,2,93,0.9789473684210527
908,290,9,6,24,1.4,0,1,26,93,0.7815126050420168
909,4469,2,2,73,2.7,0,1,6,52,0.896551724137931
910,2105,10,4,90,4.8,0,1,11,80,0.8791208791208791
911,2031,4,1,50,4.4,0,1,17,54,0.7605633802816901
912,2926,9,6,71,8.5,1,0,10,57,0.8507462686567164
913,4761,1,4,87,5.4,1,0,15,80,0.8421052631578947
914,4301,2,2,27,5.0,1,0,25,97,0.7950819672131147
915,1154,13,6,30,6.9,1,0,3,95,0.9693877551020408
916,812,10,4,53,8.1,1,0,15,89,0.8557692307692307
917,3256,11,3,36,4.5,0,1,21,73,0.776595744680851
918,2043,15,5,32,3.6,0,1,12,55,0.8208955223880597
919,4248,9,6,86,9.0,1,0,24,50,0.6756756756756757
920,4180,3,1,24,4.5,0,1,12,99,0.8918918918918919
921,4756,15,5,61,5.0,1,0,15,55,0.7857142857142857
922,272,9,6,40,9.8,1,0,18,90,0.8333333333333334
923,4143,6,2,8,4.5,0,1,14,42,0.75
924,1147,4,1,56,5.4,1,0,21,43,0.671875
925,2124,14,3,55,7.8,1,0,12,82,0.8723404255319149
926,2003,3,1,96,0.2,0,1,28,99,0.7795275590551181
927,2822,14,3,39,3.8,0,1,4,44,0.9166666666666666
928,2097,12,3,76,8.5,1,0,27,45,0.625
929,1440,11,3,24,5.4,1,0,20,80,0.8
930,3398,11,3,58,1.9,0,1,21,77,0.7857142857142857
931,2132,12,3,16,8.4,1,0,20,76,0.7916666666666666
932,2097,14,3,74,9.6,1,0,20,66,0.7674418604651163
933,2614,11,3,14,1.2,0,1,10,84,0.8936170212765957
934,4129,1,4,23,0.1,0,1,20,53,0.726027397260274
935,755,6,2,81,7.8,1,0,5,46,0.9019607843137255
936,4473,1,4,73,9.4,1,0,2,49,0.9607843137254902
937,2544,15,5,79,1.5,0,1,30,47,0.6103896103896104
938,4501,12,3,39,7.4,1,0,10,86,0.8958333333333334
939,4872,8,5,29,0.1,0,1,19,73,0.7934782608695652
940,443,7,1,41,4.7,0,1,15,96,0.8648648648648649
941,1545,9,6,7,1.0,0,1,22,61,0.7349397590361446
942,4528,5,2,47,4.2,0,1,5,83,0.9431818181818182
943,2053,14,3,45,2.9,0,1,0,87,1.0
944,2945,4,1,56,0.0,0,1,10,67,0.8701298701298701
945,4150,2,2,97,3.2,0,1,20,40,0.6666666666666666
946,4927,9,6,100,3.6,0,1,5,46,0.9019607843137255
947,3689,12,3,61,1.8,0,1,27,76,0.7378640776699029
948,3578,3,1,20,5.8,1,0,7,86,0.9247311827956989
949,2320,12,3,53,4.8,0,1,17,59,0.7763157894736842
950,2230,7,1,10,6.6,1,0,6,48,0.8888888888888888
951,3708,5,2,32,0.3,0,1,14,65,0.8227848101265823
952,3146,8,5,84,2.5,0,1,0,100,1.0
953,106,2,2,82,5.2,1,0,29,85,0.7456140350877193
954,2457,8,5,86,8.7,1,0,13,98,0.8828828828828829
955,3160,10,4,77,8.2,1,0,11,52,0.8253968253968254
956,2822,10,4,49,0.2,0,1,30,45,0.6
957,1195,5,2,7,5.5,1,0,8,82,0.9111111111111111
958,3889,7,1,46,7.0,1,0,28,41,0.5942028985507246
959,2844,7,1,23,1.8,0,1,9,88,0.9072164948453608
960,3720,2,2,69,0.6,0,1,20,90,0.8181818181818182
961,4225,9,6,10,8.1,1,0,26,58,0.6904761904761905
962,1961,8,5,14,0.6,0,1,9,85,0.9042553191489362
963,2598,11,3,67,1.9,0,1,1,77,0.9871794871794872
964,3295,12,3,5,8.8,1,0,0,86,1.0
965,3727,6,2,8,4.6,0,1,24,76,0.76
966,3720,6,2,100,8.7,1,0,4,50,0.9259259259259259
967,607,8,5,65,0.1,0,1,13,71,0.8452380952380952
968,3637,14,3,39,8.5,1,0,2,72,0.972972972972973
969,4737,4,1,2,7.1,1,0,2,65,0.9701492537313433
970,1662,12,3,86,9.9,1,0,25,94,0.7899159663865546
971,3530,9,6,35,1.3,0,1,27,98,0.784
972,3477,15,5,31,9.3,1,0,13,45,0.7758620689655172
973,4482,14,3,76,0.9,0,1,7,60,0.8955223880597015
974,2791,15,5,77,8.9,1,0,23,67,0.7444444444444445
975,2981,8,5,21,4.7,0,1,17,71,0.8068181818181818
976,4524,2,2,85,7.2,1,0,25,97,0.7950819672131147
977,2095,11,3,15,7.2,1,0,27,69,0.71875
978,3114,3,1,87,2.4,0,1,1,50,0.9803921568627451
979,3220,14,3,98,4.9,0,1,25,94,0.7899159663865546
980,4869,5,2,53,0.7,0,1,13,69,0.8414634146341463
981,3964,2,2,96,4.1,0,1,24,57,0.7037037037037037
982,596,9,6,16,2.6,0,1,13,43,0.7678571428571429
983,2094,15,5,85,6.7,1,0,18,45,0.7142857142857143
984,1240,10,4,85,9.1,1,0,13,97,0.8818181818181818
985,1640,13,6,19,1.5,0,1,0,97,1.0
986,1371,10,4,58,6.0,1,0,16,40,0.7142857142857143
987,599,4,1,98,3.0,0,1,4,87,0.9560439560439561
988,347,10,4,56,4.9,0,1,7,74,0.9135802469135802
989,3457,7,1,62,3.4,0,1,19,67,0.7790697674418605
990,3067,4,1,57,8.2,1,0,14,41,0.7454545454545455
991,1986,14,3,80,8.7,1,0,29,51,0.6375
992,3941,5,2,80,9.6,1,0,2,59,0.9672131147540983
993,1899,9,6,31,6.2,1,0,14,83,0.8556701030927835
994,2616,14,3,1,3.4,0,1,7,40,0.851063829787234
995,4510,15,5,81,1.9,0,1,26,64,0.7111111111111111
996,303,15,5,14,2.9,0,1,26,93,0.7815126050420168
997,4013,15,5,15,3.5,0,1,2,80,0.975609756097561
998,4423,11,3,72,5.2,1,0,28,85,0.7522123893805309
999,1508,15,5,63,0.5,0,1,5,87,0.9456521739130435
1000,1391,5,2,93,5.1,1,0,2,55,0.9649122807017544
1001,3086,1,4,40,8.9,1,0,14,57,0.8028169014084507
1002,2821,6,2,58,6.4,1,0,13,89,0.8725490196078431
1003,2026,10,4,39,0.2,0,1,2,76,0.9743589743589743
1004,1068,8,5,43,9.9,1,0,25,94,0.7899159663865546
1005,2246,12,3,67,9.2,1,0,15,68,0.8192771084337349
1006,3022,10,4,39,9.0,1,0,14,78,0.8478260869565217
1007,1524,14,3,22,4.6,0,1,28,91,0.7647058823529411
1008,428,2,2,76,1.5,0,1,20,64,0.7619047619047619
1009,3796,6,2,79,3.1,0,1,26,79,0.7523809523809524
1010,3137,4,1,32,4.7,0,1,29,100,0.7751937984496124
1011,585,10,4,26,3.2,0,1,27,69,0.71875
1012,252,9,6,59,9.1,1,0,13,60,0.821917808219178
1013,434,9,6,15,4.7,0,1,6,91,0.9381443298969072
1014,3600,7,1,9,2.2,0,1,5,58,0.9206349206349206
1015,1251,9,6,14,4.3,0,1,28,57,0.6705882352941176
1016,2700,4,1,90,7.1,1,0,8,60,0.8823529411764706
1017,2813,5,2,21,6.4,1,0,25,81,0.7641509433962265
1018,3805,3,1,36,2.7,0,1,27,68,0.7157894736842105
1019,2833,13,6,26,7.9,1,0,26,80,0.7547169811320755
1020,4544,8,5,81,6.5,1,0,22,87,0.7981651376146789
1021,1089,11,3,5,0.9,0,1,28,73,0.7227722772277227
1022,1214,15,5,79,1.7,0,1,30,70,0.7
1023,1475,6,2,87,5.7,1,0,28,83,0.7477477477477478
1024,4920,7,1,69,4.1,0,1,21,60,0.7407407407407407
1025,69,7,1,54,0.3,0,1,27,99,0.7857142857142857
1026,702,7,1,45,3.4,0,1,29,100,0.7751937984496124
1027,3267,6,2,13,0.8,0,1,29,41,0.5857142857142857
1028,1949,6,2,47,3.7,0,1,3,91,0.9680851063829787
1029,4456,11,3,8,6.7,1,0,21,83,0.7980769230769231
1030,420,7,1,52,6.5,1,0,11,67,0.8589743589743589
1031,3962,8,5,85,8.0,1,0,20,46,0.696969696969697
1032,1539,7,1,3,0.4,0,1,25,57,0.6951219512195121
1033,1752,9,6,5,9.2,1,0,28,86,0.7543859649122807
1034,3483,4,1,93,6.1,1,0,28,54,0.6585365853658537
1035,4048,9,6,18,7.8,1,0,27,55,0.6707317073170732
1036,3457,10,4,90,9.5,1,0,0,78,1.0
1037,4092,11,3,68,4.5,0,1,26,96,0.7868852459016393
1038,532,10,4,13,8.1,1,0,6,82,0.9318181818181818
1039,55,12,3,85,7.6,1,0,28,47,0.6266666666666667
1040,3540,6,2,12,4.2,0,1,1,41,0.9761904761904762
1041,2211,14,3,62,1.8,0,1,10,52,0.8387096774193549
1042,2708,8,5,86,0.3,0,1,19,53,0.7361111111111112
1043,2707,9,6,58,8.8,1,0,15,97,0.8660714285714286
1044,481,15,5,24,0.1,0,1,21,86,0.8037383177570093
1045,2879,6,2,85,3.6,0,1,20,96,0.8275862068965517
1046,890,12,3,70,4.5,0,1,16,77,0.8279569892473119
1047,97,15,5,8,6.5,1,0,29,51,0.6375
1048,4829,10,4,99,2.6,0,1,7,48,0.8727272727272727
1049,2911,6,2,85,2.6,0,1,25,52,0.6753246753246753
1050,1613,5,2,78,1.7,0,1,24,53,0.6883116883116883
1051,1427,11,3,11,9.2,1,0,21,59,0.7375
1052,1632,13,6,1,1.4,0,1,16,82,0.8367346938775511
1053,1662,4,1,89,0.2,0,1,12,80,0.8695652173913043
1054,599,4,1,18,1.4,0,1,15,97,0.8660714285714286
1055,3462,12,3,75,0.1,0,1,8,92,0.92
1056,3962,11,3,34,3.0,0,1,28,81,0.7431192660550459
1057,1884,1,4,78,6.3,1,0,16,46,0.7419354838709677
1058,992,14,3,4,8.4,1,0,14,98,0.875
1059,4558,1,4,94,8.4,1,0,15,66,0.8148148148148148
1060,3120,8,5,68,3.0,0,1,6,99,0.9428571428571428
1061,1623,5,2,82,6.5,1,0,23,55,0.7051282051282052
1062,2873,11,3,100,4.6,0,1,9,54,0.8571428571428571
1063,3733,1,4,100,0.7,0,1,2,72,0.972972972972973
1064,376,4,1,26,7.4,1,0,12,95,0.8878504672897196
1065,685,4,1,51,2.1,0,1,22,60,0.7317073170731707
1066,197,7,1,3,3.1,0,1,7,55,0.8870967741935484
1067,3065,2,2,15,4.0,0,1,25,86,0.7747747747747747
1068,3921,9,6,97,9.0,1,0,9,95,0.9134615384615384
1069,2899,11,3,58,6.3,1,0,7,66,0.9041095890410958
1070,1377,6,2,31,0.1,0,1,8,82,0.9111111111111111
1071,1030,13,6,56,7.8,1,0,0,50,1.0
1072,3609,14,3,31,1.9,0,1,4,65,0.9420289855072463
1073,4988,3,1,58,1.3,0,1,16,69,0.8117647058823529
1074,214,3,1,24,6.0,1,0,23,40,0.6349206349206349
1075,134,10,4,92,4.9,0,1,2,94,0.9791666666666666
1076,572,1,4,100,1.9,0,1,7,78,0.9176470588235294
1077,2167,1,4,74,7.8,1,0,18,66,0.7857142857142857
1078,2884,7,1,60,8.5,1,0,17,76,0.8172043010752689
1079,2936,11,3,49,2.7,0,1,23,62,0.7294117647058823
1080,4968,11,3,68,6.6,1,0,24,93,0.7948717948717948
1081,3619,2,2,27,8.8,1,0,1,54,0.9818181818181818
1082,1319,15,5,76,1.5,0,1,17,58,0.7733333333333333
1083,2443,3,1,93,1.7,0,1,6,74,0.925
1084,2396,12,3,27,2.2,0,1,2,89,0.978021978021978
1085,1990,15,5,30,7.7,1,0,28,43,0.6056338028169014
1086,413,5,2,94,9.2,1,0,19,61,0.7625
1087,3076,1,4,25,0.3,0,1,4,78,0.9512195121951219
1088,1629,11,3,1,5.8,1,0,27,72,0.7272727272727273
1089,4018,11,3,24,0.3,0,1,0,89,1.0
1090,3712,6,2,20,0.5,0,1,26,84,0.7636363636363637
1091,1411,6,2,46,3.9,0,1,6,45,0.8823529411764706
1092,4190,7,1,1,4.4,0,1,5,54,0.9152542372881356
1093,960,5,2,31,5.3,1,0,9,59,0.8676470588235294
1094,1893,8,5,32,0.1,0,1,7,62,0.8985507246376812
1095,3439,3,1,63,4.1,0,1,0,42,1.0
1096,4807,8,5,49,7.6,1,0,29,89,0.7542372881355932
1097,1528,6,2,18,4.6,0,1,7,78,0.9176470588235294
1098,3604,15,5,50,4.9,0,1,24,56,0.7
1099,4501,9,6,12,2.3,0,1,18,46,0.71875
1100,2247,3,1,2,2.3,0,1,15,63,0.8076923076923077
1101,3220,10,4,40,0.6,0,1,9,55,0.859375
1102,573,14,3,39,0.3,0,1,7,77,0.9166666666666666
1103,4327,9,6,61,7.0,1,0,9,50,0.847457627118644
1104,3015,4,1,91,7.8,1,0,23,98,0.8099173553719008
1105,3785,2,2,66,9.3,1,0,8,96,0.9230769230769231
1106,1536,9,6,37,0.1,0,1,17,84,0.8316831683168316
1107,4367,13,6,100,8.6,1,0,16,63,0.7974683544303798
1108,3372,11,3,29,5.0,1,0,5,82,0.9425287356321839
1109,4466,13,6,43,1.5,0,1,4,88,0.9565217391304348
1110,419,1,4,37,6.4,1,0,12,57,0.8260869565217391
1111,4541,15,5,90,3.6,0,1,2,95,0.979381443298969
1112,3014,6,2,73,8.6,1,0,8,74,0.9024390243902439
1113,3908,14,3,5,1.9,0,1,26,48,0.6486486486486487
1114,992,9,6,60,0.1,0,1,19,63,0.7682926829268293
1115,335,12,3,86,5.5,1,0,27,75,0.7352941176470589
1116,4486,9,6,36,1.6,0,1,7,82,0.9213483146067416
1117,2972,10,4,34,0.1,0,1,23,91,0.7982456140350878
1118,567,7,1,74,5.4,1,0,1,97,0.9897959183673469
1119,3487,9,6,9,2.3,0,1,20,64,0.7619047619047619
1120,1672,11,3,92,9.7,1,0,27,49,0.6447368421052632
1121,1171,5,2,88,2.9,0,1,24,51,0.68
1122,3513,6,2,47,4.1,0,1,11,82,0.8817204301075269
1123,4023,11,3,58,1.3,0,1,25,97,0.7950819672131147
1124,1877,6,2,85,3.4,0,1,2,70,0.9722222222222222
1125,1083,8,5,36,9.5,1,0,17,58,0.7733333333333333
1126,3731,15,5,77,6.8,1,0,14,42,0.75
1127,2895,10,4,77,2.7,0,1,28,98,0.7777777777777778
1128,2280,7,1,13,4.5,0,1,10,54,0.84375
1129,3289,1,4,54,7.1,1,0,9,100,0.9174311926605505
1130,2382,8,5,94,6.8,1,0,13,86,0.8686868686868687
1131,4009,5,2,1,6.1,1,0,2,83,0.9764705882352941
1132,1286,7,1,4,1.5,0,1,16,69,0.8117647058823529
1133,448,1,4,93,9.8,1,0,14,88,0.8627450980392157
1134,533,2,2,4,4.3,0,1,9,72,0.8888888888888888
1135,435,15,5,98,1.4,0,1,6,49,0.8909090909090909
1136,2924,11,3,97,5.1,1,0,18,79,0.8144329896907216
1137,4178,15,5,3,0.6,0,1,17,74,0.8131868131868132
1138,809,5,2,68,3.0,0,1,20,78,0.7959183673469388
1139,2547,7,1,88,9.4,1,0,10,56,0.8484848484848485
1140,604,12,3,9,1.8,0,1,22,51,0.6986301369863014
1141,1184,10,4,53,9.9,1,0,1,67,0.9852941176470589
1142,675,4,1,72,1.8,0,1,23,47,0.6714285714285714
1143,3884,12,3,21,7.4,1,0,19,60,0.759493670886076
1144,1182,12,3,10,5.6,1,0,13,68,0.8395061728395061
1145,4237,14,3,19,2.1,0,1,28,82,0.7454545454545455
1146,4756,7,1,62,3.2,0,1,23,69,0.75
1147,3375,12,3,48,5.8,1,0,21,96,0.8205128205128205
1148,4560,7,1,29,4.5,0,1,15,92,0.8598130841121495
1149,4337,6,2,43,5.9,1,0,14,99,0.8761061946902655
1150,901,15,5,11,7.7,1,0,19,97,0.8362068965517241
1151,3944,12,3,17,2.8,0,1,16,97,0.8584070796460177
1152,932,9,6,94,4.4,0,1,29,67,0.6979166666666666
1153,1631,4,1,62,6.3,1,0,26,69,0.7263157894736842
1154,2144,8,5,20,7.1,1,0,24,89,0.7876106194690266
1155,3628,12,3,28,1.6,0,1,12,87,0.8787878787878788
1156,4251,2,2,30,4.2,0,1,10,82,0.8913043478260869
1157,1821,7,1,40,0.5,0,1,22,65,0.7471264367816092
1158,1093,1,4,90,9.8,1,0,26,51,0.6623376623376623
1159,4413,3,1,92,0.3,0,1,9,80,0.898876404494382
1160,4811,15,5,42,7.1,1,0,13,51,0.796875
1161,2283,2,2,83,2.5,0,1,24,49,0.6712328767123288
1162,2292,6,2,77,9.2,1,0,3,86,0.9662921348314607
1163,1057,4,1,87,8.2,1,0,9,82,0.9010989010989011
1164,688,5,2,22,0.8,0,1,11,73,0.8690476190476191
1165,1214,6,2,33,9.6,1,0,10,87,0.8969072164948454
1166,961,5,2,29,3.1,0,1,17,99,0.853448275862069
1167,1215,6,2,8,0.6,0,1,29,86,0.7478260869565218
1168,3132,11,3,78,9.0,1,0,18,48,0.7272727272727273
1169,293,6,2,9,0.6,0,1,8,84,0.9130434782608695
1170,614,6,2,76,3.0,0,1,19,89,0.8240740740740741
1171,1122,12,3,70,1.9,0,1,18,58,0.7631578947368421
1172,1248,9,6,32,3.5,0,1,27,96,0.7804878048780488
1173,1110,8,5,8,4.2,0,1,14,70,0.8333333333333334
1174,609,5,2,77,8.3,1,0,12,58,0.8285714285714286
1175,1170,4,1,51,10.0,1,0,3,71,0.9594594594594594
1176,382,4,1,100,8.7,1,0,9,51,0.85
1177,1493,4,1,37,0.7,0,1,14,100,0.8771929824561403
1178,3745,10,4,92,9.8,1,0,4,88,0.9565217391304348
1179,654,11,3,14,4.6,0,1,1,63,0.984375
1180,1333,5,2,41,8.6,1,0,12,40,0.7692307692307693
1181,197,2,2,21,7.5,1,0,27,47,0.6351351351351351
1182,3944,3,1,5,5.6,1,0,17,58,0.7733333333333333
1183,133,3,1,57,7.8,1,0,20,97,0.8290598290598291
1184,4711,5,2,26,9.9,1,0,11,50,0.819672131147541
1185,960,2,2,97,7.9,1,0,26,88,0.7719298245614035
1186,4013,2,2,61,9.8,1,0,26,66,0.717391304347826
1187,1500,6,2,84,9.7,1,0,22,94,0.8103448275862069
1188,742,6,2,53,2.4,0,1,17,74,0.8131868131868132
1189,3266,5,2,86,3.9,0,1,21,61,0.7439024390243902
1190,146,5,2,98,3.2,0,1,18,64,0.7804878048780488
1191,44,13,6,96,4.1,0,1,30,50,0.625
1192,4242,6,2,30,3.9,0,1,26,88,0.7719298245614035
1193,3997,14,3,40,6.0,1,0,17,80,0.8247422680412371
1194,551,9,6,61,9.6,1,0,25,88,0.7787610619469026
1195,604,14,3,89,2.0,0,1,22,66,0.75
1196,1913,6,2,99,2.9,0,1,3,54,0.9473684210526315
1197,1996,2,2,12,6.9,1,0,21,99,0.825
1198,4007,12,3,7,4.4,0,1,25,58,0.6987951807228916
1199,2622,5,2,62,8.8,1,0,16,90,0.8490566037735849
1200,1678,15,5,74,7.5,1,0,18,93,0.8378378378378378
1201,161,5,2,75,4.7,0,1,22,45,0.6716417910447762
1202,149,4,1,6,7.3,1,0,7,93,0.93
1203,3889,10,4,78,1.2,0,1,2,72,0.972972972972973
1204,2744,12,3,1,1.6,0,1,14,65,0.8227848101265823
1205,3597,1,4,100,4.3,0,1,9,94,0.912621359223301
1206,50,10,4,27,7.6,1,0,22,88,0.8
1207,2624,8,5,57,4.3,0,1,22,81,0.7864077669902912
1208,712,5,2,2,3.8,0,1,23,49,0.6805555555555556
1209,3210,1,4,6,3.4,0,1,4,75,0.9493670886075949
1210,3394,4,1,45,9.9,1,0,8,42,0.84
1211,4567,9,6,85,3.4,0,1,14,59,0.8082191780821918
1212,2176,5,2,38,9.6,1,0,7,88,0.9263157894736842
1213,4318,15,5,70,8.4,1,0,10,74,0.8809523809523809
1214,1483,12,3,32,7.8,1,0,11,61,0.8472222222222222
1215,1185,7,1,30,4.6,0,1,7,74,0.9135802469135802
1216,484,14,3,50,7.6,1,0,15,70,0.8235294117647058
1217,4921,9,6,73,0.4,0,1,27,88,0.7652173913043478
1218,1711,9,6,89,0.9,0,1,1,40,0.975609756097561
1219,3250,4,1,14,0.0,0,1,30,78,0.7222222222222222
1220,2883,1,4,60,7.8,1,0,3,56,0.9491525423728814
1221,39,11,3,34,5.1,1,0,16,69,0.8117647058823529
1222,925,14,3,85,4.3,0,1,1,70,0.9859154929577465
1223,1978,14,3,29,5.6,1,0,25,46,0.647887323943662
1224,467,10,4,24,0.5,0,1,19,46,0.7076923076923077
1225,955,5,2,78,7.2,1,0,19,48,0.7164179104477612
1226,959,11,3,49,5.5,1,0,28,41,0.5942028985507246
1227,4702,15,5,66,8.4,1,0,8,69,0.8961038961038961
1228,1581,10,4,67,8.4,1,0,7,82,0.9213483146067416
1229,3154,15,5,33,9.0,1,0,19,40,0.6779661016949152
1230,3453,11,3,15,0.1,0,1,13,42,0.7636363636363637
1231,1810,15,5,30,5.2,1,0,4,98,0.9607843137254902
1232,1210,11,3,27,5.5,1,0,22,50,0.6944444444444444
1233,1497,4,1,48,2.1,0,1,10,60,0.8571428571428571
1234,4070,3,1,60,6.9,1,0,10,79,0.8876404494382022
1235,1082,13,6,82,3.2,0,1,20,44,0.6875
1236,4454,14,3,81,8.4,1,0,14,49,0.7777777777777778
1237,380,7,1,79,4.0,0,1,27,89,0.7672413793103449
1238,3616,8,5,52,4.9,0,1,23,89,0.7946428571428571
1239,3811,9,6,65,4.7,0,1,6,94,0.94
1240,82,9,6,81,2.5,0,1,30,72,0.7058823529411765
1241,1728,10,4,64,1.3,0,1,29,42,0.5915492957746479
1242,3210,12,3,55,2.1,0,1,19,61,0.7625
1243,3501,9,6,73,5.4,1,0,12,62,0.8378378378378378
1244,3600,5,2,65,9.4,1,0,18,88,0.8301886792452831
1245,1986,7,1,60,8.5,1,0,20,41,0.6721311475409836
1246,3536,12,3,9,5.7,1,0,27,87,0.7631578947368421
1247,4050,15,5,46,0.1,0,1,6,73,0.9240506329113924
1248,630,13,6,93,8.8,1,0,20,43,0.6825396825396826
1249,2109,4,1,72,5.4,1,0,2,62,0.96875
1250,1676,2,2,46,9.6,1,0,0,40,1.0
1251,2953,12,3,69,2.1,0,1,21,52,0.7123287671232876
1252,2478,12,3,70,3.2,0,1,28,75,0.7281553398058253
1253,2403,13,6,24,3.3,0,1,12,44,0.7857142857142857
1254,2257,15,5,9,10.0,1,0,14,100,0.8771929824561403
1255,4266,5,2,28,8.8,1,0,27,91,0.7711864406779662
1256,3697,7,1,4,1.0,0,1,16,87,0.8446601941747572
1257,1624,3,1,100,3.6,0,1,21,76,0.7835051546391752
1258,4191,2,2,90,3.8,0,1,11,84,0.8842105263157894
1259,1895,11,3,47,1.5,0,1,21,86,0.8037383177570093
1260,3335,13,6,76,1.9,0,1,21,67,0.7613636363636364
1261,424,5,2,98,7.2,1,0,10,76,0.8837209302325582
1262,4766,1,4,34,7.4,1,0,21,83,0.7980769230769231
1263,60,2,2,79,9.3,1,0,29,76,0.7238095238095238
1264,2563,12,3,72,5.7,1,0,2,85,0.9770114942528736
1265,4170,12,3,38,2.4,0,1,5,57,0.9193548387096774
1266,2520,15,5,47,5.0,1,0,9,92,0.9108910891089109
1267,1918,5,2,84,1.8,0,1,18,62,0.775
1268,619,3,1,20,5.6,1,0,24,77,0.7623762376237624
1269,2735,3,1,75,7.6,1,0,7,95,0.9313725490196079
1270,4107,3,1,14,9.7,1,0,13,49,0.7903225806451613
1271,4413,7,1,71,7.9,1,0,4,46,0.92
1272,352,1,4,91,4.6,0,1,10,78,0.8863636363636364
1273,266,2,2,26,1.8,0,1,26,80,0.7547169811320755
1274,2886,14,3,60,0.2,0,1,24,59,0.7108433734939759
1275,2352,13,6,11,7.9,1,0,16,49,0.7538461538461538
1276,1217,5,2,97,2.1,0,1,0,51,1.0
1277,2780,10,4,42,5.0,1,0,17,63,0.7875
1278,2670,15,5,57,2.1,0,1,27,54,0.6666666666666666
1279,4961,8,5,35,1.7,0,1,12,40,0.7692307692307693
1280,4453,6,2,46,0.4,0,1,21,65,0.7558139534883721
1281,1290,13,6,48,7.9,1,0,18,79,0.8144329896907216
1282,897,5,2,98,6.8,1,0,24,93,0.7948717948717948
1283,1947,14,3,99,3.2,0,1,25,76,0.7524752475247525
1284,2956,10,4,41,4.1,0,1,26,47,0.6438356164383562
1285,3809,3,1,2,4.7,0,1,7,67,0.9054054054054054
1286,3981,10,4,72,8.2,1,0,16,78,0.8297872340425532
1287,1667,8,5,25,3.9,0,1,28,92,0.7666666666666667
1288,394,2,2,45,8.9,1,0,5,70,0.9333333333333333
1289,3960,4,1,60,2.8,0,1,17,90,0.8411214953271028
1290,763,2,2,69,3.0,0,1,17,71,0.8068181818181818
1291,4374,10,4,3,3.6,0,1,18,46,0.71875
1292,4446,14,3,37,2.9,0,1,18,41,0.6949152542372882
1293,501,14,3,22,3.4,0,1,10,99,0.908256880733945
1294,4227,8,5,66,1.5,0,1,27,69,0.71875
1295,1631,2,2,28,0.2,0,1,5,95,0.95
1296,256,4,1,58,7.6,1,0,7,99,0.9339622641509434
1297,2836,5,2,6,8.6,1,0,11,80,0.8791208791208791
1298,1907,4,1,88,6.8,1,0,24,90,0.7894736842105263
1299,2,13,6,13,4.2,0,1,25,93,0.788135593220339
1300,3770,9,6,94,3.6,0,1,1,92,0.989247311827957
1301,3411,15,5,5,6.2,1,0,23,54,0.7012987012987013
1302,1622,8,5,9,6.2,1,0,12,62,0.8378378378378378
1303,4144,15,5,41,0.7,0,1,4,85,0.9550561797752809
1304,571,14,3,94,2.9,0,1,10,56,0.8484848484848485
1305,4405,15,5,14,5.6,1,0,24,82,0.7735849056603774
1306,1685,3,1,22,8.7,1,0,0,90,1.0
1307,3207,15,5,9,3.5,0,1,21,60,0.7407407407407407
1308,244,2,2,77,8.1,1,0,14,70,0.8333333333333334
1309,4932,15,5,66,7.1,1,0,18,60,0.7692307692307693
1310,172,14,3,39,4.7,0,1,22,42,0.65625
1311,94,14,3,52,1.8,0,1,10,92,0.9019607843137255
1312,362,2,2,58,8.1,1,0,10,79,0.8876404494382022
1313,637,8,5,88,2.8,0,1,17,81,0.826530612244898
1314,4862,1,4,77,9.3,1,0,6,94,0.94
1315,4612,13,6,29,4.1,0,1,0,84,1.0
1316,2525,11,3,36,4.8,0,1,14,86,0.86
1317,156,7,1,56,0.5,0,1,11,71,0.8658536585365854
1318,3115,15,5,42,1.3,0,1,6,76,0.926829268292683
1319,4567,4,1,10,7.3,1,0,5,86,0.945054945054945
1320,2665,10,4,65,8.6,1,0,4,98,0.9607843137254902
1321,701,9,6,91,6.0,1,0,14,90,0.8653846153846154
1322,70,2,2,56,9.5,1,0,21,58,0.7341772151898734
1323,2087,5,2,45,0.7,0,1,19,100,0.8403361344537815
1324,3371,2,2,28,4.9,0,1,7,56,0.8888888888888888
1325,243,14,3,70,6.7,1,0,19,70,0.7865168539325843
1326,4268,6,2,29,1.2,0,1,22,42,0.65625
1327,1138,11,3,59,6.4,1,0,7,76,0.9156626506024096
1328,1998,10,4,92,8.8,1,0,27,76,0.7378640776699029
1329,830,11,3,95,3.8,0,1,8,60,0.8823529411764706
1330,4847,5,2,70,0.2,0,1,4,43,0.9148936170212766
1331,4736,11,3,41,8.0,1,0,23,88,0.7927927927927928
1332,4053,10,4,43,5.0,1,0,20,92,0.8214285714285714
1333,3236,1,4,58,1.6,0,1,1,93,0.9893617021276596
1334,4875,4,1,25,6.4,1,0,21,85,0.8018867924528302
1335,1799,13,6,3,1.5,0,1,25,66,0.7252747252747253
1336,4481,3,1,19,0.1,0,1,6,90,0.9375
1337,4180,5,2,44,7.9,1,0,17,47,0.734375
1338,1693,5,2,74,4.7,0,1,10,92,0.9019607843137255
1339,3662,15,5,41,8.7,1,0,26,94,0.7833333333333333
1340,1831,3,1,49,3.8,0,1,1,53,0.9814814814814815
1341,4506,3,1,15,1.2,0,1,13,51,0.796875
1342,62,13,6,41,7.9,1,0,1,83,0.9880952380952381
1343,1051,6,2,41,0.7,0,1,1,96,0.9896907216494846
1344,4619,13,6,81,5.9,1,0,12,92,0.8846153846153846
1345,1414,10,4,39,1.8,0,1,25,82,0.7663551401869159
1346,3338,5,2,83,6.1,1,0,24,71,0.7473684210526316
1347,136,8,5,3,2.2,0,1,10,64,0.8648648648648649
1348,1430,2,2,46,3.6,0,1,4,71,0.9466666666666667
1349,2098,3,1,15,4.0,0,1,29,46,0.6133333333333333
1350,4786,15,5,46,7.6,1,0,11,92,0.8932038834951457
1351,4648,13,6,39,1.1,0,1,18,86,0.8269230769230769
1352,126,5,2,42,2.6,0,1,18,43,0.7049180327868853
1353,3562,6,2,39,7.2,1,0,15,73,0.8295454545454546
1354,1201,10,4,19,3.0,0,1,20,79,0.797979797979798
1355,4111,9,6,50,8.0,1,0,12,44,0.7857142857142857
1356,885,14,3,68,8.7,1,0,14,95,0.8715596330275229
1357,471,14,3,2,4.4,0,1,19,89,0.8240740740740741
1358,4541,10,4,2,0.1,0,1,2,75,0.974025974025974
1359,324,3,1,5,9.1,1,0,3,63,0.9545454545454546
1360,3029,7,1,60,4.6,0,1,25,60,0.7058823529411765
1361,1521,2,2,53,2.0,0,1,19,91,0.8272727272727273
1362,1289,11,3,33,7.3,1,0,9,89,0.9081632653061225
1363,2912,15,5,4,4.5,0,1,10,59,0.855072463768116
1364,3740,9,6,66,5.8,1,0,25,60,0.7058823529411765
1365,3043,10,4,31,6.2,1,0,18,69,0.7931034482758621
1366,4024,6,2,88,9.0,1,0,3,95,0.9693877551020408
1367,2519,3,1,41,9.3,1,0,16,41,0.7192982456140351
1368,4074,12,3,38,1.5,0,1,3,50,0.9433962264150944
1369,11,13,6,25,9.9,1,0,24,70,0.7446808510638298
1370,1749,13,6,53,0.1,0,1,3,59,0.9516129032258065
1371,2639,3,1,31,1.8,0,1,4,88,0.9565217391304348
1372,895,13,6,37,1.3,0,1,28,42,0.6
1373,2164,13,6,13,4.9,0,1,6,85,0.9340659340659341
1374,4692,6,2,29,5.1,1,0,6,40,0.8695652173913043
1375,3961,2,2,89,5.1,1,0,13,67,0.8375
1376,96,10,4,4,2.4,0,1,10,47,0.8245614035087719
1377,2207,10,4,7,6.5,1,0,6,99,0.9428571428571428
1378,1906,2,2,32,5.7,1,0,28,64,0.6956521739130435
1379,292,15,5,46,7.0,1,0,4,86,0.9555555555555556
1380,432,11,3,58,2.0,0,1,2,63,0.9692307692307692
1381,3382,8,5,53,6.8,1,0,29,55,0.6547619047619048
1382,4120,14,3,55,3.6,0,1,4,65,0.9420289855072463
1383,1920,1,4,13,7.1,1,0,27,44,0.6197183098591549
1384,4128,1,4,25,0.3,0,1,25,82,0.7663551401869159
1385,1763,9,6,57,8.1,1,0,24,88,0.7857142857142857
1386,2249,3,1,51,2.1,0,1,29,58,0.6666666666666666
1387,63,12,3,46,2.9,0,1,15,62,0.8051948051948052
1388,3052,2,2,43,8.4,1,0,21,65,0.7558139534883721
1389,4261,4,1,21,1.9,0,1,26,77,0.7475728155339806
1390,592,12,3,71,8.9,1,0,5,72,0.935064935064935
1391,57,10,4,9,8.1,1,0,18,45,0.7142857142857143
1392,3837,8,5,90,0.3,0,1,18,93,0.8378378378378378
1393,4310,3,1,63,4.6,0,1,30,90,0.75
1394,948,8,5,76,3.4,0,1,15,73,0.8295454545454546
1395,2700,11,3,72,4.4,0,1,12,67,0.8481012658227848
1396,1007,3,1,11,7.1,1,0,15,85,0.85
1397,2318,12,3,34,3.1,0,1,11,93,0.8942307692307693
1398,3094,6,2,58,2.9,0,1,30,96,0.7619047619047619
1399,3943,15,5,43,9.9,1,0,27,78,0.7428571428571429
1400,4325,3,1,38,9.4,1,0,2,53,0.9636363636363636
1401,1192,15,5,69,7.9,1,0,3,72,0.96
1402,116,13,6,13,9.6,1,0,19,83,0.8137254901960784
1403,2999,6,2,65,2.7,0,1,8,60,0.8823529411764706
1404,3666,15,5,25,3.2,0,1,12,56,0.8235294117647058
1405,286,13,6,58,1.1,0,1,23,59,0.7195121951219512
1406,4678,2,2,26,1.1,0,1,8,67,0.8933333333333333
1407,3045,3,1,64,3.1,0,1,23,56,0.7088607594936709
1408,2915,7,1,33,3.2,0,1,25,53,0.6794871794871795
1409,551,11,3,23,5.7,1,0,7,73,0.9125
1410,1446,7,1,41,1.0,0,1,24,77,0.7623762376237624
1411,2092,8,5,24,5.7,1,0,4,65,0.9420289855072463
1412,1836,4,1,58,0.3,0,1,20,99,0.8319327731092437
1413,275,10,4,45,1.2,0,1,6,92,0.9387755102040817
1414,4970,14,3,11,6.8,1,0,5,93,0.9489795918367347
1415,1193,3,1,57,7.2,1,0,13,46,0.7796610169491526
1416,2877,9,6,33,7.8,1,0,11,84,0.8842105263157894
1417,692,2,2,70,7.5,1,0,15,84,0.8484848484848485
1418,2425,15,5,24,1.6,0,1,3,75,0.9615384615384616
1419,2690,9,6,28,9.8,1,0,30,84,0.7368421052631579
1420,1778,3,1,80,4.8,0,1,15,41,0.7321428571428571
1421,1637,5,2,4,6.2,1,0,27,47,0.6351351351351351
1422,4387,2,2,35,8.3,1,0,11,59,0.8428571428571429
1423,1875,7,1,19,6.4,1,0,14,81,0.8526315789473684
1424,2185,9,6,94,1.1,0,1,14,52,0.7878787878787878
1425,951,8,5,93,5.5,1,0,24,60,0.7142857142857143
1426,1105,10,4,62,4.3,0,1,5,92,0.9484536082474226
1427,4165,5,2,84,8.6,1,0,12,75,0.8620689655172413
1428,2599,2,2,76,1.5,0,1,2,71,0.9726027397260274
1429,2885,11,3,70,8.1,1,0,12,93,0.8857142857142857
1430,4918,3,1,58,7.0,1,0,9,50,0.847457627118644
1431,410,14,3,83,0.5,0,1,19,94,0.831858407079646
1432,980,7,1,16,0.4,0,1,16,45,0.7377049180327869
1433,888,15,5,14,9.5,1,0,15,42,0.7368421052631579
1434,2458,1,4,38,7.1,1,0,15,74,0.8314606741573034
1435,3846,4,1,61,3.0,0,1,1,63,0.984375
1436,1112,2,2,93,6.9,1,0,23,40,0.6349206349206349
1437,1052,1,4,64,9.2,1,0,18,94,0.8392857142857143
1438,3958,13,6,8,6.3,1,0,13,83,0.8645833333333334
1439,1864,2,2,55,1.3,0,1,10,72,0.8780487804878049
1440,536,15,5,7,8.3,1,0,14,70,0.8333333333333334
1441,917,10,4,51,6.6,1,0,15,67,0.8170731707317073
1442,4016,14,3,96,9.5,1,0,2,83,0.9764705882352941
1443,3297,7,1,7,4.1,0,1,17,61,0.782051282051282
1444,4501,11,3,96,7.6,1,0,17,81,0.826530612244898
1445,2351,13,6,81,8.0,1,0,8,82,0.9111111111111111
1446,1116,5,2,44,0.6,0,1,8,86,0.9148936170212766
1447,4155,9,6,52,2.9,0,1,11,54,0.8307692307692308
1448,4113,7,1,72,9.9,1,0,23,58,0.7160493827160493
1449,2591,2,2,23,4.2,0,1,28,51,0.6455696202531646
1450,4043,15,5,54,4.2,0,1,30,68,0.6938775510204082
1451,1945,2,2,44,3.7,0,1,10,93,0.9029126213592233
1452,2211,2,2,89,4.7,0,1,17,53,0.7571428571428571
1453,1496,2,2,11,1.5,0,1,30,74,0.7115384615384616
1454,896,9,6,53,5.2,1,0,0,94,1.0
1455,3202,4,1,39,3.3,0,1,30,73,0.7087378640776699
1456,2793,7,1,96,6.9,1,0,15,98,0.8672566371681416
1457,3972,2,2,1,2.9,0,1,20,64,0.7619047619047619
1458,4136,14,3,96,8.8,1,0,5,67,0.9305555555555556
1459,1936,5,2,23,8.2,1,0,5,53,0.9137931034482759
1460,2946,10,4,24,5.3,1,0,16,80,0.8333333333333334
1461,3888,1,4,3,3.3,0,1,11,45,0.8035714285714286
1462,1718,7,1,24,4.8,0,1,30,94,0.7580645161290323
1463,1442,6,2,69,9.4,1,0,12,47,0.7966101694915254
1464,4152,3,1,13,0.7,0,1,8,40,0.8333333333333334
1465,4495,5,2,94,5.0,1,0,8,49,0.8596491228070176
1466,3383,2,2,45,6.3,1,0,9,69,0.8846153846153846
1467,957,13,6,22,0.7,0,1,23,64,0.735632183908046
1468,1029,8,5,48,4.5,0,1,6,55,0.9016393442622951
1469,1508,1,4,4,4.2,0,1,3,95,0.9693877551020408
1470,1829,7,1,71,6.1,1,0,29,49,0.6282051282051282
1471,3847,13,6,37,9.8,1,0,24,74,0.7551020408163265
1472,81,3,1,92,1.9,0,1,20,93,0.8230088495575221
1473,2939,3,1,31,3.2,0,1,16,80,0.8333333333333334
1474,2080,11,3,48,6.0,1,0,7,91,0.9285714285714286
1475,4576,4,1,86,6.6,1,0,9,65,0.8783783783783784
1476,511,8,5,37,5.8,1,0,2,65,0.9701492537313433
1477,4279,14,3,16,3.2,0,1,10,67,0.8701298701298701
1478,835,4,1,78,4.3,0,1,22,43,0.6615384615384615
1479,2547,8,5,83,3.2,0,1,24,47,0.6619718309859155
1480,56,5,2,24,2.7,0,1,4,60,0.9375
1481,4559,5,2,51,3.7,0,1,30,77,0.719626168224299
1482,4761,4,1,26,2.4,0,1,25,61,0.7093023255813954
1483,3907,2,2,58,9.3,1,0,17,90,0.8411214953271028
1484,2951,4,1,65,8.2,1,0,27,57,0.6785714285714286
1485,4836,10,4,35,0.2,0,1,23,95,0.8050847457627118
1486,2213,12,3,58,4.6,0,1,4,70,0.9459459459459459
1487,3710,3,1,66,0.2,0,1,27,48,0.64
1488,4076,8,5,96,9.7,1,0,9,40,0.8163265306122449
1489,200,14,3,88,2.8,0,1,12,99,0.8918918918918919
1490,2102,1,4,68,5.0,1,0,17,46,0.7301587301587301
1491,3887,4,1,56,1.1,0,1,16,61,0.7922077922077922
1492,3687,12,3,44,1.5,0,1,28,63,0.6923076923076923
1493,1322,15,5,15,3.9,0,1,28,50,0.6410256410256411
1494,284,12,3,12,1.1,0,1,16,43,0.7288135593220338
1495,4303,3,1,100,6.9,1,0,20,78,0.7959183673469388
1496,2671,5,2,81,5.6,1,0,20,60,0.75
1497,1095,2,2,94,9.4,1,0,2,81,0.9759036144578314
1498,1124,2,2,89,3.6,0,1,28,59,0.6781609195402298
1499,3463,4,1,25,2.5,0,1,3,88,0.967032967032967
1500,3875,10,4,86,5.4,1,0,4,68,0.9444444444444444
1501,3442,15,5,76,9.1,1,0,3,69,0.9583333333333334
1502,3828,1,4,49,6.2,1,0,1,84,0.9882352941176471
1503,2701,15,5,30,9.1,1,0,14,43,0.7543859649122807
1504,1012,10,4,82,2.4,0,1,7,78,0.9176470588235294
1505,5000,9,6,89,4.1,0,1,10,98,0.9074074074074074
1506,515,15,5,34,6.4,1,0,28,99,0.7795275590551181
1507,1775,7,1,33,4.3,0,1,18,64,0.7804878048780488
1508,4686,1,4,45,3.1,0,1,10,51,0.8360655737704918
1509,612,10,4,6,7.8,1,0,5,65,0.9285714285714286
1510,3885,2,2,24,9.6,1,0,17,90,0.8411214953271028
1511,2251,1,4,38,8.0,1,0,13,91,0.875
1512,478,9,6,85,2.5,0,1,23,41,0.640625
1513,3587,4,1,43,9.0,1,0,13,43,0.7678571428571429
1514,127,12,3,63,5.8,1,0,22,56,0.717948717948718
1515,487,11,3,61,7.9,1,0,13,73,0.8488372093023255
1516,2872,13,6,49,2.7,0,1,26,88,0.7719298245614035
1517,4869,12,3,20,3.1,0,1,10,76,0.8837209302325582
1518,1891,4,1,33,5.3,1,0,16,64,0.8
1519,4652,6,2,40,4.1,0,1,1,40,0.975609756097561
1520,1028,3,1,2,6.7,1,0,14,67,0.8271604938271605
1521,2249,7,1,47,2.0,0,1,22,86,0.7962962962962963
1522,4078,15,5,86,3.7,0,1,28,79,0.7383177570093458
1523,2770,10,4,54,1.3,0,1,21,80,0.7920792079207921
1524,3880,5,2,17,8.2,1,0,7,59,0.8939393939393939
1525,1001,15,5,20,5.5,1,0,7,58,0.8923076923076924
1526,1952,11,3,61,0.2,0,1,14,61,0.8133333333333334
1527,1532,7,1,79,8.1,1,0,16,63,0.7974683544303798
1528,3913,6,2,30,9.4,1,0,2,64,0.9696969696969697
1529,4988,2,2,25,6.2,1,0,12,75,0.8620689655172413
1530,4992,4,1,31,1.3,0,1,12,65,0.8441558441558441
1531,723,7,1,28,6.2,1,0,8,73,0.9012345679012346
1532,853,13,6,16,4.6,0,1,24,89,0.7876106194690266
1533,1219,6,2,16,1.7,0,1,10,70,0.875
1534,2498,9,6,16,8.6,1,0,25,53,0.6794871794871795
1535,1472,5,2,56,6.3,1,0,20,64,0.7619047619047619
1536,1859,10,4,66,1.1,0,1,16,40,0.7142857142857143
1537,4314,6,2,45,2.7,0,1,1,89,0.9888888888888889
1538,3208,1,4,79,6.3,1,0,22,55,0.7142857142857143
1539,5000,13,6,81,8.6,1,0,1,43,0.9772727272727273
1540,3978,9,6,74,7.4,1,0,18,89,0.8317757009345794
1541,1758,6,2,99,9.7,1,0,12,46,0.7931034482758621
1542,3991,8,5,24,9.4,1,0,28,72,0.72
1543,1097,1,4,59,3.5,0,1,3,55,0.9482758620689655
1544,2458,9,6,100,4.3,0,1,14,77,0.8461538461538461
1545,3431,12,3,72,1.1,0,1,7,51,0.8793103448275862
1546,497,3,1,21,2.6,0,1,3,71,0.9594594594594594
1547,1822,11,3,21,5.6,1,0,10,79,0.8876404494382022
1548,2640,13,6,90,3.1,0,1,30,44,0.5945945945945946
1549,1169,5,2,82,4.1,0,1,8,40,0.8333333333333334
1550,35,14,3,80,2.9,0,1,9,55,0.859375
1551,3675,9,6,13,8.7,1,0,2,47,0.9591836734693877
1552,4783,6,2,68,4.7,0,1,29,93,0.7622950819672131
1553,1837,7,1,7,8.8,1,0,13,84,0.865979381443299
1554,1902,5,2,6,3.7,0,1,25,97,0.7950819672131147
1555,652,15,5,26,0.4,0,1,11,69,0.8625
1556,1525,4,1,73,3.7,0,1,5,68,0.9315068493150684
1557,4631,2,2,65,1.7,0,1,7,92,0.9292929292929293
1558,1011,7,1,63,1.2,0,1,4,78,0.9512195121951219
1559,4751,7,1,95,9.1,1,0,17,44,0.7213114754098361
1560,3833,13,6,43,3.1,0,1,2,58,0.9666666666666667
1561,2415,14,3,17,6.5,1,0,7,54,0.8852459016393442
1562,2819,14,3,20,6.7,1,0,10,65,0.8666666666666667
1563,401,3,1,28,6.7,1,0,5,59,0.921875
1564,4062,5,2,51,9.5,1,0,16,100,0.8620689655172413
1565,3933,10,4,17,9.5,1,0,2,75,0.974025974025974
1566,2869,6,2,95,0.7,0,1,14,43,0.7543859649122807
1567,1710,12,3,45,7.1,1,0,23,77,0.77
1568,3701,15,5,77,4.6,0,1,26,74,0.74
1569,133,9,6,64,5.1,1,0,28,58,0.6744186046511628
1570,821,8,5,66,9.9,1,0,28,70,0.7142857142857143
1571,1834,10,4,99,8.9,1,0,13,78,0.8571428571428571
1572,1804,10,4,39,7.4,1,0,28,78,0.7358490566037735
1573,4804,11,3,43,8.1,1,0,5,41,0.8913043478260869
1574,1075,1,4,27,8.9,1,0,5,47,0.9038461538461539
1575,507,5,2,70,9.6,1,0,3,47,0.94
1576,2125,15,5,54,5.3,1,0,2,55,0.9649122807017544
1577,4374,14,3,76,7.3,1,0,7,55,0.8870967741935484
1578,602,4,1,68,4.3,0,1,21,100,0.8264462809917356
1579,2368,10,4,18,2.2,0,1,10,84,0.8936170212765957
1580,1101,12,3,36,6.1,1,0,15,87,0.8529411764705882
1581,916,1,4,36,1.0,0,1,12,51,0.8095238095238095
1582,4554,15,5,43,8.4,1,0,28,100,0.78125
1583,862,14,3,1,2.5,0,1,0,99,1.0
1584,579,7,1,36,8.4,1,0,23,57,0.7125
1585,209,4,1,79,7.0,1,0,24,82,0.7735849056603774
1586,3279,3,1,15,1.1,0,1,29,75,0.7211538461538461
1587,167,7,1,79,0.4,0,1,7,93,0.93
1588,4127,10,4,11,1.1,0,1,20,72,0.782608695652174
1589,1205,2,2,78,9.0,1,0,25,47,0.6527777777777778
1590,1390,1,4,49,1.5,0,1,30,56,0.6511627906976745
1591,2354,2,2,68,3.2,0,1,0,44,1.0
1592,3414,13,6,54,7.3,1,0,21,45,0.6818181818181818
1593,2785,14,3,3,6.1,1,0,11,100,0.9009009009009009
1594,4051,12,3,43,3.9,0,1,26,45,0.6338028169014085
1595,607,11,3,30,2.5,0,1,2,61,0.9682539682539683
1596,1827,14,3,24,6.0,1,0,26,46,0.6388888888888888
1597,2124,10,4,30,6.0,1,0,28,87,0.7565217391304347
1598,4238,11,3,20,7.8,1,0,6,63,0.9130434782608695
1599,4995,14,3,52,2.4,0,1,28,85,0.7522123893805309
1600,3919,14,3,22,7.7,1,0,13,50,0.7936507936507936
1601,2213,14,3,57,1.0,0,1,19,88,0.822429906542056
1602,1913,10,4,13,4.2,0,1,28,50,0.6410256410256411
1603,3636,11,3,57,8.6,1,0,29,52,0.6419753086419753
1604,45,9,6,61,7.0,1,0,21,56,0.7272727272727273
1605,84,4,1,51,2.9,0,1,24,97,0.8016528925619835
1606,331,1,4,89,1.7,0,1,30,62,0.6739130434782609
1607,2354,1,4,56,7.1,1,0,28,95,0.7723577235772358
1608,3128,11,3,59,4.2,0,1,30,44,0.5945945945945946
1609,4031,3,1,62,7.4,1,0,29,85,0.7456140350877193
1610,2568,13,6,29,1.6,0,1,3,48,0.9411764705882353
1611,1665,11,3,50,3.2,0,1,10,67,0.8701298701298701
1612,2398,5,2,14,2.6,0,1,6,40,0.8695652173913043
1613,256,2,2,95,8.2,1,0,19,40,0.6779661016949152
1614,1792,15,5,72,1.8,0,1,30,40,0.5714285714285714
1615,1950,1,4,75,1.6,0,1,30,83,0.7345132743362832
1616,4156,4,1,40,2.0,0,1,8,59,0.8805970149253731
1617,3027,7,1,55,2.0,0,1,18,90,0.8333333333333334
1618,365,7,1,55,5.7,1,0,17,43,0.7166666666666667
1619,2351,13,6,79,2.7,0,1,29,65,0.6914893617021277
1620,3331,14,3,39,3.1,0,1,27,63,0.7
1621,546,6,2,60,0.9,0,1,21,76,0.7835051546391752
1622,1247,12,3,30,9.8,1,0,0,48,1.0
1623,4307,9,6,26,9.4,1,0,8,76,0.9047619047619048
1624,1038,15,5,69,2.7,0,1,9,61,0.8714285714285714
1625,2687,13,6,6,4.8,0,1,26,81,0.7570093457943925
1626,1405,14,3,80,6.8,1,0,4,95,0.9595959595959596
1627,4464,1,4,26,7.1,1,0,30,77,0.719626168224299
1628,2244,5,2,4,9.9,1,0,0,44,1.0
1629,31,15,5,43,4.3,0,1,28,76,0.7307692307692307
1630,3963,8,5,77,0.5,0,1,30,86,0.7413793103448276
1631,3541,14,3,33,9.0,1,0,19,64,0.7710843373493976
1632,2490,5,2,18,9.7,1,0,4,93,0.9587628865979382
1633,943,14,3,52,5.8,1,0,26,83,0.7614678899082569
1634,4288,10,4,22,7.0,1,0,13,76,0.8539325842696629
1635,3987,10,4,59,9.6,1,0,18,54,0.75
1636,2404,9,6,41,6.2,1,0,30,96,0.7619047619047619
1637,1538,14,3,47,4.7,0,1,4,91,0.9578947368421052
1638,1636,12,3,11,3.2,0,1,24,83,0.7757009345794392
1639,3299,1,4,47,6.9,1,0,14,77,0.8461538461538461
1640,2341,9,6,9,3.1,0,1,10,73,0.8795180722891566
1641,980,1,4,5,0.8,0,1,11,59,0.8428571428571429
1642,2527,8,5,47,0.6,0,1,8,63,0.8873239436619719
1643,4017,4,1,62,6.8,1,0,22,74,0.7708333333333334
1644,2198,9,6,5,7.0,1,0,4,91,0.9578947368421052
1645,34,13,6,88,2.2,0,1,27,73,0.73
1646,4049,14,3,83,7.6,1,0,14,100,0.8771929824561403
1647,4280,13,6,74,8.6,1,0,22,44,0.6666666666666666
1648,3922,9,6,93,8.7,1,0,7,91,0.9285714285714286
1649,1229,11,3,18,3.7,0,1,1,78,0.9873417721518988
1650,854,13,6,48,7.2,1,0,11,68,0.8607594936708861
1651,1880,3,1,23,9.4,1,0,5,55,0.9166666666666666
1652,1106,7,1,5,0.9,0,1,28,62,0.6888888888888889
1653,2345,3,1,51,6.2,1,0,23,85,0.7870370370370371
1654,4349,9,6,100,9.6,1,0,5,43,0.8958333333333334
1655,4707,14,3,81,0.8,0,1,8,49,0.8596491228070176
1656,1707,5,2,71,1.9,0,1,19,81,0.81
1657,309,12,3,54,0.8,0,1,16,57,0.7808219178082192
1658,2719,7,1,90,7.0,1,0,4,68,0.9444444444444444
1659,4187,6,2,62,2.0,0,1,4,85,0.9550561797752809
1660,1721,11,3,96,5.9,1,0,9,75,0.8928571428571429
1661,2387,8,5,90,4.4,0,1,8,65,0.8904109589041096
1662,3857,4,1,27,6.4,1,0,23,86,0.7889908256880734
1663,398,10,4,20,1.2,0,1,23,68,0.7472527472527473
1664,326,2,2,67,2.1,0,1,5,71,0.9342105263157895
1665,2149,1,4,25,9.8,1,0,13,77,0.8555555555555555
1666,2368,11,3,95,4.8,0,1,8,55,0.873015873015873
1667,2133,2,2,69,5.3,1,0,30,88,0.7457627118644068
1668,2953,14,3,81,4.5,0,1,13,93,0.8773584905660378
1669,3041,2,2,48,9.0,1,0,4,46,0.92
1670,4192,7,1,34,9.2,1,0,19,75,0.7978723404255319
1671,1138,2,2,74,3.0,0,1,11,45,0.8035714285714286
1672,3894,7,1,98,9.7,1,0,16,66,0.8048780487804879
1673,725,9,6,84,6.1,1,0,17,62,0.7848101265822784
1674,2467,15,5,2,6.3,1,0,7,96,0.9320388349514563
1675,505,4,1,19,9.8,1,0,7,63,0.9
1676,2644,6,2,76,6.0,1,0,11,52,0.8253968253968254
1677,4895,8,5,24,0.1,0,1,28,85,0.7522123893805309
1678,2659,14,3,53,0.2,0,1,20,66,0.7674418604651163
1679,2408,14,3,18,0.0,0,1,5,94,0.9494949494949495
1680,1165,14,3,47,5.7,1,0,25,55,0.6875
1681,3397,8,5,7,4.5,0,1,28,94,0.7704918032786885
1682,709,1,4,50,7.1,1,0,0,99,1.0
1683,817,12,3,97,0.9,0,1,7,80,0.9195402298850575
1684,36,4,1,18,1.6,0,1,21,50,0.704225352112676
1685,2047,6,2,91,3.0,0,1,6,84,0.9333333333333333
1686,4047,12,3,34,3.2,0,1,26,67,0.7204301075268817
1687,2745,7,1,5,7.9,1,0,12,70,0.8536585365853658
1688,2555,15,5,13,8.5,1,0,2,94,0.9791666666666666
1689,3240,4,1,66,1.7,0,1,10,77,0.8850574712643678
1690,3136,15,5,24,1.7,0,1,30,54,0.6428571428571429
1691,3996,3,1,36,6.9,1,0,17,92,0.8440366972477065
1692,2152,4,1,74,4.3,0,1,23,84,0.7850467289719626
1693,405,10,4,76,3.8,0,1,1,90,0.989010989010989
1694,3758,10,4,25,5.8,1,0,2,40,0.9523809523809523
1695,2867,2,2,46,6.3,1,0,23,69,0.75
1696,572,11,3,8,9.4,1,0,16,92,0.8518518518518519
1697,635,7,1,97,8.3,1,0,11,52,0.8253968253968254
1698,2797,10,4,91,6.6,1,0,11,86,0.8865979381443299
1699,517,13,6,47,6.4,1,0,6,80,0.9302325581395349
1700,1269,1,4,92,6.2,1,0,17,54,0.7605633802816901
1701,3049,4,1,35,1.5,0,1,8,80,0.9090909090909091
1702,4945,6,2,2,7.0,1,0,10,50,0.8333333333333334
1703,4362,1,4,7,7.3,1,0,13,56,0.8115942028985508
1704,4319,15,5,53,1.2,0,1,20,60,0.75
1705,3661,11,3,59,7.9,1,0,18,53,0.7464788732394366
1706,1516,5,2,52,7.1,1,0,20,65,0.7647058823529411
1707,2179,10,4,22,9.5,1,0,29,77,0.7264150943396226
1708,3551,4,1,99,5.3,1,0,20,76,0.7916666666666666
1709,4731,7,1,66,0.1,0,1,5,85,0.9444444444444444
1710,3452,7,1,73,7.2,1,0,6,93,0.9393939393939394
1711,444,1,4,41,3.1,0,1,12,57,0.8260869565217391
1712,1383,12,3,37,6.2,1,0,9,49,0.8448275862068966
1713,4607,3,1,70,0.9,0,1,16,97,0.8584070796460177
1714,1571,3,1,44,3.6,0,1,26,50,0.6578947368421053
1715,3076,7,1,94,9.7,1,0,2,70,0.9722222222222222
1716,4397,3,1,57,1.6,0,1,14,95,0.8715596330275229
1717,1518,2,2,31,4.3,0,1,22,41,0.6507936507936508
1718,4563,7,1,55,0.2,0,1,4,77,0.9506172839506173
1719,3296,4,1,10,4.1,0,1,27,43,0.6142857142857143
1720,960,12,3,24,2.8,0,1,1,58,0.9830508474576272
1721,82,12,3,87,2.1,0,1,28,46,0.6216216216216216
1722,3933,7,1,1,6.6,1,0,19,71,0.7888888888888889
1723,936,4,1,64,4.8,0,1,26,79,0.7523809523809524
1724,1775,9,6,49,3.0,0,1,8,69,0.8961038961038961
1725,251,5,2,20,0.4,0,1,17,100,0.8547008547008547
1726,3472,13,6,52,7.2,1,0,15,87,0.8529411764705882
1727,4352,7,1,25,3.6,0,1,18,83,0.8217821782178217
1728,2197,4,1,2,7.0,1,0,2,90,0.9782608695652174
1729,1218,3,1,50,6.0,1,0,3,60,0.9523809523809523
1730,1999,11,3,42,2.5,0,1,6,47,0.8867924528301887
1731,4133,8,5,2,6.5,1,0,20,62,0.7560975609756098
1732,330,10,4,71,8.2,1,0,28,49,0.6363636363636364
1733,535,13,6,53,8.6,1,0,23,63,0.7325581395348837
1734,1819,3,1,24,2.7,0,1,22,89,0.8018018018018018
1735,4265,14,3,38,6.3,1,0,28,81,0.7431192660550459
1736,4080,5,2,74,2.0,0,1,7,56,0.8888888888888888
1737,656,7,1,18,8.8,1,0,27,88,0.7652173913043478
1738,1193,6,2,83,7.5,1,0,16,71,0.8160919540229885
1739,2264,5,2,4,1.4,0,1,3,100,0.970873786407767
1740,1612,4,1,18,1.5,0,1,13,94,0.8785046728971962
1741,168,14,3,27,5.9,1,0,5,90,0.9473684210526315
1742,1009,10,4,14,9.9,1,0,29,66,0.6947368421052632
1743,2678,9,6,97,0.4,0,1,8,100,0.9259259259259259
1744,1748,15,5,81,5.1,1,0,25,61,0.7093023255813954
1745,517,3,1,79,5.8,1,0,13,65,0.8333333333333334
1746,1934,14,3,15,5.2,1,0,0,60,1.0
1747,4166,4,1,2,6.1,1,0,12,77,0.8651685393258427
1748,238,13,6,85,3.0,0,1,12,52,0.8125
1749,2589,1,4,64,4.7,0,1,30,87,0.7435897435897436
1750,896,9,6,69,3.4,0,1,19,55,0.7432432432432432
1751,3833,8,5,47,2.4,0,1,11,78,0.8764044943820225
1752,2112,11,3,6,5.7,1,0,30,91,0.7520661157024794
1753,2582,15,5,84,9.0,1,0,7,98,0.9333333333333333
1754,1584,15,5,22,6.4,1,0,21,80,0.7920792079207921
1755,2030,4,1,93,3.3,0,1,0,65,1.0
1756,4718,13,6,68,7.7,1,0,27,59,0.686046511627907
1757,1993,4,1,94,5.2,1,0,0,50,1.0
1758,2654,15,5,35,5.0,1,0,2,82,0.9761904761904762
1759,1443,8,5,70,0.0,0,1,25,65,0.7222222222222222
1760,3094,5,2,97,3.1,0,1,11,81,0.8804347826086957
1761,3332,13,6,62,7.9,1,0,22,98,0.8166666666666667
1762,3088,9,6,77,1.7,0,1,23,100,0.8130081300813008
1763,4099,6,2,92,3.2,0,1,4,70,0.9459459459459459
1764,433,12,3,13,1.0,0,1,22,53,0.7066666666666667
1765,3450,1,4,51,9.9,1,0,30,54,0.6428571428571429
1766,4070,1,4,90,6.5,1,0,23,60,0.7228915662650602
1767,2760,5,2,46,4.1,0,1,10,46,0.8214285714285714
1768,2739,5,2,81,0.9,0,1,8,51,0.864406779661017
1769,1808,12,3,69,4.2,0,1,9,60,0.8695652173913043
1770,176,10,4,40,1.2,0,1,20,81,0.801980198019802
1771,4547,3,1,20,8.0,1,0,24,72,0.75
1772,527,5,2,92,0.3,0,1,20,40,0.6666666666666666
1773,894,11,3,16,5.8,1,0,11,42,0.7924528301886793
1774,2480,12,3,40,7.3,1,0,21,74,0.7789473684210526
1775,834,7,1,40,9.5,1,0,16,84,0.84
1776,287,11,3,96,5.3,1,0,1,80,0.9876543209876543
1777,3252,12,3,29,9.1,1,0,11,46,0.8070175438596491
1778,4743,8,5,19,4.0,0,1,9,85,0.9042553191489362
1779,2235,6,2,41,4.2,0,1,26,75,0.7425742574257426
1780,1300,5,2,64,4.2,0,1,4,84,0.9545454545454546
1781,2591,15,5,69,8.6,1,0,11,77,0.875
1782,4087,3,1,20,0.5,0,1,1,47,0.9791666666666666
1783,704,7,1,3,0.2,0,1,4,67,0.9436619718309859
1784,4247,5,2,87,5.8,1,0,15,69,0.8214285714285714
1785,4049,7,1,95,1.2,0,1,5,43,0.8958333333333334
1786,1087,10,4,60,4.0,0,1,14,68,0.8292682926829268
1787,2797,6,2,47,6.6,1,0,14,79,0.8494623655913979
1788,2435,12,3,30,1.0,0,1,21,78,0.7878787878787878
1789,1552,14,3,50,9.8,1,0,14,96,0.8727272727272727
1790,755,2,2,52,1.6,0,1,11,52,0.8253968253968254
1791,2747,3,1,18,9.8,1,0,26,54,0.675
1792,4578,7,1,22,8.6,1,0,18,81,0.8181818181818182
1793,667,9,6,61,6.4,1,0,6,96,0.9411764705882353
1794,3826,6,2,78,7.7,1,0,20,69,0.7752808988764045
1795,1075,8,5,46,9.6,1,0,6,44,0.88
1796,2680,9,6,95,3.8,0,1,27,41,0.6029411764705882
1797,3865,2,2,27,8.5,1,0,18,98,0.8448275862068966
1798,2064,8,5,86,4.7,0,1,21,75,0.78125
1799,2753,5,2,82,6.3,1,0,14,77,0.8461538461538461
1800,2132,15,5,45,2.5,0,1,6,57,0.9047619047619048
1801,695,2,2,24,9.5,1,0,28,66,0.7021276595744681
1802,2456,14,3,53,6.9,1,0,20,92,0.8214285714285714
1803,4450,6,2,7,3.8,0,1,12,69,0.8518518518518519
1804,1276,12,3,1,4.0,0,1,24,94,0.7966101694915254
1805,2177,8,5,40,0.1,0,1,10,63,0.863013698630137
1806,133,4,1,61,3.2,0,1,3,97,0.97
1807,3354,1,4,42,3.6,0,1,23,42,0.6461538461538462
1808,2275,14,3,62,5.1,1,0,14,82,0.8541666666666666
1809,517,15,5,17,2.3,0,1,23,87,0.7909090909090909
1810,1445,9,6,61,7.1,1,0,11,71,0.8658536585365854
1811,3281,14,3,67,3.6,0,1,8,49,0.8596491228070176
1812,3386,6,2,28,7.6,1,0,19,94,0.831858407079646
1813,4749,11,3,76,0.6,0,1,10,58,0.8529411764705882
1814,3863,2,2,64,6.9,1,0,25,56,0.691358024691358
1815,789,7,1,68,4.2,0,1,9,84,0.9032258064516129
1816,2276,9,6,73,6.2,1,0,3,84,0.9655172413793104
1817,2755,14,3,14,6.6,1,0,13,40,0.7547169811320755
1818,143,9,6,2,2.5,0,1,30,53,0.6385542168674698
1819,2980,12,3,69,2.3,0,1,10,86,0.8958333333333334
1820,869,1,4,7,4.2,0,1,26,70,0.7291666666666666
1821,274,13,6,93,4.5,0,1,13,41,0.7592592592592593
1822,2019,15,5,92,6.9,1,0,24,63,0.7241379310344828
1823,1820,1,4,5,6.5,1,0,22,69,0.7582417582417582
1824,1551,5,2,12,3.6,0,1,15,57,0.7916666666666666
1825,1261,12,3,11,9.9,1,0,17,47,0.734375
1826,2014,4,1,8,6.1,1,0,9,55,0.859375
1827,4307,1,4,16,7.5,1,0,27,43,0.6142857142857143
1828,4426,8,5,91,3.5,0,1,6,69,0.92
1829,2436,2,2,23,7.3,1,0,0,41,1.0
1830,1323,15,5,55,6.3,1,0,23,68,0.7472527472527473
1831,2184,6,2,88,7.5,1,0,12,44,0.7857142857142857
1832,4278,10,4,82,6.6,1,0,8,48,0.8571428571428571
1833,242,7,1,20,8.6,1,0,9,74,0.891566265060241
1834,4381,8,5,65,1.3,0,1,21,99,0.825
1835,254,14,3,21,7.5,1,0,4,62,0.9393939393939394
1836,1598,13,6,97,4.3,0,1,25,60,0.7058823529411765
1837,1224,3,1,3,3.1,0,1,25,74,0.7474747474747475
1838,2352,14,3,68,0.6,0,1,0,51,1.0
1839,2891,2,2,45,4.7,0,1,3,65,0.9558823529411765
1840,515,10,4,44,7.1,1,0,13,69,0.8414634146341463
1841,1241,4,1,77,0.2,0,1,21,96,0.8205128205128205
1842,2366,5,2,14,5.5,1,0,21,42,0.6666666666666666
1843,3640,2,2,97,0.8,0,1,16,52,0.7647058823529411
1844,2825,2,2,34,4.4,0,1,11,58,0.8405797101449275
1845,3777,7,1,48,5.4,1,0,17,84,0.8316831683168316
1846,4542,13,6,99,3.2,0,1,9,89,0.9081632653061225
1847,3753,7,1,23,0.0,0,1,18,92,0.8363636363636363
1848,1895,12,3,83,9.2,1,0,24,72,0.75
1849,3197,15,5,63,2.1,0,1,0,98,1.0
1850,1516,2,2,91,6.0,1,0,12,90,0.8823529411764706
1851,989,8,5,34,2.0,0,1,25,66,0.7252747252747253
1852,2486,12,3,11,4.8,0,1,25,83,0.7685185185185185
1853,1518,6,2,47,1.2,0,1,11,75,0.872093023255814
1854,4165,6,2,3,1.2,0,1,5,77,0.9390243902439024
1855,4794,10,4,2,6.1,1,0,0,99,1.0
1856,894,1,4,22,3.8,0,1,27,77,0.7403846153846154
1857,324,1,4,86,9.2,1,0,3,78,0.9629629629629629
1858,4773,1,4,58,7.2,1,0,18,100,0.847457627118644
1859,2230,9,6,97,5.6,1,0,9,40,0.8163265306122449
1860,1741,10,4,5,4.2,0,1,0,68,1.0
1861,3891,14,3,9,9.0,1,0,29,92,0.7603305785123967
1862,3783,3,1,77,4.9,0,1,6,56,0.9032258064516129
1863,2576,1,4,87,3.7,0,1,30,93,0.7560975609756098
1864,4128,12,3,22,6.7,1,0,5,56,0.9180327868852459
1865,2066,15,5,52,6.7,1,0,18,58,0.7631578947368421
1866,1700,10,4,81,7.6,1,0,24,70,0.7446808510638298
1867,2380,3,1,20,3.2,0,1,15,77,0.8369565217391305
1868,4183,4,1,2,3.1,0,1,20,48,0.7058823529411765
1869,855,5,2,42,2.0,0,1,5,99,0.9519230769230769
1870,1614,4,1,22,0.9,0,1,22,96,0.8135593220338984
1871,299,2,2,76,2.2,0,1,24,64,0.7272727272727273
1872,4210,13,6,21,1.4,0,1,14,51,0.7846153846153846
1873,2023,6,2,54,1.0,0,1,19,95,0.8333333333333334
1874,2358,4,1,53,1.0,0,1,15,92,0.8598130841121495
1875,2684,7,1,18,5.9,1,0,17,74,0.8131868131868132
1876,1227,4,1,46,3.4,0,1,6,44,0.88
1877,4357,15,5,83,7.2,1,0,8,58,0.8787878787878788
1878,2523,12,3,50,6.0,1,0,9,72,0.8888888888888888
1879,4306,4,1,43,3.9,0,1,30,58,0.6590909090909091
1880,4004,2,2,56,5.5,1,0,16,43,0.7288135593220338
1881,872,14,3,61,4.6,0,1,1,74,0.9866666666666667
1882,3539,10,4,51,3.7,0,1,1,65,0.9848484848484849
1883,2968,15,5,4,0.5,0,1,6,63,0.9130434782608695
1884,3300,12,3,39,7.8,1,0,9,88,0.9072164948453608
1885,277,8,5,59,1.1,0,1,8,94,0.9215686274509803
1886,1174,2,2,91,9.9,1,0,10,59,0.855072463768116
1887,2007,6,2,96,7.9,1,0,2,52,0.9629629629629629
1888,3625,2,2,65,2.3,0,1,8,97,0.9238095238095239
1889,4843,11,3,63,7.0,1,0,18,49,0.7313432835820896
1890,1258,10,4,14,0.6,0,1,28,74,0.7254901960784313
1891,348,8,5,58,5.4,1,0,11,96,0.897196261682243
1892,4155,13,6,42,6.1,1,0,30,80,0.7272727272727273
1893,4907,2,2,87,6.2,1,0,16,77,0.8279569892473119
1894,1221,2,2,100,8.6,1,0,13,93,0.8773584905660378
1895,4814,14,3,55,8.0,1,0,29,54,0.6506024096385542
1896,4353,14,3,31,2.6,0,1,30,93,0.7560975609756098
1897,4304,7,1,20,4.1,0,1,13,90,0.8737864077669902
1898,688,12,3,51,1.2,0,1,20,81,0.801980198019802
1899,428,2,2,69,4.1,0,1,10,40,0.8
1900,1943,6,2,5,8.8,1,0,28,86,0.7543859649122807
1901,108,11,3,64,5.3,1,0,12,44,0.7857142857142857
1902,791,12,3,33,0.2,0,1,14,67,0.8271604938271605
1903,3702,1,4,30,3.0,0,1,21,69,0.7666666666666667
1904,169,1,4,65,1.3,0,1,6,70,0.9210526315789473
1905,2459,11,3,53,7.9,1,0,12,49,0.8032786885245902
1906,1113,11,3,45,0.4,0,1,14,56,0.8
1907,3746,7,1,22,0.9,0,1,17,93,0.8454545454545455
1908,4704,12,3,32,9.4,1,0,17,87,0.8365384615384616
1909,1775,12,3,88,3.2,0,1,7,40,0.851063829787234
1910,615,7,1,65,7.8,1,0,18,68,0.7906976744186046
1911,503,8,5,9,5.9,1,0,4,63,0.9402985074626866
1912,3960,6,2,16,1.0,0,1,2,56,0.9655172413793104
1913,2422,14,3,89,0.3,0,1,6,58,0.90625
1914,1458,9,6,59,3.2,0,1,20,65,0.7647058823529411
1915,3622,4,1,89,1.1,0,1,3,89,0.967391304347826
1916,388,2,2,60,3.8,0,1,0,99,1.0
1917,1494,8,5,79,0.9,0,1,4,66,0.9428571428571428
1918,620,6,2,36,0.4,0,1,19,72,0.7912087912087912
1919,3002,7,1,78,8.7,1,0,0,54,1.0
1920,4833,15,5,26,3.0,0,1,3,43,0.9347826086956522
1921,484,4,1,25,3.1,0,1,10,53,0.8412698412698413
1922,4704,4,1,15,6.4,1,0,9,86,0.9052631578947369
1923,1063,3,1,12,4.3,0,1,18,72,0.8
1924,792,2,2,47,7.4,1,0,24,70,0.7446808510638298
1925,4626,13,6,12,9.4,1,0,12,93,0.8857142857142857
1926,3636,11,3,67,6.5,1,0,10,55,0.8461538461538461
1927,3626,10,4,19,9.8,1,0,1,64,0.9846153846153847
1928,1970,10,4,49,6.7,1,0,4,56,0.9333333333333333
1929,4277,2,2,64,8.1,1,0,20,94,0.8245614035087719
1930,1525,10,4,64,1.0,0,1,2,45,0.9574468085106383
1931,2683,12,3,66,8.1,1,0,10,43,0.8113207547169812
1932,4414,5,2,28,2.8,0,1,5,45,0.9
1933,961,3,1,13,6.9,1,0,27,86,0.7610619469026548
1934,1499,9,6,68,7.5,1,0,5,77,0.9390243902439024
1935,775,5,2,45,3.1,0,1,26,69,0.7263157894736842
1936,359,11,3,85,3.2,0,1,30,58,0.6590909090909091
1937,2035,4,1,23,0.9,0,1,10,77,0.8850574712643678
1938,2937,11,3,38,1.9,0,1,29,84,0.7433628318584071
1939,2263,5,2,91,2.2,0,1,19,51,0.7285714285714285
1940,1425,1,4,60,5.1,1,0,20,81,0.801980198019802
1941,900,14,3,4,3.3,0,1,28,41,0.5942028985507246
1942,4492,10,4,72,6.9,1,0,19,85,0.8173076923076923
1943,2212,12,3,95,0.5,0,1,17,84,0.8316831683168316
1944,677,7,1,81,10.0,1,0,5,55,0.9166666666666666
1945,1753,7,1,75,2.4,0,1,3,87,0.9666666666666667
1946,359,8,5,28,5.1,1,0,2,60,0.967741935483871
1947,1789,5,2,81,2.1,0,1,13,70,0.8433734939759037
1948,4854,5,2,10,3.4,0,1,28,82,0.7454545454545455
1949,50,15,5,79,3.0,0,1,3,68,0.9577464788732394
1950,2269,6,2,41,4.1,0,1,25,71,0.7395833333333334
1951,4552,13,6,5,1.2,0,1,15,46,0.7540983606557377
1952,2672,2,2,30,8.1,1,0,0,40,1.0
1953,3245,4,1,38,0.4,0,1,13,91,0.875
1954,791,3,1,83,9.3,1,0,30,76,0.7169811320754716
1955,1347,7,1,20,6.8,1,0,25,54,0.6835443037974683
1956,3173,2,2,70,7.7,1,0,11,68,0.8607594936708861
1957,4863,8,5,57,4.1,0,1,9,99,0.9166666666666666
1958,1080,4,1,60,5.3,1,0,16,60,0.7894736842105263
1959,303,8,5,73,7.1,1,0,20,80,0.8
1960,2520,8,5,48,3.5,0,1,6,88,0.9361702127659575
1961,78,13,6,32,8.4,1,0,22,84,0.7924528301886793
1962,2563,11,3,3,1.1,0,1,7,50,0.8771929824561403
1963,4663,1,4,7,7.9,1,0,24,47,0.6619718309859155
1964,1331,13,6,35,6.1,1,0,8,46,0.8518518518518519
1965,2906,11,3,65,9.1,1,0,30,49,0.620253164556962
1966,1140,2,2,22,8.6,1,0,24,63,0.7241379310344828
1967,623,2,2,6,5.5,1,0,28,92,0.7666666666666667
1968,3,12,3,78,5.4,1,0,10,99,0.908256880733945
1969,404,7,1,53,8.0,1,0,19,90,0.8256880733944955
1970,1856,6,2,51,8.3,1,0,22,57,0.7215189873417721
1971,480,1,4,71,7.2,1,0,9,83,0.9021739130434783
1972,2870,3,1,83,8.9,1,0,25,75,0.75
1973,3215,1,4,52,5.4,1,0,4,91,0.9578947368421052
1974,719,8,5,95,3.1,0,1,15,86,0.8514851485148515
1975,135,15,5,62,2.5,0,1,21,86,0.8037383177570093
1976,2721,3,1,18,3.0,0,1,29,79,0.7314814814814815
1977,2163,11,3,78,6.5,1,0,18,68,0.7906976744186046
1978,3269,15,5,30,5.7,1,0,12,41,0.7735849056603774
1979,388,8,5,51,5.7,1,0,2,84,0.9767441860465116
1980,3425,6,2,87,5.6,1,0,0,87,1.0
1981,598,6,2,17,9.3,1,0,11,43,0.7962962962962963
1982,3421,4,1,97,8.6,1,0,9,47,0.8392857142857143
1983,3551,8,5,68,9.9,1,0,10,54,0.84375
1984,215,5,2,39,3.1,0,1,14,89,0.8640776699029126
1985,2825,11,3,75,5.1,1,0,29,83,0.7410714285714286
1986,518,9,6,81,8.3,1,0,7,93,0.93
1987,1114,11,3,39,7.6,1,0,6,52,0.896551724137931
1988,2611,1,4,69,9.3,1,0,11,45,0.8035714285714286
1989,944,3,1,60,2.6,0,1,16,99,0.8608695652173913
1990,820,7,1,19,4.2,0,1,25,79,0.7596153846153846
1991,4343,6,2,23,9.1,1,0,0,61,1.0
1992,3504,11,3,53,0.1,0,1,22,76,0.7755102040816326
1993,4620,10,4,94,7.4,1,0,4,96,0.96
1994,528,10,4,60,7.7,1,0,12,63,0.84
1995,3230,4,1,81,5.3,1,0,11,66,0.8571428571428571
1996,4908,1,4,21,7.7,1,0,14,80,0.851063829787234
1997,3224,2,2,90,6.2,1,0,22,66,0.75
1998,4401,2,2,29,5.1,1,0,27,95,0.7786885245901639
1999,955,1,4,17,6.5,1,0,17,71,0.8068181818181818
2000,2552,1,4,23,9.5,1,0,18,77,0.8105263157894737
2001,1905,14,3,54,3.3,0,1,23,41,0.640625
2002,347,12,3,86,9.3,1,0,7,44,0.8627450980392157
2003,5000,1,4,69,3.2,0,1,17,97,0.8508771929824561
2004,4555,3,1,41,5.2,1,0,27,49,0.6447368421052632
2005,1510,1,4,66,9.2,1,0,12,62,0.8378378378378378
2006,1034,13,6,7,4.5,0,1,9,93,0.9117647058823529
2007,4285,7,1,7,1.8,0,1,24,66,0.7333333333333333
2008,1903,8,5,66,9.5,1,0,2,93,0.9789473684210527
2009,3179,10,4,7,6.8,1,0,14,49,0.7777777777777778
2010,3619,4,1,23,6.6,1,0,11,63,0.8513513513513513
2011,4033,13,6,60,5.9,1,0,15,57,0.7916666666666666
2012,4555,15,5,33,7.5,1,0,0,73,1.0
2013,2956,3,1,97,8.2,1,0,16,66,0.8048780487804879
2014,707,10,4,68,1.3,0,1,4,66,0.9428571428571428
2015,54,7,1,44,4.8,0,1,16,50,0.7575757575757576
2016,4927,13,6,56,4.7,0,1,16,51,0.7611940298507462
2017,2519,2,2,94,7.0,1,0,19,69,0.7840909090909091
2018,4108,12,3,52,5.1,1,0,1,56,0.9824561403508771
2019,1381,9,6,69,4.9,0,1,21,78,0.7878787878787878
2020,1326,6,2,73,5.2,1,0,28,68,0.7083333333333334
2021,1266,12,3,38,1.2,0,1,19,62,0.7654320987654321
2022,2365,15,5,16,6.3,1,0,15,44,0.7457627118644068
2023,3893,7,1,22,4.0,0,1,12,69,0.8518518518518519
2024,1440,13,6,69,9.9,1,0,4,63,0.9402985074626866
2025,3979,7,1,98,3.5,0,1,27,61,0.6931818181818182
2026,542,5,2,56,9.1,1,0,19,77,0.8020833333333334
2027,4142,4,1,9,2.7,0,1,1,78,0.9873417721518988
2028,4870,6,2,30,1.6,0,1,17,76,0.8172043010752689
2029,1942,2,2,83,10.0,1,0,21,55,0.7236842105263158
2030,383,6,2,86,5.1,1,0,29,64,0.6881720430107527
2031,3020,5,2,70,2.1,0,1,7,82,0.9213483146067416
2032,4123,9,6,6,4.3,0,1,3,78,0.9629629629629629
2033,850,8,5,37,1.7,0,1,30,45,0.6
2034,4206,14,3,85,4.3,0,1,14,87,0.8613861386138614
2035,2689,11,3,53,3.8,0,1,29,96,0.768
2036,3886,2,2,100,4.5,0,1,11,95,0.8962264150943396
2037,1026,5,2,87,0.5,0,1,14,84,0.8571428571428571
2038,2873,9,6,49,1.1,0,1,25,55,0.6875
2039,4618,4,1,36,9.3,1,0,8,82,0.9111111111111111
2040,4758,6,2,6,9.9,1,0,9,59,0.8676470588235294
2041,526,9,6,46,6.3,1,0,0,87,1.0
2042,3516,1,4,25,0.1,0,1,15,100,0.8695652173913043
2043,4878,9,6,40,2.4,0,1,12,54,0.8181818181818182
2044,2266,9,6,52,0.8,0,1,23,67,0.7444444444444445
2045,2621,9,6,66,9.6,1,0,19,91,0.8272727272727273
2046,1582,5,2,4,9.0,1,0,8,75,0.9036144578313253
2047,3224,10,4,95,2.5,0,1,22,56,0.717948717948718
2048,586,4,1,61,0.2,0,1,16,70,0.813953488372093
2049,236,4,1,85,1.9,0,1,1,88,0.9887640449438202
2050,717,5,2,9,1.1,0,1,4,98,0.9607843137254902
2051,3175,11,3,8,4.3,0,1,1,89,0.9888888888888889
2052,3183,9,6,22,9.3,1,0,23,45,0.6617647058823529
2053,3882,10,4,57,9.0,1,0,8,93,0.9207920792079208
2054,3272,8,5,3,7.7,1,0,10,96,0.9056603773584906
2055,4075,13,6,39,9.0,1,0,0,62,1.0
2056,271,11,3,8,5.3,1,0,28,40,0.5882352941176471
2057,299,2,2,68,6.5,1,0,13,100,0.8849557522123894
2058,33,12,3,52,1.9,0,1,30,47,0.6103896103896104
2059,997,10,4,78,0.1,0,1,12,93,0.8857142857142857
2060,4392,9,6,62,8.8,1,0,23,86,0.7889908256880734
2061,4970,1,4,75,0.5,0,1,9,50,0.847457627118644
2062,2015,3,1,53,7.4,1,0,27,66,0.7096774193548387
2063,1831,12,3,36,3.5,0,1,9,61,0.8714285714285714
2064,293,11,3,81,2.7,0,1,1,85,0.9883720930232558
2065,3922,10,4,88,2.9,0,1,4,81,0.9529411764705882
2066,2877,14,3,77,1.4,0,1,0,50,1.0
2067,513,4,1,80,6.4,1,0,10,90,0.9
2068,1067,1,4,61,8.2,1,0,28,56,0.6666666666666666
2069,2035,6,2,73,2.2,0,1,11,66,0.8571428571428571
2070,1002,15,5,83,5.1,1,0,27,92,0.773109243697479
2071,1657,12,3,61,0.4,0,1,25,61,0.7093023255813954
2072,3720,14,3,62,3.1,0,1,2,80,0.975609756097561
2073,3456,15,5,55,1.5,0,1,9,84,0.9032258064516129
2074,2668,12,3,73,5.1,1,0,21,81,0.7941176470588235
2075,4237,14,3,90,6.3,1,0,28,57,0.6705882352941176
2076,3931,11,3,11,4.3,0,1,24,81,0.7714285714285715
2077,4691,12,3,29,4.2,0,1,23,46,0.6666666666666666
2078,4046,11,3,42,3.8,0,1,5,83,0.9431818181818182
2079,3273,9,6,99,0.6,0,1,24,56,0.7
2080,959,6,2,43,6.6,1,0,29,45,0.6081081081081081
2081,2421,6,2,59,0.1,0,1,9,83,0.9021739130434783
2082,134,14,3,13,4.9,0,1,6,81,0.9310344827586207
2083,1862,8,5,43,5.9,1,0,2,46,0.9583333333333334
2084,1396,9,6,81,4.2,0,1,2,54,0.9642857142857143
2085,981,13,6,67,5.2,1,0,19,61,0.7625
2086,2698,8,5,5,0.9,0,1,0,46,1.0
2087,3500,2,2,85,6.1,1,0,23,85,0.7870370370370371
2088,3032,14,3,74,3.0,0,1,5,62,0.9253731343283582
2089,2045,6,2,97,1.4,0,1,11,55,0.8333333333333334
2090,3685,1,4,79,3.0,0,1,0,93,1.0
2091,3180,6,2,80,8.3,1,0,18,97,0.8434782608695652
2092,2655,11,3,85,2.8,0,1,8,40,0.8333333333333334
2093,4500,1,4,94,5.9,1,0,10,75,0.8823529411764706
2094,4968,3,1,84,6.6,1,0,4,92,0.9583333333333334
2095,945,11,3,43,8.0,1,0,27,91,0.7711864406779662
2096,4745,13,6,83,6.9,1,0,13,52,0.8
2097,95,9,6,31,6.1,1,0,22,70,0.7608695652173914
2098,3917,3,1,85,8.2,1,0,3,74,0.961038961038961
2099,4103,4,1,25,5.6,1,0,20,77,0.7938144329896907
2100,2749,4,1,39,8.2,1,0,2,42,0.9545454545454546
2101,1462,13,6,50,2.2,0,1,17,87,0.8365384615384616
2102,3421,5,2,76,2.2,0,1,9,56,0.8615384615384616
2103,4860,10,4,83,4.9,0,1,14,61,0.8133333333333334
2104,2614,5,2,47,1.9,0,1,17,95,0.8482142857142857
2105,1396,3,1,31,6.5,1,0,8,41,0.8367346938775511
2106,4632,2,2,58,0.3,0,1,16,84,0.84
2107,4640,6,2,63,9.9,1,0,9,97,0.9150943396226415
2108,1742,9,6,19,4.3,0,1,16,49,0.7538461538461538
2109,4584,3,1,57,3.5,0,1,16,99,0.8608695652173913
2110,3706,7,1,68,8.8,1,0,14,76,0.8444444444444444
2111,4542,13,6,9,0.5,0,1,11,47,0.8103448275862069
2112,1893,2,2,40,4.4,0,1,26,50,0.6578947368421053
2113,4762,14,3,80,2.2,0,1,20,72,0.782608695652174
2114,3087,12,3,87,2.2,0,1,11,72,0.8674698795180723
2115,3977,3,1,29,3.8,0,1,7,81,0.9204545454545454
2116,3073,3,1,68,3.3,0,1,22,72,0.7659574468085106
2117,2356,15,5,83,8.0,1,0,17,44,0.7213114754098361
2118,867,14,3,82,2.6,0,1,11,71,0.8658536585365854
2119,2958,9,6,93,4.6,0,1,28,74,0.7254901960784313
2120,3348,9,6,68,0.3,0,1,1,84,0.9882352941176471
2121,3756,5,2,41,1.0,0,1,10,51,0.8360655737704918
2122,2403,8,5,10,9.7,1,0,23,68,0.7472527472527473
2123,696,13,6,3,6.5,1,0,0,88,1.0
2124,1626,1,4,7,2.5,0,1,21,48,0.6956521739130435
2125,3890,6,2,13,4.6,0,1,5,73,0.9358974358974359
2126,3217,4,1,17,2.8,0,1,9,91,0.91
2127,4512,8,5,100,7.0,1,0,28,55,0.6626506024096386
2128,3475,15,5,97,9.9,1,0,22,83,0.7904761904761904
2129,342,15,5,19,6.1,1,0,9,86,0.9052631578947369
2130,3023,11,3,46,7.3,1,0,5,91,0.9479166666666666
2131,4130,2,2,38,7.5,1,0,20,46,0.696969696969697
2132,3815,14,3,95,1.7,0,1,27,70,0.7216494845360825
2133,255,2,2,72,5.7,1,0,6,72,0.9230769230769231
2134,4569,8,5,100,10.0,1,0,3,71,0.9594594594594594
2135,1074,11,3,70,2.5,0,1,0,67,1.0
2136,4973,7,1,55,8.5,1,0,16,88,0.8461538461538461
2137,2240,13,6,33,5.5,1,0,18,58,0.7631578947368421
2138,4996,4,1,12,4.5,0,1,6,99,0.9428571428571428
2139,1097,3,1,4,4.1,0,1,5,57,0.9193548387096774
2140,4536,1,4,60,9.8,1,0,28,69,0.711340206185567
2141,2329,4,1,43,8.4,1,0,21,63,0.75
2142,3151,10,4,28,8.6,1,0,24,48,0.6666666666666666
2143,4118,8,5,96,9.2,1,0,8,84,0.9130434782608695
2144,2014,15,5,99,2.9,0,1,27,43,0.6142857142857143
2145,2710,1,4,21,2.9,0,1,26,77,0.7475728155339806
2146,43,6,2,6,5.6,1,0,6,85,0.9340659340659341
2147,2336,6,2,8,2.0,0,1,26,68,0.723404255319149
2148,1910,6,2,2,6.1,1,0,28,96,0.7741935483870968
2149,3146,15,5,100,5.7,1,0,10,84,0.8936170212765957
2150,1327,7,1,9,4.7,0,1,2,63,0.9692307692307692
2151,2093,2,2,67,9.3,1,0,20,48,0.7058823529411765
2152,1457,15,5,88,5.1,1,0,1,43,0.9772727272727273
2153,1170,2,2,28,4.3,0,1,20,45,0.6923076923076923
2154,1771,10,4,75,5.7,1,0,5,53,0.9137931034482759
2155,1270,15,5,28,5.9,1,0,16,85,0.8415841584158416
2156,3640,14,3,92,2.8,0,1,21,81,0.7941176470588235
2157,2373,6,2,13,9.3,1,0,30,50,0.625
2158,1200,8,5,54,6.5,1,0,21,40,0.6557377049180327
2159,3693,14,3,69,4.2,0,1,0,100,1.0
2160,3662,15,5,90,4.0,0,1,9,81,0.9
2161,1041,13,6,1,9.1,1,0,1,71,0.9861111111111112
2162,4008,2,2,30,9.4,1,0,11,83,0.8829787234042553
2163,4692,10,4,20,7.2,1,0,29,55,0.6547619047619048
2164,722,3,1,71,6.2,1,0,16,60,0.7894736842105263
2165,958,2,2,66,7.4,1,0,23,83,0.7830188679245284
2166,23,6,2,35,1.3,0,1,2,96,0.9795918367346939
2167,829,11,3,22,3.8,0,1,4,62,0.9393939393939394
2168,3687,5,2,66,9.7,1,0,28,98,0.7777777777777778
2169,2301,7,1,52,7.1,1,0,9,64,0.8767123287671232
2170,2667,6,2,4,3.6,0,1,10,82,0.8913043478260869
2171,517,10,4,35,2.3,0,1,4,61,0.9384615384615385
2172,2268,9,6,19,6.3,1,0,21,40,0.6557377049180327
2173,4389,6,2,95,7.5,1,0,2,45,0.9574468085106383
2174,2953,5,2,74,9.2,1,0,14,84,0.8571428571428571
2175,3062,14,3,96,9.0,1,0,21,58,0.7341772151898734
2176,3466,15,5,48,2.2,0,1,26,50,0.6578947368421053
2177,2794,5,2,84,1.5,0,1,4,88,0.9565217391304348
2178,4106,9,6,3,6.5,1,0,22,49,0.6901408450704225
2179,3451,1,4,22,5.7,1,0,20,87,0.8130841121495327
2180,2371,13,6,72,0.2,0,1,10,69,0.8734177215189873
2181,4867,7,1,89,8.2,1,0,20,75,0.7894736842105263
2182,3684,11,3,26,9.3,1,0,24,62,0.7209302325581395
2183,1336,1,4,13,5.2,1,0,19,69,0.7840909090909091
2184,3233,14,3,12,0.9,0,1,21,96,0.8205128205128205
2185,4908,8,5,56,9.7,1,0,1,50,0.9803921568627451
2186,4246,15,5,55,4.2,0,1,23,92,0.8
2187,2817,4,1,47,9.9,1,0,21,75,0.78125
2188,628,9,6,75,8.3,1,0,11,92,0.8932038834951457
2189,3808,10,4,14,6.6,1,0,5,45,0.9
2190,2176,9,6,52,5.6,1,0,5,80,0.9411764705882353
2191,1929,9,6,91,7.9,1,0,11,47,0.8103448275862069
2192,2825,2,2,4,7.8,1,0,28,77,0.7333333333333333
2193,2008,15,5,33,4.0,0,1,14,55,0.7971014492753623
2194,401,9,6,70,9.4,1,0,8,74,0.9024390243902439
2195,33,9,6,12,1.7,0,1,15,89,0.8557692307692307
2196,1052,14,3,64,7.0,1,0,13,40,0.7547169811320755
2197,337,2,2,97,1.2,0,1,11,67,0.8589743589743589
2198,3404,4,1,81,1.2,0,1,23,91,0.7982456140350878
2199,534,1,4,94,9.1,1,0,16,57,0.7808219178082192
2200,4462,6,2,44,4.6,0,1,19,81,0.81
2201,1576,14,3,78,6.9,1,0,28,96,0.7741935483870968
2202,1838,14,3,67,1.0,0,1,4,56,0.9333333333333333
2203,159,2,2,37,4.9,0,1,12,77,0.8651685393258427
2204,3263,5,2,71,2.6,0,1,2,93,0.9789473684210527
2205,2718,10,4,14,0.3,0,1,9,60,0.8695652173913043
2206,1380,15,5,74,9.3,1,0,20,91,0.8198198198198198
2207,839,8,5,85,2.0,0,1,0,57,1.0
2208,1538,11,3,13,9.3,1,0,28,44,0.6111111111111112
2209,1556,9,6,57,8.8,1,0,0,98,1.0
2210,4621,4,1,10,6.4,1,0,23,66,0.7415730337078652
2211,860,8,5,29,3.4,0,1,11,82,0.8817204301075269
2212,4009,2,2,62,4.8,0,1,5,95,0.95
2213,931,7,1,49,9.8,1,0,1,97,0.9897959183673469
2214,647,13,6,50,9.7,1,0,10,76,0.8837209302325582
2215,2804,4,1,33,3.6,0,1,14,79,0.8494623655913979
2216,3876,3,1,69,9.0,1,0,21,41,0.6612903225806451
2217,4112,14,3,77,7.6,1,0,6,71,0.922077922077922
2218,1269,6,2,74,3.5,0,1,26,67,0.7204301075268817
2219,875,7,1,93,5.3,1,0,30,92,0.7540983606557377
2220,4605,4,1,64,6.7,1,0,0,46,1.0
2221,2506,9,6,16,7.5,1,0,1,98,0.98989898989899
2222,1386,8,5,4,7.5,1,0,7,65,0.9027777777777778
2223,2268,12,3,52,3.5,0,1,22,70,0.7608695652173914
2224,3261,2,2,95,6.3,1,0,1,63,0.984375
2225,1148,14,3,64,1.7,0,1,21,97,0.8220338983050848
2226,4088,14,3,45,3.1,0,1,6,97,0.941747572815534
2227,2659,5,2,61,4.8,0,1,30,83,0.7345132743362832
2228,459,2,2,41,1.7,0,1,26,82,0.7592592592592593
2229,90,8,5,38,5.3,1,0,18,85,0.8252427184466019
2230,1769,6,2,66,9.1,1,0,6,76,0.926829268292683
2231,3972,12,3,71,7.6,1,0,14,78,0.8478260869565217
2232,919,12,3,88,4.0,0,1,12,60,0.8333333333333334
2233,4679,11,3,11,2.8,0,1,8,62,0.8857142857142857
2234,140,14,3,29,1.8,0,1,6,47,0.8867924528301887
2235,1222,5,2,82,5.1,1,0,20,96,0.8275862068965517
2236,4640,2,2,98,2.6,0,1,5,71,0.9342105263157895
2237,2167,3,1,88,3.3,0,1,18,46,0.71875
2238,2949,13,6,77,3.8,0,1,9,61,0.8714285714285714
2239,4441,3,1,62,9.4,1,0,14,84,0.8571428571428571
2240,1512,1,4,34,1.1,0,1,16,91,0.8504672897196262
2241,4807,4,1,78,6.9,1,0,5,57,0.9193548387096774
2242,977,9,6,41,9.3,1,0,9,73,0.8902439024390244
2243,4809,14,3,8,0.1,0,1,0,65,1.0
2244,4033,1,4,68,7.1,1,0,12,48,0.8
2245,2196,1,4,66,10.0,1,0,17,53,0.7571428571428571
2246,1767,11,3,7,0.3,0,1,18,51,0.7391304347826086
2247,3841,4,1,30,5.2,1,0,4,75,0.9493670886075949
2248,4924,14,3,23,8.5,1,0,15,41,0.7321428571428571
2249,1166,12,3,52,6.8,1,0,5,44,0.8979591836734694
2250,4437,3,1,46,4.9,0,1,26,44,0.6285714285714286
2251,2949,8,5,63,2.3,0,1,3,70,0.958904109589041
2252,2694,4,1,52,2.3,0,1,14,74,0.8409090909090909
2253,3134,11,3,77,0.4,0,1,12,47,0.7966101694915254
2254,4313,14,3,36,2.4,0,1,23,66,0.7415730337078652
2255,4389,3,1,21,8.0,1,0,16,81,0.8350515463917526
2256,1542,4,1,53,5.8,1,0,18,61,0.7721518987341772
2257,3616,2,2,61,5.5,1,0,6,40,0.8695652173913043
2258,420,12,3,25,0.3,0,1,11,64,0.8533333333333334
2259,2529,5,2,11,3.2,0,1,19,65,0.7738095238095238
2260,4493,10,4,88,4.9,0,1,9,73,0.8902439024390244
2261,1219,11,3,70,4.5,0,1,28,81,0.7431192660550459
2262,4393,12,3,27,9.2,1,0,21,52,0.7123287671232876
2263,797,9,6,84,2.4,0,1,19,41,0.6833333333333333
2264,1063,15,5,12,3.3,0,1,15,55,0.7857142857142857
2265,1266,1,4,69,9.6,1,0,22,66,0.75
2266,818,14,3,93,3.8,0,1,5,49,0.9074074074074074
2267,4124,8,5,76,2.9,0,1,7,45,0.8653846153846154
2268,526,14,3,2,5.9,1,0,26,48,0.6486486486486487
2269,481,14,3,38,5.2,1,0,3,66,0.9565217391304348
2270,782,2,2,25,2.5,0,1,5,75,0.9375
2271,4500,11,3,95,8.3,1,0,15,90,0.8571428571428571
2272,510,2,2,48,5.4,1,0,28,78,0.7358490566037735
2273,3339,8,5,14,5.7,1,0,11,50,0.819672131147541
2274,3546,11,3,31,8.5,1,0,0,50,1.0
2275,3330,15,5,54,6.1,1,0,1,90,0.989010989010989
2276,1673,3,1,83,6.8,1,0,23,92,0.8
2277,1714,10,4,96,7.3,1,0,18,88,0.8301886792452831
2278,3329,7,1,50,1.8,0,1,0,76,1.0
2279,559,4,1,59,9.4,1,0,2,93,0.9789473684210527
2280,1302,9,6,27,7.2,1,0,29,83,0.7410714285714286
2281,586,11,3,57,3.4,0,1,25,64,0.7191011235955056
2282,3978,4,1,97,9.7,1,0,1,83,0.9880952380952381
2283,4369,3,1,17,6.9,1,0,0,93,1.0
2284,2248,8,5,85,6.8,1,0,24,54,0.6923076923076923
2285,181,2,2,76,1.3,0,1,18,83,0.8217821782178217
2286,227,14,3,58,2.8,0,1,16,73,0.8202247191011236
2287,1447,5,2,13,8.7,1,0,6,81,0.9310344827586207
2288,1773,6,2,54,4.7,0,1,0,70,1.0
2289,517,13,6,83,5.9,1,0,3,57,0.95
2290,3964,4,1,94,2.8,0,1,29,48,0.6233766233766234
2291,3832,3,1,23,0.5,0,1,18,91,0.8348623853211009
2292,3020,9,6,88,0.1,0,1,0,82,1.0
2293,863,6,2,10,4.6,0,1,9,82,0.9010989010989011
2294,4424,13,6,76,5.0,1,0,4,48,0.9230769230769231
2295,159,7,1,69,9.5,1,0,15,55,0.7857142857142857
2296,3360,5,2,31,6.3,1,0,19,57,0.75
2297,523,13,6,48,1.6,0,1,11,77,0.875
2298,4266,13,6,24,9.8,1,0,29,43,0.5972222222222222
2299,1107,14,3,74,6.3,1,0,2,65,0.9701492537313433
2300,3281,6,2,14,3.6,0,1,14,56,0.8
2301,4031,8,5,97,7.6,1,0,7,82,0.9213483146067416
2302,2306,4,1,88,4.3,0,1,20,66,0.7674418604651163
2303,2314,8,5,80,5.3,1,0,25,82,0.7663551401869159
2304,2385,11,3,56,9.1,1,0,25,81,0.7641509433962265
2305,64,4,1,31,3.6,0,1,8,64,0.8888888888888888
2306,4139,13,6,90,0.5,0,1,26,46,0.6388888888888888
2307,2628,12,3,18,4.5,0,1,30,65,0.6842105263157895
2308,2862,1,4,80,8.0,1,0,1,55,0.9821428571428571
2309,303,8,5,47,8.8,1,0,16,61,0.7922077922077922
2310,3347,10,4,86,7.8,1,0,6,93,0.9393939393939394
2311,3395,15,5,30,8.9,1,0,4,92,0.9583333333333334
2312,1420,10,4,80,9.6,1,0,19,56,0.7466666666666667
2313,2756,12,3,63,9.0,1,0,7,81,0.9204545454545454
2314,2090,4,1,32,6.0,1,0,24,71,0.7473684210526316
2315,569,3,1,32,4.1,0,1,1,67,0.9852941176470589
2316,964,10,4,29,9.3,1,0,14,85,0.8585858585858586
2317,3826,11,3,8,4.0,0,1,19,72,0.7912087912087912
2318,3901,14,3,69,7.3,1,0,29,81,0.7363636363636363
2319,660,9,6,60,8.0,1,0,2,66,0.9705882352941176
2320,3151,11,3,75,9.8,1,0,30,52,0.6341463414634146
2321,2188,11,3,12,0.5,0,1,27,98,0.784
2322,2791,7,1,63,7.6,1,0,5,56,0.9180327868852459
2323,1050,8,5,36,1.3,0,1,29,80,0.7339449541284404
2324,3628,15,5,97,5.1,1,0,9,51,0.85
2325,3788,2,2,98,4.6,0,1,21,44,0.676923076923077
2326,1574,8,5,44,8.8,1,0,12,91,0.883495145631068
2327,2503,9,6,54,8.2,1,0,23,88,0.7927927927927928
2328,922,5,2,29,4.1,0,1,29,74,0.7184466019417476
2329,4706,15,5,30,8.4,1,0,2,69,0.971830985915493
2330,2579,15,5,77,9.4,1,0,28,72,0.72
2331,4203,11,3,62,6.9,1,0,30,40,0.5714285714285714
2332,488,14,3,20,3.7,0,1,29,73,0.7156862745098039
2333,4554,15,5,22,5.6,1,0,27,97,0.782258064516129
2334,3232,1,4,22,7.5,1,0,29,55,0.6547619047619048
2335,1932,5,2,38,0.7,0,1,27,89,0.7672413793103449
2336,938,1,4,22,1.7,0,1,2,54,0.9642857142857143
2337,4611,3,1,10,4.1,0,1,20,96,0.8275862068965517
2338,4699,15,5,18,1.5,0,1,16,95,0.8558558558558559
2339,1549,8,5,1,7.4,1,0,19,86,0.819047619047619
2340,3990,15,5,23,9.3,1,0,7,55,0.8870967741935484
2341,1217,10,4,26,9.1,1,0,7,82,0.9213483146067416
2342,427,15,5,2,1.5,0,1,6,50,0.8928571428571429
2343,4447,12,3,42,1.6,0,1,4,57,0.9344262295081968
2344,69,1,4,50,8.4,1,0,4,57,0.9344262295081968
2345,769,8,5,39,7.4,1,0,12,42,0.7777777777777778
2346,178,7,1,35,8.0,1,0,18,83,0.8217821782178217
2347,4195,9,6,95,1.6,0,1,14,84,0.8571428571428571
2348,3559,10,4,4,6.4,1,0,30,50,0.625
2349,4849,1,4,95,1.7,0,1,12,77,0.8651685393258427
2350,4972,10,4,3,8.3,1,0,26,57,0.6867469879518072
2351,2583,1,4,87,9.7,1,0,5,41,0.8913043478260869
2352,1392,13,6,99,4.3,0,1,27,79,0.7452830188679245
2353,1085,8,5,71,1.7,0,1,21,79,0.79
2354,4023,3,1,95,9.0,1,0,6,76,0.926829268292683
2355,4308,4,1,90,9.0,1,0,9,60,0.8695652173913043
2356,1849,8,5,35,0.5,0,1,23,51,0.6891891891891891
2357,3151,9,6,35,7.5,1,0,1,98,0.98989898989899
2358,4394,6,2,54,2.9,0,1,4,81,0.9529411764705882
2359,78,7,1,43,9.6,1,0,30,54,0.6428571428571429
2360,964,3,1,34,5.2,1,0,24,89,0.7876106194690266
2361,4357,15,5,23,9.7,1,0,19,43,0.6935483870967742
2362,3199,11,3,41,9.7,1,0,26,89,0.7739130434782608
2363,2493,6,2,58,2.4,0,1,21,75,0.78125
2364,2694,5,2,16,2.2,0,1,28,48,0.631578947368421
2365,1912,7,1,49,9.4,1,0,2,66,0.9705882352941176
2366,1502,14,3,48,1.8,0,1,1,100,0.9900990099009901
2367,4523,2,2,77,6.7,1,0,6,83,0.9325842696629213
2368,1576,12,3,82,2.6,0,1,9,61,0.8714285714285714
2369,1187,13,6,2,2.5,0,1,24,49,0.6712328767123288
2370,2296,3,1,84,9.9,1,0,11,50,0.819672131147541
2371,3388,11,3,63,2.0,0,1,20,89,0.8165137614678899
2372,4183,10,4,2,6.4,1,0,24,64,0.7272727272727273
2373,932,4,1,16,6.3,1,0,17,89,0.839622641509434
2374,3894,12,3,50,2.3,0,1,25,82,0.7663551401869159
2375,4995,6,2,38,7.2,1,0,0,91,1.0
2376,1403,14,3,18,0.1,0,1,5,96,0.9504950495049505
2377,3558,13,6,59,5.6,1,0,17,90,0.8411214953271028
2378,3429,10,4,47,1.0,0,1,15,87,0.8529411764705882
2379,15,14,3,41,4.9,0,1,22,50,0.6944444444444444
2380,3957,4,1,82,0.2,0,1,21,54,0.72
2381,4256,14,3,24,9.8,1,0,1,43,0.9772727272727273
2382,70,11,3,5,2.2,0,1,0,93,1.0
2383,732,2,2,8,5.6,1,0,1,76,0.987012987012987
2384,1421,14,3,72,8.9,1,0,3,89,0.967391304347826
2385,31,4,1,70,8.4,1,0,16,70,0.813953488372093
2386,4192,2,2,43,1.1,0,1,9,46,0.8363636363636363
2387,3814,9,6,75,8.4,1,0,13,63,0.8289473684210527
2388,2339,1,4,11,8.7,1,0,28,65,0.6989247311827957
2389,1444,12,3,37,8.7,1,0,19,62,0.7654320987654321
2390,3004,6,2,29,5.1,1,0,1,76,0.987012987012987
2391,3918,10,4,12,3.2,0,1,9,50,0.847457627118644
2392,1434,15,5,91,7.4,1,0,1,63,0.984375
2393,4498,11,3,26,9.5,1,0,22,73,0.7684210526315789
2394,1858,8,5,9,7.0,1,0,29,73,0.7156862745098039
2395,3950,6,2,40,2.5,0,1,19,65,0.7738095238095238
2396,1757,3,1,34,8.4,1,0,9,99,0.9166666666666666
2397,3211,7,1,8,3.1,0,1,5,78,0.9397590361445783
2398,2100,9,6,35,1.5,0,1,28,41,0.5942028985507246
2399,189,1,4,14,7.5,1,0,7,90,0.9278350515463918
2400,803,1,4,9,4.3,0,1,1,78,0.9873417721518988
2401,3617,12,3,4,7.4,1,0,14,81,0.8526315789473684
2402,369,5,2,93,2.4,0,1,5,57,0.9193548387096774
2403,896,15,5,79,2.2,0,1,11,42,0.7924528301886793
2404,4125,12,3,2,3.7,0,1,26,51,0.6623376623376623
2405,1679,4,1,100,3.5,0,1,9,44,0.8301886792452831
2406,2917,2,2,71,7.6,1,0,28,47,0.6266666666666667
2407,1924,15,5,33,9.5,1,0,21,74,0.7789473684210526
2408,4212,2,2,47,0.8,0,1,8,68,0.8947368421052632
2409,1975,10,4,95,8.8,1,0,0,60,1.0
2410,1832,8,5,75,9.1,1,0,22,80,0.7843137254901961
2411,4741,10,4,14,7.2,1,0,21,97,0.8220338983050848
2412,2743,14,3,64,1.5,0,1,22,70,0.7608695652173914
2413,3170,9,6,39,6.5,1,0,3,73,0.9605263157894737
2414,839,7,1,17,7.2,1,0,5,64,0.927536231884058
2415,943,13,6,91,2.0,0,1,12,49,0.8032786885245902
2416,2134,4,1,82,2.9,0,1,3,76,0.9620253164556962
2417,694,8,5,86,6.3,1,0,22,88,0.8
2418,4702,6,2,73,2.3,0,1,18,63,0.7777777777777778
2419,2504,5,2,93,9.2,1,0,0,61,1.0
2420,2621,5,2,100,6.3,1,0,7,83,0.9222222222222223
2421,1148,2,2,71,1.8,0,1,0,40,1.0
2422,3201,13,6,96,8.7,1,0,4,67,0.9436619718309859
2423,4536,14,3,54,0.9,0,1,1,75,0.9868421052631579
2424,2452,5,2,61,4.2,0,1,1,80,0.9876543209876543
2425,4001,8,5,77,5.1,1,0,18,73,0.8021978021978022
2426,4611,7,1,88,8.6,1,0,16,66,0.8048780487804879
2427,4083,5,2,28,2.3,0,1,26,85,0.7657657657657657
2428,4527,12,3,78,9.0,1,0,16,91,0.8504672897196262
2429,2809,14,3,100,1.6,0,1,24,90,0.7894736842105263
2430,4556,9,6,8,3.1,0,1,20,65,0.7647058823529411
2431,1325,6,2,22,3.5,0,1,23,60,0.7228915662650602
2432,4563,1,4,32,7.0,1,0,25,60,0.7058823529411765
2433,1810,10,4,96,3.4,0,1,6,44,0.88
2434,1594,2,2,28,3.6,0,1,4,44,0.9166666666666666
2435,2480,12,3,65,3.3,0,1,15,61,0.8026315789473685
2436,623,8,5,35,2.3,0,1,25,100,0.8
2437,522,10,4,24,9.3,1,0,20,66,0.7674418604651163
2438,1056,2,2,76,9.4,1,0,24,84,0.7777777777777778
2439,2017,2,2,39,3.6,0,1,5,67,0.9305555555555556
2440,3011,5,2,24,3.2,0,1,16,82,0.8367346938775511
2441,3476,12,3,51,0.0,0,1,3,76,0.9620253164556962
2442,2159,7,1,89,1.0,0,1,13,40,0.7547169811320755
2443,4411,2,2,3,4.8,0,1,21,61,0.7439024390243902
2444,1308,6,2,39,6.4,1,0,17,100,0.8547008547008547
2445,3312,2,2,83,9.7,1,0,24,87,0.7837837837837838
2446,2703,1,4,68,3.6,0,1,3,45,0.9375
2447,402,14,3,82,7.5,1,0,17,98,0.8521739130434782
2448,146,14,3,25,0.1,0,1,21,47,0.6911764705882353
2449,2841,5,2,62,0.9,0,1,10,69,0.8734177215189873
2450,4401,8,5,8,2.5,0,1,14,46,0.7666666666666667
2451,1686,13,6,15,0.9,0,1,24,77,0.7623762376237624
2452,2531,11,3,18,9.1,1,0,30,84,0.7368421052631579
2453,3736,2,2,6,0.6,0,1,13,92,0.8761904761904762
2454,3158,7,1,2,4.3,0,1,4,75,0.9493670886075949
2455,3869,10,4,68,5.6,1,0,24,62,0.7209302325581395
2456,4785,5,2,92,8.9,1,0,10,67,0.8701298701298701
2457,504,7,1,74,6.3,1,0,10,100,0.9090909090909091
2458,2656,11,3,92,5.9,1,0,25,46,0.647887323943662
2459,2707,3,1,97,8.8,1,0,5,70,0.9333333333333333
2460,2570,11,3,8,6.1,1,0,3,64,0.9552238805970149
2461,854,6,2,26,8.9,1,0,21,96,0.8205128205128205
2462,3206,5,2,36,7.7,1,0,24,44,0.6470588235294118
2463,3124,3,1,29,0.1,0,1,0,93,1.0
2464,2033,1,4,4,3.1,0,1,11,89,0.89
2465,1397,14,3,6,5.3,1,0,5,52,0.9122807017543859
2466,2561,1,4,80,3.8,0,1,17,87,0.8365384615384616
2467,4197,11,3,71,7.3,1,0,27,54,0.6666666666666666
2468,547,2,2,38,5.9,1,0,6,84,0.9333333333333333
2469,4169,7,1,64,4.1,0,1,8,98,0.9245283018867925
2470,2174,5,2,9,6.6,1,0,29,49,0.6282051282051282
2471,921,14,3,77,7.9,1,0,15,88,0.8543689320388349
2472,420,7,1,19,8.7,1,0,20,47,0.7014925373134329
2473,4094,9,6,75,3.1,0,1,28,88,0.7586206896551724
2474,3381,12,3,1,2.0,0,1,0,40,1.0
2475,1735,11,3,74,0.2,0,1,19,95,0.8333333333333334
2476,929,6,2,40,1.4,0,1,19,59,0.7564102564102564
2477,1249,9,6,32,7.8,1,0,22,75,0.7731958762886598
2478,833,2,2,19,1.2,0,1,10,77,0.8850574712643678
2479,4038,14,3,2,9.0,1,0,2,51,0.9622641509433962
2480,2139,11,3,36,8.9,1,0,22,97,0.8151260504201681
2481,1618,7,1,1,7.0,1,0,10,66,0.868421052631579
2482,4014,4,1,23,7.0,1,0,19,47,0.7121212121212122
2483,3700,2,2,22,2.5,0,1,5,43,0.8958333333333334
2484,4900,12,3,42,8.3,1,0,28,59,0.6781609195402298
2485,15,10,4,25,2.8,0,1,28,64,0.6956521739130435
2486,4183,11,3,100,5.4,1,0,13,76,0.8539325842696629
2487,865,5,2,71,0.6,0,1,0,65,1.0
2488,3355,6,2,51,6.9,1,0,6,41,0.8723404255319149
2489,222,12,3,82,6.1,1,0,7,72,0.9113924050632911
2490,3941,6,2,83,3.3,0,1,25,96,0.7933884297520661
2491,3681,7,1,11,2.3,0,1,5,75,0.9375
2492,1070,4,1,25,9.7,1,0,27,57,0.6785714285714286
2493,1928,14,3,3,6.9,1,0,15,45,0.75
2494,2523,3,1,63,1.3,0,1,25,40,0.6153846153846154
2495,2842,2,2,95,8.2,1,0,19,62,0.7654320987654321
2496,2336,13,6,13,2.9,0,1,27,47,0.6351351351351351
2497,3484,2,2,83,7.3,1,0,2,49,0.9607843137254902
2498,4326,5,2,19,3.2,0,1,27,91,0.7711864406779662
2499,3371,11,3,12,9.6,1,0,12,92,0.8846153846153846
2500,1420,15,5,31,7.7,1,0,20,65,0.7647058823529411
2501,4366,7,1,19,3.7,0,1,26,52,0.6666666666666666
2502,3833,8,5,19,4.7,0,1,21,78,0.7878787878787878
2503,36,6,2,47,3.6,0,1,0,95,1.0
2504,4203,5,2,85,5.2,1,0,3,40,0.9302325581395349
2505,1774,14,3,35,3.1,0,1,19,57,0.75
2506,1765,1,4,58,2.8,0,1,19,100,0.8403361344537815
2507,4113,14,3,84,6.9,1,0,1,78,0.9873417721518988
2508,3887,13,6,83,4.1,0,1,2,49,0.9607843137254902
2509,3840,9,6,65,5.2,1,0,19,93,0.8303571428571429
2510,3,15,5,97,0.7,0,1,5,49,0.9074074074074074
2511,3322,15,5,80,5.7,1,0,2,100,0.9803921568627451
2512,4981,1,4,54,1.7,0,1,24,59,0.7108433734939759
2513,2477,3,1,4,3.7,0,1,28,41,0.5942028985507246
2514,1647,1,4,55,7.4,1,0,28,71,0.7171717171717171
2515,837,13,6,19,5.6,1,0,11,85,0.8854166666666666
2516,1700,4,1,86,8.8,1,0,16,41,0.7192982456140351
2517,4590,13,6,3,0.7,0,1,13,91,0.875
2518,461,14,3,40,8.2,1,0,9,71,0.8875
2519,2120,12,3,99,1.3,0,1,8,51,0.864406779661017
2520,2757,5,2,95,6.9,1,0,23,74,0.7628865979381443
2521,1488,8,5,13,5.6,1,0,18,75,0.8064516129032258
2522,250,5,2,41,4.6,0,1,12,77,0.8651685393258427
2523,1468,3,1,73,4.3,0,1,11,95,0.8962264150943396
2524,4602,12,3,39,7.6,1,0,29,80,0.7339449541284404
2525,153,8,5,88,1.6,0,1,15,95,0.8636363636363636
2526,3502,14,3,77,9.3,1,0,21,100,0.8264462809917356
2527,4815,12,3,76,3.6,0,1,1,62,0.9841269841269841
2528,1851,1,4,34,2.7,0,1,7,89,0.9270833333333334
2529,709,11,3,79,4.7,0,1,27,43,0.6142857142857143
2530,3221,4,1,83,8.4,1,0,11,79,0.8777777777777778
2531,412,8,5,1,8.8,1,0,19,68,0.7816091954022989
2532,2352,1,4,60,8.8,1,0,7,76,0.9156626506024096
2533,3995,4,1,42,10.0,1,0,24,41,0.6307692307692307
2534,4749,1,4,75,2.0,0,1,6,45,0.8823529411764706
2535,4267,7,1,89,5.1,1,0,7,82,0.9213483146067416
2536,4770,9,6,88,3.2,0,1,2,95,0.979381443298969
2537,2091,12,3,50,6.2,1,0,27,65,0.7065217391304348
2538,3084,12,3,92,3.9,0,1,18,44,0.7096774193548387
2539,4483,10,4,7,0.4,0,1,3,72,0.96
2540,5,15,5,62,2.3,0,1,5,89,0.9468085106382979
2541,776,9,6,76,9.7,1,0,20,62,0.7560975609756098
2542,1016,5,2,83,9.1,1,0,19,71,0.7888888888888889
2543,1679,5,2,68,3.9,0,1,14,83,0.8556701030927835
2544,723,8,5,97,7.3,1,0,10,58,0.8529411764705882
2545,2999,13,6,3,4.8,0,1,23,99,0.8114754098360656
2546,2976,15,5,91,4.0,0,1,21,67,0.7613636363636364
2547,4495,1,4,38,7.8,1,0,15,99,0.868421052631579
2548,4691,1,4,100,7.1,1,0,2,91,0.978494623655914
2549,1557,9,6,89,5.3,1,0,18,68,0.7906976744186046
2550,4432,8,5,10,5.8,1,0,27,97,0.782258064516129
2551,741,4,1,80,1.9,0,1,3,71,0.9594594594594594
2552,451,12,3,42,5.8,1,0,9,64,0.8767123287671232
2553,3084,10,4,50,1.1,0,1,26,56,0.6829268292682927
2554,3885,10,4,59,6.7,1,0,6,96,0.9411764705882353
2555,4178,10,4,18,3.9,0,1,8,73,0.9012345679012346
2556,757,4,1,86,2.5,0,1,11,48,0.8135593220338984
2557,4831,11,3,46,7.4,1,0,26,57,0.6867469879518072
2558,473,11,3,85,0.3,0,1,23,58,0.7160493827160493
2559,2705,4,1,4,3.1,0,1,28,46,0.6216216216216216
2560,2337,12,3,93,2.4,0,1,2,84,0.9767441860465116
2561,3429,12,3,53,3.5,0,1,17,96,0.8495575221238938
2562,4863,15,5,76,7.7,1,0,29,79,0.7314814814814815
2563,2085,1,4,26,4.0,0,1,28,92,0.7666666666666667
2564,2140,1,4,18,5.8,1,0,26,45,0.6338028169014085
2565,3549,9,6,63,9.1,1,0,26,75,0.7425742574257426
2566,1785,4,1,24,3.8,0,1,3,41,0.9318181818181818
2567,190,4,1,86,8.6,1,0,10,72,0.8780487804878049
2568,2183,8,5,17,5.7,1,0,26,61,0.7011494252873564
2569,3039,2,2,42,6.6,1,0,3,77,0.9625
2570,4335,13,6,25,4.1,0,1,4,53,0.9298245614035088
2571,228,9,6,11,7.7,1,0,14,49,0.7777777777777778
2572,3262,1,4,62,4.3,0,1,4,57,0.9344262295081968
2573,1055,1,4,40,2.6,0,1,10,65,0.8666666666666667
2574,4444,11,3,18,8.5,1,0,20,92,0.8214285714285714
2575,491,13,6,61,1.5,0,1,21,96,0.8205128205128205
2576,4874,10,4,80,6.4,1,0,9,76,0.8941176470588236
2577,2279,14,3,81,0.6,0,1,29,88,0.7521367521367521
2578,987,12,3,67,6.2,1,0,16,76,0.8260869565217391
2579,1428,7,1,55,1.8,0,1,29,89,0.7542372881355932
2580,4720,4,1,97,7.6,1,0,20,64,0.7619047619047619
2581,3686,5,2,8,5.1,1,0,13,63,0.8289473684210527
2582,3357,12,3,5,0.3,0,1,5,95,0.95
2583,1466,10,4,44,7.6,1,0,29,100,0.7751937984496124
2584,4021,1,4,29,3.0,0,1,28,52,0.65
2585,2840,12,3,48,2.1,0,1,3,70,0.958904109589041
2586,3186,1,4,62,6.0,1,0,22,73,0.7684210526315789
2587,4028,7,1,61,6.0,1,0,7,96,0.9320388349514563
2588,3432,12,3,71,7.7,1,0,3,99,0.9705882352941176
2589,4914,6,2,24,0.4,0,1,27,73,0.73
2590,2525,7,1,90,9.2,1,0,29,58,0.6666666666666666
2591,4031,8,5,60,2.6,0,1,11,94,0.8952380952380953
2592,2455,13,6,55,8.7,1,0,20,91,0.8198198198198198
2593,1786,5,2,88,3.0,0,1,22,47,0.6811594202898551
2594,297,2,2,23,5.5,1,0,5,77,0.9390243902439024
2595,544,5,2,26,8.3,1,0,8,49,0.8596491228070176
2596,443,15,5,57,2.6,0,1,1,44,0.9777777777777777
2597,2750,6,2,78,4.6,0,1,1,62,0.9841269841269841
2598,3153,6,2,18,1.7,0,1,28,45,0.6164383561643836
2599,4954,3,1,96,4.2,0,1,17,41,0.7068965517241379
2600,3802,6,2,5,6.5,1,0,18,64,0.7804878048780488
2601,3748,1,4,66,2.4,0,1,6,96,0.9411764705882353
2602,4266,9,6,91,9.4,1,0,0,67,1.0
2603,4612,13,6,59,9.3,1,0,24,93,0.7948717948717948
2604,1625,9,6,17,9.9,1,0,15,72,0.8275862068965517
2605,655,11,3,57,1.5,0,1,30,61,0.6703296703296703
2606,1491,9,6,96,5.4,1,0,11,97,0.8981481481481481
2607,785,4,1,56,6.0,1,0,19,50,0.7246376811594203
2608,4144,8,5,13,9.7,1,0,0,41,1.0
2609,1471,4,1,75,7.8,1,0,27,68,0.7157894736842105
2610,132,5,2,29,0.7,0,1,9,62,0.8732394366197183
2611,3040,2,2,53,2.1,0,1,16,92,0.8518518518518519
2612,4135,13,6,32,1.8,0,1,19,79,0.8061224489795918
2613,3623,11,3,93,1.1,0,1,11,69,0.8625
2614,2635,5,2,89,6.1,1,0,25,44,0.6376811594202898
2615,948,2,2,97,5.3,1,0,19,75,0.7978723404255319
2616,740,7,1,56,8.2,1,0,28,40,0.5882352941176471
2617,4470,10,4,71,9.7,1,0,20,78,0.7959183673469388
2618,888,12,3,16,1.6,0,1,3,59,0.9516129032258065
2619,3961,2,2,35,2.4,0,1,21,58,0.7341772151898734
2620,265,2,2,12,3.4,0,1,20,58,0.7435897435897436
2621,239,15,5,88,9.2,1,0,24,98,0.8032786885245902
2622,1654,4,1,44,6.1,1,0,13,93,0.8773584905660378
2623,4781,1,4,8,8.8,1,0,14,42,0.75
2624,2690,6,2,27,0.2,0,1,13,96,0.8807339449541285
2625,1101,12,3,63,4.5,0,1,2,75,0.974025974025974
2626,3436,10,4,67,4.1,0,1,28,52,0.65
2627,488,2,2,57,4.9,0,1,5,65,0.9285714285714286
2628,437,10,4,87,2.5,0,1,19,49,0.7205882352941176
2629,3931,11,3,40,3.7,0,1,15,78,0.8387096774193549
2630,3043,13,6,83,4.0,0,1,26,66,0.717391304347826
2631,4506,3,1,51,8.1,1,0,22,43,0.6615384615384615
2632,3299,10,4,19,5.6,1,0,24,41,0.6307692307692307
2633,2515,2,2,58,6.2,1,0,11,75,0.872093023255814
2634,4394,11,3,94,9.1,1,0,1,55,0.9821428571428571
2635,1840,6,2,7,0.3,0,1,6,68,0.918918918918919
2636,3148,7,1,6,0.3,0,1,26,73,0.7373737373737373
2637,2568,6,2,8,2.1,0,1,27,57,0.6785714285714286
2638,3597,13,6,11,0.1,0,1,13,73,0.8488372093023255
2639,4044,4,1,100,0.7,0,1,14,55,0.7971014492753623
2640,3533,8,5,20,2.5,0,1,2,43,0.9555555555555556
2641,985,12,3,4,6.2,1,0,29,62,0.6813186813186813
2642,4730,8,5,46,6.6,1,0,7,41,0.8541666666666666
2643,894,3,1,2,8.4,1,0,7,41,0.8541666666666666
2644,4456,2,2,49,2.0,0,1,9,72,0.8888888888888888
2645,938,2,2,3,7.6,1,0,0,48,1.0
2646,3789,13,6,22,9.5,1,0,25,96,0.7933884297520661
2647,2708,11,3,57,8.0,1,0,14,89,0.8640776699029126
2648,1413,7,1,11,8.6,1,0,10,74,0.8809523809523809
2649,2535,13,6,32,9.0,1,0,3,84,0.9655172413793104
2650,1330,8,5,25,9.0,1,0,17,62,0.7848101265822784
2651,4462,11,3,19,2.9,0,1,9,73,0.8902439024390244
2652,1253,3,1,68,9.2,1,0,0,94,1.0
2653,4175,6,2,58,3.8,0,1,29,50,0.6329113924050633
2654,1730,7,1,22,2.4,0,1,2,66,0.9705882352941176
2655,864,13,6,32,10.0,1,0,10,91,0.900990099009901
2656,17,3,1,40,5.3,1,0,21,86,0.8037383177570093
2657,2814,14,3,41,7.8,1,0,5,61,0.9242424242424242
2658,3203,9,6,58,9.4,1,0,25,80,0.7619047619047619
2659,423,9,6,69,0.4,0,1,22,93,0.808695652173913
2660,1693,6,2,62,7.8,1,0,25,77,0.7549019607843137
2661,4126,14,3,81,6.0,1,0,4,42,0.9130434782608695
2662,2830,5,2,12,2.4,0,1,29,94,0.7642276422764228
2663,1410,9,6,23,6.2,1,0,5,68,0.9315068493150684
2664,685,7,1,37,2.3,0,1,20,65,0.7647058823529411
2665,2738,15,5,83,5.5,1,0,1,43,0.9772727272727273
2666,3364,9,6,34,0.7,0,1,21,44,0.676923076923077
2667,3501,1,4,22,6.3,1,0,27,94,0.7768595041322314
2668,517,3,1,19,8.7,1,0,24,48,0.6666666666666666
2669,2911,9,6,40,7.9,1,0,15,89,0.8557692307692307
2670,1252,4,1,68,4.6,0,1,9,72,0.8888888888888888
2671,2337,9,6,74,9.0,1,0,28,54,0.6585365853658537
2672,3349,10,4,65,0.2,0,1,4,50,0.9259259259259259
2673,2753,1,4,73,1.1,0,1,11,82,0.8817204301075269
2674,3827,12,3,85,5.6,1,0,2,53,0.9636363636363636
2675,3850,12,3,35,1.8,0,1,26,46,0.6388888888888888
2676,2494,13,6,11,3.2,0,1,15,41,0.7321428571428571
2677,4651,10,4,48,1.3,0,1,3,43,0.9347826086956522
2678,2178,7,1,1,3.4,0,1,17,77,0.8191489361702128
2679,4637,3,1,52,1.2,0,1,0,83,1.0
2680,2443,14,3,38,7.3,1,0,15,87,0.8529411764705882
2681,3380,11,3,90,8.1,1,0,3,84,0.9655172413793104
2682,2344,10,4,100,2.7,0,1,9,40,0.8163265306122449
2683,2846,1,4,11,2.3,0,1,24,89,0.7876106194690266
2684,3403,15,5,65,1.0,0,1,19,59,0.7564102564102564
2685,3038,8,5,41,8.1,1,0,22,84,0.7924528301886793
2686,2969,3,1,29,3.2,0,1,24,72,0.75
2687,4932,8,5,17,5.8,1,0,10,63,0.863013698630137
2688,26,6,2,47,9.9,1,0,8,44,0.8461538461538461
2689,813,1,4,67,4.9,0,1,27,45,0.625
2690,2658,5,2,2,7.9,1,0,19,76,0.8
2691,1389,3,1,80,9.3,1,0,21,52,0.7123287671232876
2692,2371,7,1,52,1.7,0,1,14,50,0.78125
2693,3004,12,3,38,5.5,1,0,11,57,0.8382352941176471
2694,3038,12,3,78,5.9,1,0,14,51,0.7846153846153846
2695,3535,4,1,39,5.2,1,0,11,91,0.8921568627450981
2696,2751,11,3,2,0.5,0,1,7,83,0.9222222222222223
2697,250,10,4,93,6.5,1,0,30,50,0.625
2698,4875,15,5,49,6.8,1,0,24,74,0.7551020408163265
2699,1294,9,6,51,3.8,0,1,18,72,0.8
2700,1121,15,5,66,3.3,0,1,0,57,1.0
2701,340,7,1,17,0.5,0,1,20,59,0.7468354430379747
2702,1794,13,6,37,1.2,0,1,29,49,0.6282051282051282
2703,1914,12,3,98,9.5,1,0,3,90,0.967741935483871
2704,1606,1,4,95,1.1,0,1,2,55,0.9649122807017544
2705,1137,7,1,31,2.5,0,1,17,75,0.8152173913043478
2706,3358,9,6,39,5.9,1,0,13,66,0.8354430379746836
2707,4347,7,1,62,2.0,0,1,8,87,0.9157894736842105
2708,4196,2,2,46,6.8,1,0,28,76,0.7307692307692307
2709,707,3,1,22,9.0,1,0,2,78,0.975
2710,118,5,2,25,7.0,1,0,24,82,0.7735849056603774
2711,3283,1,4,41,4.2,0,1,1,57,0.9827586206896551
2712,1947,7,1,90,3.0,0,1,23,56,0.7088607594936709
2713,2108,12,3,97,8.9,1,0,25,64,0.7191011235955056
2714,2133,5,2,18,6.5,1,0,22,44,0.6666666666666666
2715,115,7,1,57,0.1,0,1,19,80,0.8080808080808081
2716,367,6,2,27,6.3,1,0,1,54,0.9818181818181818
2717,1402,7,1,100,8.9,1,0,20,45,0.6923076923076923
2718,2773,2,2,81,9.6,1,0,14,46,0.7666666666666667
2719,271,5,2,3,6.8,1,0,9,57,0.8636363636363636
2720,3507,5,2,98,7.6,1,0,28,91,0.7647058823529411
2721,3283,4,1,69,5.8,1,0,18,49,0.7313432835820896
2722,1155,9,6,40,0.4,0,1,2,100,0.9803921568627451
2723,2522,12,3,33,7.4,1,0,19,94,0.831858407079646
2724,3976,10,4,6,7.0,1,0,29,82,0.7387387387387387
2725,2775,11,3,64,9.6,1,0,7,60,0.8955223880597015
2726,4150,1,4,43,9.5,1,0,30,57,0.6551724137931034
2727,898,7,1,32,1.0,0,1,19,85,0.8173076923076923
2728,1311,15,5,57,9.2,1,0,1,88,0.9887640449438202
2729,14,7,1,85,6.7,1,0,26,50,0.6578947368421053
2730,841,6,2,25,6.1,1,0,0,83,1.0
2731,122,6,2,4,7.1,1,0,30,85,0.7391304347826086
2732,3962,12,3,91,9.9,1,0,24,72,0.75
2733,1014,13,6,58,6.1,1,0,24,74,0.7551020408163265
2734,4653,1,4,26,6.8,1,0,7,99,0.9339622641509434
2735,268,15,5,31,8.8,1,0,7,70,0.9090909090909091
2736,2930,13,6,83,6.7,1,0,23,72,0.7578947368421053
2737,862,13,6,28,7.0,1,0,22,46,0.6764705882352942
2738,1114,2,2,59,0.2,0,1,18,85,0.8252427184466019
2739,2331,5,2,76,3.2,0,1,14,44,0.7586206896551724
2740,4416,2,2,27,2.5,0,1,1,51,0.9807692307692307
2741,4882,1,4,56,1.2,0,1,12,76,0.8636363636363636
2742,807,14,3,91,5.4,1,0,29,96,0.768
2743,2728,4,1,54,10.0,1,0,1,66,0.9850746268656716
2744,4091,1,4,60,9.8,1,0,27,77,0.7403846153846154
2745,3094,8,5,1,1.9,0,1,22,73,0.7684210526315789
2746,1007,14,3,17,4.7,0,1,3,70,0.958904109589041
2747,3944,4,1,21,4.0,0,1,20,60,0.75
2748,4050,9,6,98,8.7,1,0,1,90,0.989010989010989
2749,2821,12,3,17,5.0,1,0,9,44,0.8301886792452831
2750,3354,14,3,85,6.9,1,0,25,67,0.7282608695652174
2751,1915,2,2,65,9.6,1,0,11,63,0.8513513513513513
2752,1039,11,3,41,4.2,0,1,12,85,0.8762886597938144
2753,3970,9,6,57,6.1,1,0,30,40,0.5714285714285714
2754,2633,15,5,95,3.0,0,1,28,47,0.6266666666666667
2755,664,7,1,86,7.5,1,0,12,78,0.8666666666666667
2756,768,2,2,46,2.1,0,1,0,80,1.0
2757,2595,3,1,99,3.0,0,1,13,93,0.8773584905660378
2758,4930,13,6,80,4.1,0,1,30,77,0.719626168224299
2759,3532,10,4,58,4.1,0,1,13,79,0.8586956521739131
2760,4673,14,3,2,0.5,0,1,14,75,0.8426966292134831
2761,1432,9,6,16,4.0,0,1,0,56,1.0
2762,937,13,6,32,5.0,1,0,27,85,0.7589285714285714
2763,3474,5,2,86,0.4,0,1,29,76,0.7238095238095238
2764,3942,1,4,27,5.5,1,0,9,46,0.8363636363636363
2765,24,4,1,9,8.8,1,0,2,63,0.9692307692307692
2766,2920,8,5,97,6.4,1,0,15,43,0.7413793103448276
2767,570,9,6,29,0.1,0,1,21,82,0.7961165048543689
2768,3869,9,6,40,6.1,1,0,0,72,1.0
2769,1482,13,6,33,9.9,1,0,12,40,0.7692307692307693
2770,2373,15,5,30,9.2,1,0,0,47,1.0
2771,1613,1,4,20,7.9,1,0,25,48,0.6575342465753424
2772,1612,10,4,99,6.4,1,0,20,62,0.7560975609756098
2773,2223,1,4,32,3.7,0,1,2,54,0.9642857142857143
2774,1625,13,6,72,2.6,0,1,29,56,0.6588235294117647
2775,3984,3,1,81,4.7,0,1,2,48,0.96
2776,912,10,4,50,9.1,1,0,22,92,0.8070175438596491
2777,2568,11,3,90,4.8,0,1,26,63,0.7078651685393258
2778,699,6,2,85,9.4,1,0,18,64,0.7804878048780488
2779,395,11,3,50,4.3,0,1,14,85,0.8585858585858586
2780,3561,7,1,35,4.8,0,1,4,57,0.9344262295081968
2781,1715,5,2,94,7.4,1,0,20,92,0.8214285714285714
2782,4604,4,1,34,5.3,1,0,9,77,0.8953488372093024
2783,3734,6,2,14,6.9,1,0,26,71,0.7319587628865979
2784,4884,9,6,6,0.2,0,1,26,72,0.7346938775510204
2785,1901,3,1,55,6.4,1,0,15,80,0.8421052631578947
2786,1952,7,1,7,4.3,0,1,29,54,0.6506024096385542
2787,483,2,2,57,8.4,1,0,19,73,0.7934782608695652
2788,1269,14,3,92,0.9,0,1,1,79,0.9875
2789,2758,10,4,23,5.0,1,0,30,55,0.6470588235294118
2790,1912,3,1,69,3.3,0,1,23,84,0.7850467289719626
2791,3075,14,3,72,2.3,0,1,8,60,0.8823529411764706
2792,953,2,2,55,8.5,1,0,2,84,0.9767441860465116
2793,456,14,3,50,3.5,0,1,10,81,0.8901098901098901
2794,769,4,1,66,1.5,0,1,24,50,0.6756756756756757
2795,1351,7,1,20,6.1,1,0,6,64,0.9142857142857143
2796,2780,9,6,71,2.3,0,1,8,86,0.9148936170212766
2797,3167,14,3,7,3.3,0,1,1,86,0.9885057471264368
2798,2479,9,6,70,1.4,0,1,10,49,0.8305084745762712
2799,3114,14,3,87,4.7,0,1,19,44,0.6984126984126984
2800,1580,13,6,65,5.0,1,0,2,62,0.96875
2801,4121,7,1,74,2.9,0,1,1,79,0.9875
2802,2447,14,3,66,8.7,1,0,14,96,0.8727272727272727
2803,634,9,6,68,8.0,1,0,19,79,0.8061224489795918
2804,662,11,3,60,5.3,1,0,28,89,0.7606837606837606
2805,4071,15,5,51,4.2,0,1,29,63,0.6847826086956522
2806,2083,6,2,91,5.2,1,0,0,82,1.0
2807,3501,2,2,67,4.4,0,1,0,45,1.0
2808,1761,7,1,41,0.7,0,1,5,40,0.8888888888888888
2809,520,7,1,26,3.6,0,1,12,78,0.8666666666666667
2810,862,4,1,52,3.1,0,1,14,51,0.7846153846153846
2811,2720,10,4,71,8.2,1,0,12,74,0.8604651162790697
2812,2213,3,1,13,7.2,1,0,4,72,0.9473684210526315
2813,4929,9,6,41,2.1,0,1,10,92,0.9019607843137255
2814,2060,14,3,14,2.6,0,1,1,46,0.9787234042553191
2815,4719,5,2,23,4.0,0,1,27,69,0.71875
2816,1905,7,1,25,9.0,1,0,10,97,0.9065420560747663
2817,874,6,2,31,0.9,0,1,30,85,0.7391304347826086
2818,2154,11,3,29,0.2,0,1,0,58,1.0
2819,2626,4,1,12,0.3,0,1,1,50,0.9803921568627451
2820,2655,10,4,6,2.9,0,1,11,58,0.8405797101449275
2821,3937,7,1,77,0.9,0,1,3,54,0.9473684210526315
2822,2826,10,4,42,0.7,0,1,30,72,0.7058823529411765
2823,2292,7,1,75,6.9,1,0,15,49,0.765625
2824,4167,5,2,61,8.2,1,0,4,68,0.9444444444444444
2825,915,10,4,77,1.5,0,1,5,90,0.9473684210526315
2826,2491,2,2,78,8.3,1,0,22,71,0.7634408602150538
2827,4410,14,3,26,8.1,1,0,7,53,0.8833333333333333
2828,454,7,1,47,3.5,0,1,21,79,0.79
2829,3690,13,6,51,0.7,0,1,11,61,0.8472222222222222
2830,1074,12,3,18,0.0,0,1,29,49,0.6282051282051282
2831,1058,15,5,57,6.2,1,0,3,82,0.9647058823529412
2832,4014,8,5,86,0.3,0,1,2,92,0.9787234042553191
2833,1411,9,6,6,5.5,1,0,24,86,0.7818181818181819
2834,2805,12,3,9,4.5,0,1,20,77,0.7938144329896907
2835,2219,9,6,71,7.1,1,0,17,55,0.7638888888888888
2836,1816,12,3,90,1.2,0,1,18,72,0.8
2837,4686,7,1,71,2.5,0,1,9,42,0.8235294117647058
2838,3018,3,1,87,3.2,0,1,12,90,0.8823529411764706
2839,2082,1,4,95,8.8,1,0,0,80,1.0
2840,2799,7,1,40,9.0,1,0,29,48,0.6233766233766234
2841,4974,1,4,7,5.1,1,0,19,61,0.7625
2842,84,13,6,74,0.7,0,1,15,83,0.8469387755102041
2843,1463,8,5,42,0.0,0,1,24,67,0.7362637362637363
2844,2028,15,5,86,4.1,0,1,4,78,0.9512195121951219
2845,4397,15,5,23,8.7,1,0,5,61,0.9242424242424242
2846,100,6,2,32,5.1,1,0,10,95,0.9047619047619048
2847,1562,2,2,17,2.0,0,1,17,57,0.7702702702702703
2848,4252,12,3,34,1.5,0,1,1,76,0.987012987012987
2849,2170,2,2,68,2.7,0,1,8,67,0.8933333333333333
2850,1283,13,6,6,2.7,0,1,26,51,0.6623376623376623
2851,2521,6,2,94,5.0,1,0,28,77,0.7333333333333333
2852,3837,3,1,58,1.9,0,1,2,91,0.978494623655914
2853,1985,15,5,86,8.5,1,0,30,50,0.625
2854,721,2,2,83,5.1,1,0,16,95,0.8558558558558559
2855,1309,11,3,76,2.2,0,1,27,74,0.7326732673267327
2856,296,8,5,36,2.1,0,1,29,61,0.6777777777777778
2857,3756,14,3,23,6.1,1,0,7,99,0.9339622641509434
2858,1114,2,2,85,4.3,0,1,28,47,0.6266666666666667
2859,2600,15,5,47,4.3,0,1,27,69,0.71875
2860,1941,12,3,25,4.4,0,1,2,43,0.9555555555555556
2861,3724,3,1,57,4.7,0,1,23,75,0.7653061224489796
2862,3971,12,3,54,6.3,1,0,30,81,0.7297297297297297
2863,4967,8,5,31,1.5,0,1,13,41,0.7592592592592593
2864,3015,11,3,61,7.5,1,0,24,42,0.6363636363636364
2865,2864,1,4,18,6.9,1,0,3,78,0.9629629629629629
2866,1121,6,2,2,7.2,1,0,11,72,0.8674698795180723
2867,1792,7,1,92,5.2,1,0,5,61,0.9242424242424242
2868,533,8,5,99,0.5,0,1,4,57,0.9344262295081968
2869,2894,11,3,93,9.7,1,0,20,93,0.8230088495575221
2870,1209,7,1,59,9.1,1,0,13,76,0.8539325842696629
2871,1936,5,2,39,1.9,0,1,24,48,0.6666666666666666
2872,1323,9,6,25,4.5,0,1,5,92,0.9484536082474226
2873,609,15,5,26,0.1,0,1,21,71,0.7717391304347826
2874,1721,3,1,17,7.8,1,0,9,59,0.8676470588235294
2875,4484,5,2,2,6.4,1,0,0,57,1.0
2876,2911,4,1,39,2.9,0,1,12,92,0.8846153846153846
2877,1516,14,3,22,5.0,1,0,23,97,0.8083333333333333
2878,4952,14,3,18,5.0,1,0,15,49,0.765625
2879,3966,3,1,36,7.7,1,0,6,56,0.9032258064516129
2880,3832,8,5,22,6.8,1,0,8,95,0.9223300970873787
2881,4362,13,6,91,2.6,0,1,7,92,0.9292929292929293
2882,4006,7,1,19,6.4,1,0,26,49,0.6533333333333333
2883,2757,11,3,48,5.7,1,0,9,91,0.91
2884,4567,5,2,72,1.6,0,1,25,71,0.7395833333333334
2885,2862,10,4,50,3.6,0,1,19,75,0.7978723404255319
2886,4034,7,1,99,8.8,1,0,20,87,0.8130841121495327
2887,4735,5,2,14,9.7,1,0,29,41,0.5857142857142857
2888,26,9,6,98,6.8,1,0,26,68,0.723404255319149
2889,765,1,4,55,1.5,0,1,10,89,0.898989898989899
2890,4983,11,3,15,3.9,0,1,6,88,0.9361702127659575
2891,886,9,6,24,6.7,1,0,8,87,0.9157894736842105
2892,2266,14,3,98,8.8,1,0,21,58,0.7341772151898734
2893,4757,6,2,52,8.8,1,0,12,82,0.8723404255319149
2894,2736,7,1,90,4.1,0,1,5,82,0.9425287356321839
2895,230,8,5,55,6.5,1,0,8,91,0.9191919191919192
2896,2561,2,2,31,7.3,1,0,18,66,0.7857142857142857
2897,917,14,3,97,1.4,0,1,23,54,0.7012987012987013
2898,2397,12,3,67,8.4,1,0,26,70,0.7291666666666666
2899,4908,13,6,85,3.1,0,1,19,59,0.7564102564102564
2900,613,13,6,72,2.9,0,1,9,50,0.847457627118644
2901,3570,6,2,87,2.8,0,1,20,60,0.75
2902,1826,8,5,6,3.7,0,1,28,91,0.7647058823529411
2903,2879,5,2,80,3.0,0,1,10,72,0.8780487804878049
2904,3782,5,2,35,6.0,1,0,10,82,0.8913043478260869
2905,97,3,1,19,1.6,0,1,19,61,0.7625
2906,551,12,3,70,7.4,1,0,21,75,0.78125
2907,4896,8,5,49,5.1,1,0,2,64,0.9696969696969697
2908,2585,6,2,1,8.3,1,0,22,73,0.7684210526315789
2909,4977,2,2,40,6.0,1,0,27,73,0.73
2910,3615,7,1,78,5.6,1,0,25,63,0.7159090909090909
2911,3811,5,2,71,7.6,1,0,0,43,1.0
2912,2476,12,3,65,6.7,1,0,13,99,0.8839285714285714
2913,4726,1,4,68,6.6,1,0,27,85,0.7589285714285714
2914,1271,7,1,64,7.3,1,0,4,50,0.9259259259259259
2915,2089,10,4,2,7.3,1,0,19,89,0.8240740740740741
2916,1946,5,2,17,7.8,1,0,15,57,0.7916666666666666
2917,4933,8,5,65,3.0,0,1,10,50,0.8333333333333334
2918,1346,9,6,9,3.7,0,1,2,60,0.967741935483871
2919,3327,3,1,82,3.0,0,1,19,54,0.7397260273972602
2920,4010,3,1,76,6.0,1,0,25,98,0.7967479674796748
2921,1112,1,4,35,2.1,0,1,3,65,0.9558823529411765
2922,471,5,2,18,8.3,1,0,27,54,0.6666666666666666
2923,4050,6,2,80,6.0,1,0,24,87,0.7837837837837838
2924,3930,12,3,95,1.8,0,1,18,100,0.847457627118644
2925,4150,5,2,50,6.3,1,0,29,63,0.6847826086956522
2926,4168,13,6,44,4.6,0,1,30,41,0.5774647887323944
2927,3040,1,4,85,9.6,1,0,25,60,0.7058823529411765
2928,3852,6,2,77,7.6,1,0,18,70,0.7954545454545454
2929,2953,12,3,26,7.4,1,0,5,92,0.9484536082474226
2930,4661,11,3,11,5.3,1,0,24,80,0.7692307692307693
2931,877,10,4,33,0.4,0,1,8,72,0.9
2932,2059,7,1,93,3.6,0,1,5,77,0.9390243902439024
2933,665,12,3,69,5.9,1,0,6,63,0.9130434782608695
2934,4280,1,4,47,5.5,1,0,6,43,0.8775510204081632
2935,3637,7,1,70,1.4,0,1,26,40,0.6060606060606061
2936,2608,5,2,18,4.0,0,1,4,88,0.9565217391304348
2937,2282,5,2,17,7.1,1,0,2,70,0.9722222222222222
2938,1872,13,6,65,2.8,0,1,12,49,0.8032786885245902
2939,3692,5,2,32,7.1,1,0,22,66,0.75
2940,4585,14,3,93,3.1,0,1,11,42,0.7924528301886793
2941,3628,1,4,9,2.4,0,1,22,59,0.7283950617283951
2942,1140,13,6,23,2.3,0,1,23,60,0.7228915662650602
2943,193,5,2,40,9.9,1,0,23,41,0.640625
2944,3044,8,5,93,7.1,1,0,30,43,0.589041095890411
2945,3535,3,1,5,5.1,1,0,20,42,0.6774193548387096
2946,1252,1,4,15,6.5,1,0,28,43,0.6056338028169014
2947,2103,2,2,19,9.6,1,0,16,100,0.8620689655172413
2948,4145,15,5,53,6.9,1,0,9,78,0.896551724137931
2949,3217,1,4,18,6.4,1,0,10,42,0.8076923076923077
2950,1370,11,3,4,1.2,0,1,19,74,0.7956989247311828
2951,4113,6,2,44,1.6,0,1,2,71,0.9726027397260274
2952,1145,9,6,100,6.9,1,0,15,42,0.7368421052631579
2953,1048,12,3,49,9.4,1,0,4,63,0.9402985074626866
2954,4621,3,1,99,4.4,0,1,15,96,0.8648648648648649
2955,3325,15,5,1,2.5,0,1,5,68,0.9315068493150684
2956,899,9,6,89,9.0,1,0,24,40,0.625
2957,956,1,4,7,5.2,1,0,30,57,0.6551724137931034
2958,4778,14,3,45,1.5,0,1,29,56,0.6588235294117647
2959,319,14,3,2,7.5,1,0,6,63,0.9130434782608695
2960,919,13,6,85,7.3,1,0,16,81,0.8350515463917526
2961,1737,5,2,96,3.2,0,1,12,100,0.8928571428571429
2962,2325,10,4,39,4.4,0,1,21,77,0.7857142857142857
2963,3719,10,4,20,3.9,0,1,24,82,0.7735849056603774
2964,4752,11,3,10,0.8,0,1,20,89,0.8165137614678899
2965,651,7,1,89,6.7,1,0,12,64,0.8421052631578947
2966,3220,11,3,81,2.2,0,1,13,67,0.8375
2967,1829,11,3,91,7.4,1,0,16,74,0.8222222222222222
2968,1112,10,4,57,5.0,1,0,20,95,0.8260869565217391
2969,3766,7,1,70,7.0,1,0,4,58,0.9354838709677419
2970,3035,9,6,82,3.0,0,1,26,60,0.6976744186046512
2971,707,7,1,56,8.9,1,0,29,67,0.6979166666666666
2972,1827,6,2,57,7.8,1,0,9,84,0.9032258064516129
2973,4180,13,6,38,3.3,0,1,9,41,0.82
2974,2836,5,2,15,4.1,0,1,17,52,0.7536231884057971
2975,1633,2,2,34,1.8,0,1,21,85,0.8018867924528302
2976,2524,8,5,23,6.6,1,0,25,73,0.7448979591836735
2977,265,14,3,25,1.6,0,1,1,99,0.99
2978,2671,6,2,39,2.8,0,1,5,71,0.9342105263157895
2979,2424,15,5,12,9.1,1,0,24,51,0.68
2980,2049,4,1,20,9.9,1,0,30,92,0.7540983606557377
2981,2720,9,6,76,6.3,1,0,0,86,1.0
2982,3904,10,4,2,6.5,1,0,20,49,0.7101449275362319
2983,3153,15,5,87,4.4,0,1,21,87,0.8055555555555556
2984,2005,7,1,84,4.7,0,1,6,59,0.9076923076923077
2985,4273,6,2,17,8.9,1,0,10,83,0.8924731182795699
2986,1200,10,4,41,8.7,1,0,0,53,1.0
2987,782,15,5,20,0.3,0,1,7,87,0.925531914893617
2988,1380,12,3,62,7.4,1,0,12,72,0.8571428571428571
2989,2772,6,2,99,5.7,1,0,12,60,0.8333333333333334
2990,1287,2,2,95,0.9,0,1,29,71,0.71
2991,4516,14,3,3,0.1,0,1,16,47,0.746031746031746
2992,449,6,2,73,9.6,1,0,6,78,0.9285714285714286
2993,175,13,6,32,0.5,0,1,9,91,0.91
2994,1007,7,1,64,6.7,1,0,0,50,1.0
2995,677,5,2,73,1.9,0,1,30,80,0.7272727272727273
2996,449,13,6,60,5.1,1,0,6,57,0.9047619047619048
2997,9,2,2,3,4.6,0,1,21,48,0.6956521739130435
2998,2873,11,3,2,1.3,0,1,25,42,0.6268656716417911
2999,4793,9,6,44,5.8,1,0,1,80,0.9876543209876543
3000,3524,12,3,1,8.6,1,0,8,52,0.8666666666666667
3001,4161,11,3,19,8.3,1,0,2,55,0.9649122807017544
3002,3064,15,5,25,7.8,1,0,24,92,0.7931034482758621
3003,2232,14,3,12,6.8,1,0,28,47,0.6266666666666667
3004,4203,14,3,99,4.8,0,1,14,57,0.8028169014084507
3005,1426,10,4,25,2.3,0,1,2,69,0.971830985915493
3006,2821,7,1,9,1.9,0,1,6,94,0.94
3007,948,2,2,47,5.9,1,0,12,81,0.8709677419354839
3008,4981,13,6,45,6.3,1,0,28,59,0.6781609195402298
3009,4869,11,3,10,7.3,1,0,14,75,0.8426966292134831
3010,494,9,6,71,3.4,0,1,10,71,0.8765432098765432
3011,3219,4,1,34,1.2,0,1,22,67,0.7528089887640449
3012,1507,6,2,29,1.1,0,1,13,57,0.8142857142857143
3013,236,11,3,23,7.0,1,0,14,54,0.7941176470588235
3014,4702,4,1,7,7.2,1,0,11,85,0.8854166666666666
3015,3789,15,5,36,1.0,0,1,4,79,0.9518072289156626
3016,4553,7,1,3,7.3,1,0,22,55,0.7142857142857143
3017,3889,8,5,73,7.6,1,0,27,61,0.6931818181818182
3018,2123,3,1,41,7.8,1,0,30,45,0.6
3019,3901,11,3,4,9.5,1,0,15,69,0.8214285714285714
3020,3974,3,1,13,9.4,1,0,20,94,0.8245614035087719
3021,3751,11,3,66,5.6,1,0,28,92,0.7666666666666667
3022,4031,12,3,20,5.4,1,0,14,72,0.8372093023255814
3023,1266,13,6,50,3.4,0,1,1,94,0.9894736842105263
3024,1676,2,2,96,1.7,0,1,6,63,0.9130434782608695
3025,2322,9,6,96,9.6,1,0,13,66,0.8354430379746836
3026,1283,6,2,30,6.2,1,0,15,47,0.7580645161290323
3027,4506,4,1,19,7.8,1,0,18,61,0.7721518987341772
3028,1618,1,4,19,0.7,0,1,10,76,0.8837209302325582
3029,2856,3,1,20,2.1,0,1,25,77,0.7549019607843137
3030,1918,2,2,44,6.0,1,0,30,82,0.7321428571428571
3031,651,1,4,46,7.0,1,0,17,86,0.8349514563106796
3032,2746,1,4,84,4.8,0,1,25,76,0.7524752475247525
3033,3952,13,6,17,1.6,0,1,30,46,0.6052631578947368
3034,407,12,3,72,5.8,1,0,17,84,0.8316831683168316
3035,4136,8,5,2,8.9,1,0,19,75,0.7978723404255319
3036,2732,1,4,6,9.2,1,0,7,73,0.9125
3037,4483,14,3,81,6.1,1,0,3,87,0.9666666666666667
3038,1813,3,1,5,2.3,0,1,0,76,1.0
3039,3239,1,4,25,2.3,0,1,8,76,0.9047619047619048
3040,3282,14,3,10,9.9,1,0,12,77,0.8651685393258427
3041,15,8,5,17,7.9,1,0,16,43,0.7288135593220338
3042,3853,10,4,32,6.9,1,0,26,58,0.6904761904761905
3043,3520,10,4,49,6.1,1,0,20,77,0.7938144329896907
3044,926,1,4,21,2.2,0,1,18,88,0.8301886792452831
3045,1976,8,5,75,7.3,1,0,20,87,0.8130841121495327
3046,4135,15,5,8,2.7,0,1,27,65,0.7065217391304348
3047,18,1,4,64,9.8,1,0,28,45,0.6164383561643836
3048,4953,15,5,33,5.9,1,0,6,61,0.9104477611940298
3049,1305,1,4,23,4.9,0,1,6,100,0.9433962264150944
3050,446,13,6,40,8.5,1,0,18,88,0.8301886792452831
3051,4644,8,5,68,8.6,1,0,10,60,0.8571428571428571
3052,383,2,2,39,9.2,1,0,8,54,0.8709677419354839
3053,30,2,2,14,9.0,1,0,20,96,0.8275862068965517
3054,3518,8,5,4,7.9,1,0,28,46,0.6216216216216216
3055,1125,11,3,10,0.6,0,1,10,55,0.8461538461538461
3056,2635,4,1,46,7.6,1,0,30,58,0.6590909090909091
3057,1374,12,3,32,4.3,0,1,21,53,0.7162162162162162
3058,3924,6,2,48,5.3,1,0,19,46,0.7076923076923077
3059,1028,11,3,71,1.8,0,1,25,92,0.7863247863247863
3060,2541,3,1,40,5.7,1,0,8,89,0.9175257731958762
3061,4228,6,2,80,4.0,0,1,16,79,0.8315789473684211
3062,2413,14,3,52,3.2,0,1,25,74,0.7474747474747475
3063,2772,5,2,94,4.4,0,1,7,92,0.9292929292929293
3064,4518,15,5,73,2.4,0,1,0,45,1.0
3065,3490,2,2,23,9.5,1,0,29,78,0.7289719626168224
3066,1165,5,2,24,3.8,0,1,29,72,0.7128712871287128
3067,652,2,2,42,8.3,1,0,0,68,1.0
3068,986,7,1,69,5.7,1,0,4,53,0.9298245614035088
3069,1188,13,6,98,1.2,0,1,15,47,0.7580645161290323
3070,692,5,2,49,9.3,1,0,10,53,0.8412698412698413
3071,268,2,2,41,7.8,1,0,1,61,0.9838709677419355
3072,2910,8,5,95,0.4,0,1,3,57,0.95
3073,2007,14,3,85,8.7,1,0,4,89,0.956989247311828
3074,3628,14,3,92,3.9,0,1,20,79,0.797979797979798
3075,4676,2,2,86,5.1,1,0,8,89,0.9175257731958762
3076,2249,1,4,36,9.6,1,0,4,86,0.9555555555555556
3077,4361,4,1,17,2.5,0,1,0,42,1.0
3078,4960,6,2,35,0.8,0,1,29,72,0.7128712871287128
3079,2409,3,1,77,4.7,0,1,22,66,0.75
3080,3882,7,1,38,1.4,0,1,7,86,0.9247311827956989
3081,1874,12,3,27,9.7,1,0,6,50,0.8928571428571429
3082,2923,7,1,24,0.8,0,1,5,80,0.9411764705882353
3083,3813,5,2,11,8.9,1,0,23,84,0.7850467289719626
3084,2545,1,4,91,3.3,0,1,3,67,0.9571428571428572
3085,1055,12,3,78,4.7,0,1,29,90,0.7563025210084033
3086,1243,10,4,9,4.0,0,1,21,88,0.8073394495412844
3087,3447,10,4,29,9.3,1,0,8,76,0.9047619047619048
3088,3424,2,2,59,8.8,1,0,12,56,0.8235294117647058
3089,4486,8,5,81,7.1,1,0,16,51,0.7611940298507462
3090,462,8,5,85,5.9,1,0,10,86,0.8958333333333334
3091,1225,1,4,64,3.4,0,1,0,57,1.0
3092,3149,5,2,69,6.8,1,0,28,96,0.7741935483870968
3093,3785,2,2,41,2.1,0,1,1,52,0.9811320754716981
3094,3988,7,1,25,6.8,1,0,15,57,0.7916666666666666
3095,4142,2,2,92,9.6,1,0,14,56,0.8
3096,1850,2,2,19,1.2,0,1,17,51,0.75
3097,3766,3,1,45,5.6,1,0,13,69,0.8414634146341463
3098,1825,5,2,86,5.0,1,0,27,52,0.6582278481012658
3099,857,8,5,72,2.9,0,1,22,94,0.8103448275862069
3100,669,14,3,55,6.5,1,0,8,69,0.8961038961038961
3101,2773,12,3,49,0.2,0,1,30,78,0.7222222222222222
3102,887,6,2,60,7.3,1,0,11,57,0.8382352941176471
3103,857,6,2,59,6.1,1,0,3,82,0.9647058823529412
3104,2138,13,6,20,5.6,1,0,5,54,0.9152542372881356
3105,2253,3,1,90,5.5,1,0,1,79,0.9875
3106,3586,9,6,65,4.2,0,1,4,49,0.9245283018867925
3107,2038,11,3,42,8.5,1,0,27,57,0.6785714285714286
3108,1472,3,1,16,2.2,0,1,20,49,0.7101449275362319
3109,4564,7,1,69,4.9,0,1,18,82,0.82
3110,4078,4,1,22,3.3,0,1,29,75,0.7211538461538461
3111,4822,7,1,7,6.1,1,0,25,85,0.7727272727272727
3112,1991,14,3,100,6.0,1,0,15,62,0.8051948051948052
3113,4480,6,2,80,5.1,1,0,19,55,0.7432432432432432
3114,2476,5,2,31,1.5,0,1,16,42,0.7241379310344828
3115,816,10,4,33,6.7,1,0,19,58,0.7532467532467533
3116,2993,2,2,57,4.5,0,1,0,84,1.0
3117,890,8,5,10,3.5,0,1,9,92,0.9108910891089109
3118,4117,10,4,34,5.7,1,0,23,60,0.7228915662650602
3119,443,6,2,32,6.8,1,0,26,64,0.7111111111111111
3120,1035,15,5,31,4.3,0,1,0,68,1.0
3121,3415,9,6,21,8.7,1,0,7,68,0.9066666666666666
3122,2323,12,3,3,3.8,0,1,26,85,0.7657657657657657
3123,2665,10,4,56,2.5,0,1,11,91,0.8921568627450981
3124,1131,13,6,9,3.3,0,1,15,96,0.8648648648648649
3125,1200,5,2,69,6.1,1,0,12,85,0.8762886597938144
3126,3223,6,2,36,4.2,0,1,6,78,0.9285714285714286
3127,4178,15,5,73,5.9,1,0,21,78,0.7878787878787878
3128,1780,1,4,95,4.4,0,1,0,95,1.0
3129,6,5,2,51,4.1,0,1,1,86,0.9885057471264368
3130,2964,11,3,21,1.3,0,1,29,66,0.6947368421052632
3131,835,14,3,18,8.1,1,0,15,47,0.7580645161290323
3132,1602,15,5,3,3.3,0,1,0,65,1.0
3133,2194,12,3,4,9.5,1,0,18,44,0.7096774193548387
3134,650,12,3,98,8.3,1,0,23,96,0.8067226890756303
3135,114,7,1,56,5.6,1,0,10,58,0.8529411764705882
3136,4178,10,4,14,7.0,1,0,0,95,1.0
3137,1324,13,6,92,0.9,0,1,3,56,0.9491525423728814
3138,234,15,5,76,0.9,0,1,10,90,0.9
3139,4376,2,2,52,4.9,0,1,6,73,0.9240506329113924
3140,1770,4,1,77,6.9,1,0,28,69,0.711340206185567
3141,16,14,3,38,6.1,1,0,16,52,0.7647058823529411
3142,2617,7,1,31,1.8,0,1,15,43,0.7413793103448276
3143,1754,7,1,9,8.0,1,0,18,54,0.75
3144,1226,9,6,65,8.1,1,0,20,86,0.8113207547169812
3145,4039,6,2,18,3.2,0,1,13,95,0.8796296296296297
3146,4460,14,3,61,3.5,0,1,21,51,0.7083333333333334
3147,3325,5,2,32,4.4,0,1,19,83,0.8137254901960784
3148,4071,15,5,91,7.8,1,0,18,71,0.797752808988764
3149,2761,3,1,44,3.0,0,1,3,100,0.970873786407767
3150,3772,2,2,98,8.2,1,0,26,96,0.7868852459016393
3151,976,7,1,68,2.7,0,1,19,95,0.8333333333333334
3152,2728,10,4,72,9.2,1,0,27,87,0.7631578947368421
3153,3097,4,1,100,3.1,0,1,18,58,0.7631578947368421
3154,2565,14,3,79,9.5,1,0,1,60,0.9836065573770492
3155,1730,14,3,60,3.7,0,1,24,81,0.7714285714285715
3156,2217,10,4,78,0.5,0,1,19,80,0.8080808080808081
3157,2756,12,3,16,7.6,1,0,22,56,0.717948717948718
3158,923,15,5,2,0.8,0,1,17,79,0.8229166666666666
3159,4377,15,5,60,8.1,1,0,5,64,0.927536231884058
3160,4679,11,3,3,3.5,0,1,19,90,0.8256880733944955
3161,2519,8,5,13,2.0,0,1,6,77,0.927710843373494
3162,1039,14,3,49,8.3,1,0,12,67,0.8481012658227848
3163,4824,6,2,99,9.6,1,0,27,86,0.7610619469026548
3164,4171,2,2,84,5.3,1,0,24,70,0.7446808510638298
3165,35,4,1,75,2.7,0,1,23,54,0.7012987012987013
3166,892,13,6,24,7.5,1,0,20,61,0.7530864197530864
3167,2292,10,4,64,0.5,0,1,11,46,0.8070175438596491
3168,2414,10,4,81,8.0,1,0,13,71,0.8452380952380952
3169,2538,1,4,8,9.5,1,0,17,65,0.7926829268292683
3170,3977,5,2,94,1.0,0,1,25,41,0.6212121212121212
3171,3714,4,1,98,0.9,0,1,29,95,0.7661290322580645
3172,4285,6,2,6,8.4,1,0,28,99,0.7795275590551181
3173,3901,9,6,72,1.4,0,1,10,63,0.863013698630137
3174,3158,11,3,54,1.0,0,1,28,74,0.7254901960784313
3175,1363,13,6,39,0.5,0,1,16,49,0.7538461538461538
3176,4546,13,6,86,4.5,0,1,30,88,0.7457627118644068
3177,1088,8,5,82,7.6,1,0,28,42,0.6
3178,3097,5,2,64,8.1,1,0,1,74,0.9866666666666667
3179,4310,8,5,5,2.5,0,1,9,76,0.8941176470588236
3180,669,11,3,53,6.6,1,0,15,84,0.8484848484848485
3181,1564,1,4,20,4.8,0,1,29,63,0.6847826086956522
3182,4366,8,5,76,2.6,0,1,6,96,0.9411764705882353
3183,1171,12,3,2,3.6,0,1,0,42,1.0
3184,4868,13,6,86,2.7,0,1,6,64,0.9142857142857143
3185,2753,10,4,55,7.4,1,0,26,96,0.7868852459016393
3186,4006,6,2,36,7.8,1,0,24,62,0.7209302325581395
3187,2160,12,3,88,1.9,0,1,6,53,0.8983050847457628
3188,3583,1,4,54,9.9,1,0,22,77,0.7777777777777778
3189,2052,4,1,100,3.0,0,1,4,77,0.9506172839506173
3190,3498,10,4,89,6.6,1,0,5,99,0.9519230769230769
3191,850,14,3,43,1.3,0,1,22,77,0.7777777777777778
3192,2956,10,4,51,0.8,0,1,25,68,0.7311827956989247
3193,289,9,6,68,3.6,0,1,8,74,0.9024390243902439
3194,924,9,6,66,1.4,0,1,8,78,0.9069767441860465
3195,118,15,5,87,5.9,1,0,2,84,0.9767441860465116
3196,1504,6,2,40,4.8,0,1,9,67,0.881578947368421
3197,1672,4,1,5,7.6,1,0,9,61,0.8714285714285714
3198,4412,12,3,94,2.9,0,1,0,77,1.0
3199,2255,4,1,6,5.1,1,0,29,58,0.6666666666666666
3200,2023,11,3,96,4.4,0,1,13,66,0.8354430379746836
3201,2427,8,5,87,0.4,0,1,9,83,0.9021739130434783
3202,3874,2,2,75,5.7,1,0,3,54,0.9473684210526315
3203,380,7,1,77,3.6,0,1,22,43,0.6615384615384615
3204,3862,2,2,29,0.2,0,1,16,41,0.7192982456140351
3205,1267,11,3,84,5.1,1,0,16,60,0.7894736842105263
3206,1308,8,5,89,1.3,0,1,8,59,0.8805970149253731
3207,256,14,3,54,5.6,1,0,6,96,0.9411764705882353
3208,3040,15,5,91,0.7,0,1,2,69,0.971830985915493
3209,1022,14,3,16,5.5,1,0,4,49,0.9245283018867925
3210,636,15,5,32,9.6,1,0,3,68,0.9577464788732394
3211,1191,4,1,49,7.2,1,0,6,48,0.8888888888888888
3212,4461,14,3,5,0.2,0,1,24,46,0.6571428571428571
3213,4916,6,2,78,8.8,1,0,9,99,0.9166666666666666
3214,35,9,6,82,6.9,1,0,15,56,0.7887323943661971
3215,2906,1,4,28,2.0,0,1,13,68,0.8395061728395061
3216,239,6,2,59,8.9,1,0,6,65,0.9154929577464789
3217,2185,2,2,37,0.6,0,1,5,51,0.9107142857142857
3218,3178,10,4,45,4.2,0,1,30,51,0.6296296296296297
3219,40,10,4,35,10.0,1,0,26,58,0.6904761904761905
3220,3215,2,2,99,7.3,1,0,1,49,0.98
3221,4311,9,6,20,8.0,1,0,18,72,0.8
3222,4417,13,6,38,1.9,0,1,15,94,0.8623853211009175
3223,1028,2,2,10,5.1,1,0,20,98,0.8305084745762712
3224,574,9,6,89,3.4,0,1,2,84,0.9767441860465116
3225,3945,6,2,84,2.4,0,1,30,79,0.7247706422018348
3226,3923,3,1,88,0.2,0,1,16,85,0.8415841584158416
3227,3320,13,6,69,1.0,0,1,4,43,0.9148936170212766
3228,2304,15,5,10,1.3,0,1,24,78,0.7647058823529411
3229,1137,6,2,6,9.6,1,0,27,96,0.7804878048780488
3230,4806,9,6,83,8.5,1,0,5,44,0.8979591836734694
3231,2094,12,3,83,7.0,1,0,11,82,0.8817204301075269
3232,3438,14,3,81,5.6,1,0,24,67,0.7362637362637363
3233,1766,2,2,40,4.1,0,1,17,94,0.8468468468468469
3234,3997,13,6,1,2.8,0,1,27,45,0.625
3235,799,6,2,16,4.2,0,1,13,77,0.8555555555555555
3236,2770,6,2,26,6.1,1,0,24,45,0.6521739130434783
3237,4386,2,2,89,1.1,0,1,4,58,0.9354838709677419
3238,3220,5,2,85,5.2,1,0,21,75,0.78125
3239,388,8,5,69,8.7,1,0,19,79,0.8061224489795918
3240,410,8,5,7,7.9,1,0,15,55,0.7857142857142857
3241,180,10,4,72,9.4,1,0,19,50,0.7246376811594203
3242,1455,3,1,68,1.5,0,1,20,40,0.6666666666666666
3243,1132,2,2,45,9.3,1,0,6,57,0.9047619047619048
3244,4310,5,2,16,4.6,0,1,22,46,0.6764705882352942
3245,4639,4,1,17,8.8,1,0,5,61,0.9242424242424242
3246,3668,2,2,57,4.5,0,1,2,72,0.972972972972973
3247,2908,1,4,52,3.1,0,1,19,69,0.7840909090909091
3248,4077,4,1,17,0.2,0,1,12,40,0.7692307692307693
3249,3929,15,5,15,8.3,1,0,18,85,0.8252427184466019
3250,4284,8,5,5,8.3,1,0,14,93,0.8691588785046729
3251,4337,12,3,34,7.8,1,0,11,70,0.8641975308641975
3252,3332,11,3,60,9.6,1,0,13,83,0.8645833333333334
3253,1760,2,2,96,2.8,0,1,22,53,0.7066666666666667
3254,823,12,3,79,9.4,1,0,19,78,0.8041237113402062
3255,1718,3,1,23,7.3,1,0,18,59,0.7662337662337663
3256,4033,13,6,86,5.3,1,0,26,90,0.7758620689655172
3257,337,1,4,46,0.3,0,1,24,67,0.7362637362637363
3258,3585,2,2,47,8.3,1,0,21,65,0.7558139534883721
3259,1722,7,1,69,7.0,1,0,13,73,0.8488372093023255
3260,4311,11,3,8,7.9,1,0,1,77,0.9871794871794872
3261,4968,14,3,77,4.9,0,1,6,56,0.9032258064516129
3262,4377,11,3,24,6.2,1,0,8,63,0.8873239436619719
3263,88,15,5,47,4.9,0,1,4,87,0.9560439560439561
3264,3350,11,3,51,2.0,0,1,11,66,0.8571428571428571
3265,1246,11,3,46,7.5,1,0,14,49,0.7777777777777778
3266,1063,14,3,27,4.8,0,1,18,89,0.8317757009345794
3267,771,5,2,40,1.6,0,1,20,74,0.7872340425531915
3268,4227,5,2,44,8.3,1,0,28,53,0.654320987654321
3269,765,11,3,98,4.3,0,1,9,78,0.896551724137931
3270,3178,13,6,85,9.9,1,0,1,79,0.9875
3271,889,4,1,27,0.1,0,1,28,71,0.7171717171717171
3272,3788,3,1,51,7.3,1,0,19,49,0.7205882352941176
3273,4140,8,5,45,0.5,0,1,9,62,0.8732394366197183
3274,1906,13,6,98,7.0,1,0,21,49,0.7
3275,4338,3,1,39,9.0,1,0,11,91,0.8921568627450981
3276,4193,15,5,8,1.4,0,1,10,69,0.8734177215189873
3277,3314,10,4,75,6.9,1,0,11,72,0.8674698795180723
3278,4794,4,1,78,9.7,1,0,4,62,0.9393939393939394
3279,839,13,6,4,5.4,1,0,13,67,0.8375
3280,2436,2,2,60,1.7,0,1,22,75,0.7731958762886598
3281,2644,11,3,48,9.0,1,0,29,74,0.7184466019417476
3282,4625,6,2,84,3.3,0,1,19,92,0.8288288288288288
3283,2297,6,2,26,2.8,0,1,5,53,0.9137931034482759
3284,4300,12,3,47,1.7,0,1,9,66,0.88
3285,1019,2,2,92,0.8,0,1,23,63,0.7325581395348837
3286,2842,10,4,92,4.6,0,1,18,87,0.8285714285714286
3287,2304,3,1,22,9.1,1,0,23,55,0.7051282051282052
3288,2261,2,2,32,1.5,0,1,5,66,0.9295774647887324
3289,1346,9,6,79,7.3,1,0,19,87,0.8207547169811321
3290,1740,7,1,41,1.2,0,1,11,66,0.8571428571428571
3291,2645,12,3,36,3.6,0,1,24,66,0.7333333333333333
3292,58,4,1,45,4.0,0,1,3,79,0.9634146341463414
3293,4038,4,1,74,7.3,1,0,12,91,0.883495145631068
3294,2137,2,2,62,9.4,1,0,24,65,0.7303370786516854
3295,2776,8,5,1,4.8,0,1,30,78,0.7222222222222222
3296,2176,10,4,13,1.7,0,1,1,52,0.9811320754716981
3297,1065,6,2,66,6.5,1,0,12,52,0.8125
3298,3964,1,4,23,0.8,0,1,24,76,0.76
3299,4247,8,5,4,5.6,1,0,28,49,0.6363636363636364
3300,3568,7,1,90,4.6,0,1,29,100,0.7751937984496124
3301,3883,4,1,71,1.4,0,1,6,70,0.9210526315789473
3302,4951,8,5,13,2.1,0,1,0,90,1.0
3303,1308,11,3,62,0.7,0,1,11,45,0.8035714285714286
3304,1773,14,3,28,1.5,0,1,18,42,0.7
3305,758,9,6,63,9.2,1,0,6,90,0.9375
3306,3444,4,1,64,3.8,0,1,5,70,0.9333333333333333
3307,2446,3,1,7,5.4,1,0,12,43,0.7818181818181819
3308,308,3,1,14,6.2,1,0,29,49,0.6282051282051282
3309,2459,14,3,10,4.0,0,1,9,57,0.8636363636363636
3310,3736,10,4,53,8.7,1,0,17,50,0.746268656716418
3311,2097,9,6,77,2.4,0,1,6,80,0.9302325581395349
3312,669,8,5,81,2.6,0,1,17,85,0.8333333333333334
3313,2470,11,3,65,4.7,0,1,8,47,0.8545454545454545
3314,3071,3,1,2,7.8,1,0,3,59,0.9516129032258065
3315,3807,6,2,40,6.8,1,0,23,73,0.7604166666666666
3316,202,13,6,49,0.9,0,1,30,70,0.7
3317,2494,8,5,32,5.1,1,0,23,65,0.7386363636363636
3318,3478,10,4,37,4.9,0,1,16,91,0.8504672897196262
3319,1715,15,5,37,2.8,0,1,19,73,0.7934782608695652
3320,2894,7,1,38,4.6,0,1,11,63,0.8513513513513513
3321,2018,14,3,94,4.2,0,1,21,85,0.8018867924528302
3322,3018,6,2,51,0.1,0,1,10,77,0.8850574712643678
3323,1455,4,1,26,5.2,1,0,18,87,0.8285714285714286
3324,1133,6,2,14,4.2,0,1,24,77,0.7623762376237624
3325,1004,14,3,30,7.0,1,0,26,99,0.792
3326,205,7,1,70,9.8,1,0,7,46,0.8679245283018868
3327,1495,10,4,18,9.1,1,0,10,42,0.8076923076923077
3328,1956,5,2,11,1.9,0,1,10,79,0.8876404494382022
3329,301,8,5,96,0.5,0,1,12,69,0.8518518518518519
3330,710,6,2,12,3.2,0,1,27,63,0.7
3331,4503,12,3,50,1.8,0,1,27,71,0.7244897959183674
3332,317,1,4,65,4.7,0,1,24,72,0.75
3333,555,4,1,95,1.7,0,1,18,97,0.8434782608695652
3334,651,2,2,15,8.3,1,0,24,74,0.7551020408163265
3335,1464,11,3,59,6.1,1,0,22,59,0.7283950617283951
3336,503,6,2,83,9.6,1,0,4,71,0.9466666666666667
3337,1919,5,2,98,3.7,0,1,19,97,0.8362068965517241
3338,4288,7,1,46,7.1,1,0,17,77,0.8191489361702128
3339,4374,12,3,94,8.4,1,0,18,99,0.8461538461538461
3340,1458,11,3,8,5.5,1,0,16,90,0.8490566037735849
3341,1481,5,2,98,9.4,1,0,25,61,0.7093023255813954
3342,119,15,5,25,6.3,1,0,13,90,0.8737864077669902
3343,1940,14,3,6,4.8,0,1,23,93,0.8017241379310345
3344,1944,4,1,45,5.9,1,0,18,74,0.8043478260869565
3345,2651,8,5,81,8.4,1,0,2,48,0.96
3346,1448,12,3,45,8.2,1,0,15,66,0.8148148148148148
3347,4804,15,5,67,3.1,0,1,4,97,0.9603960396039604
3348,4505,3,1,87,2.6,0,1,2,93,0.9789473684210527
3349,508,12,3,35,8.6,1,0,0,82,1.0
3350,3662,2,2,83,0.4,0,1,23,80,0.7766990291262136
3351,2839,7,1,29,2.2,0,1,3,73,0.9605263157894737
3352,338,11,3,100,4.7,0,1,22,80,0.7843137254901961
3353,4077,7,1,83,2.8,0,1,19,53,0.7361111111111112
3354,1416,3,1,74,8.0,1,0,6,42,0.875
3355,4093,14,3,40,1.6,0,1,6,49,0.8909090909090909
3356,4501,10,4,32,0.9,0,1,22,42,0.65625
3357,2545,10,4,98,9.3,1,0,17,43,0.7166666666666667
3358,3436,10,4,39,2.7,0,1,13,52,0.8
3359,3777,3,1,10,9.0,1,0,6,67,0.9178082191780822
3360,3525,13,6,92,10.0,1,0,22,47,0.6811594202898551
3361,3045,10,4,23,7.3,1,0,5,51,0.9107142857142857
3362,2221,10,4,56,2.5,0,1,5,63,0.9264705882352942
3363,3092,10,4,57,1.0,0,1,19,78,0.8041237113402062
3364,644,8,5,41,3.7,0,1,9,92,0.9108910891089109
3365,735,4,1,28,0.3,0,1,3,63,0.9545454545454546
3366,553,2,2,84,2.3,0,1,1,45,0.9782608695652174
3367,330,15,5,96,3.3,0,1,20,77,0.7938144329896907
3368,4909,12,3,15,1.1,0,1,25,56,0.691358024691358
3369,2095,13,6,29,3.0,0,1,25,80,0.7619047619047619
3370,1125,5,2,74,6.6,1,0,2,100,0.9803921568627451
3371,2764,12,3,50,1.2,0,1,28,63,0.6923076923076923
3372,2527,14,3,50,3.8,0,1,18,41,0.6949152542372882
3373,3614,4,1,66,4.6,0,1,13,60,0.821917808219178
3374,3432,2,2,73,0.7,0,1,2,90,0.9782608695652174
3375,1412,10,4,38,6.5,1,0,22,76,0.7755102040816326
3376,41,5,2,96,0.4,0,1,4,70,0.9459459459459459
3377,1125,14,3,40,6.9,1,0,19,99,0.8389830508474576
3378,4047,6,2,4,1.5,0,1,17,96,0.8495575221238938
3379,3749,4,1,32,5.5,1,0,14,56,0.8
3380,2864,5,2,79,5.4,1,0,22,62,0.7380952380952381
3381,3387,3,1,60,3.6,0,1,15,68,0.8192771084337349
3382,3801,9,6,98,9.8,1,0,5,44,0.8979591836734694
3383,4319,12,3,50,4.5,0,1,6,53,0.8983050847457628
3384,3637,3,1,49,3.2,0,1,13,83,0.8645833333333334
3385,4314,4,1,58,1.7,0,1,1,43,0.9772727272727273
3386,2367,6,2,9,8.0,1,0,24,63,0.7241379310344828
3387,2921,14,3,79,0.6,0,1,2,70,0.9722222222222222
3388,4438,13,6,93,1.5,0,1,7,54,0.8852459016393442
3389,2778,1,4,24,1.1,0,1,5,46,0.9019607843137255
3390,3969,3,1,12,6.2,1,0,16,98,0.8596491228070176
3391,4903,14,3,67,1.3,0,1,22,93,0.808695652173913
3392,3626,3,1,20,2.6,0,1,16,49,0.7538461538461538
3393,1611,5,2,33,7.4,1,0,4,79,0.9518072289156626
3394,467,15,5,57,1.2,0,1,4,100,0.9615384615384616
3395,1954,1,4,21,7.8,1,0,6,82,0.9318181818181818
3396,98,15,5,1,8.0,1,0,15,49,0.765625
3397,1843,13,6,19,2.8,0,1,17,80,0.8247422680412371
3398,2243,5,2,33,2.8,0,1,29,61,0.6777777777777778
3399,832,4,1,85,8.3,1,0,27,58,0.6823529411764706
3400,4457,9,6,58,0.6,0,1,10,56,0.8484848484848485
3401,4331,1,4,6,3.6,0,1,23,51,0.6891891891891891
3402,2696,13,6,20,8.2,1,0,20,94,0.8245614035087719
3403,2079,5,2,79,2.3,0,1,30,76,0.7169811320754716
3404,4667,9,6,90,1.6,0,1,6,52,0.896551724137931
3405,1150,15,5,12,3.5,0,1,29,82,0.7387387387387387
3406,1373,9,6,24,7.8,1,0,6,55,0.9016393442622951
3407,1246,13,6,7,0.8,0,1,13,85,0.8673469387755102
3408,884,13,6,49,1.7,0,1,20,58,0.7435897435897436
3409,2877,7,1,7,5.9,1,0,1,69,0.9857142857142858
3410,4271,8,5,17,6.5,1,0,30,44,0.5945945945945946
3411,1831,11,3,100,5.5,1,0,9,71,0.8875
3412,504,5,2,7,1.8,0,1,25,50,0.6666666666666666
3413,3999,5,2,80,2.0,0,1,21,94,0.8173913043478261
3414,434,14,3,96,6.9,1,0,16,82,0.8367346938775511
3415,1342,13,6,79,9.6,1,0,23,96,0.8067226890756303
3416,3023,15,5,48,2.3,0,1,20,54,0.7297297297297297
3417,653,6,2,93,8.0,1,0,14,81,0.8526315789473684
3418,1931,8,5,6,9.5,1,0,17,85,0.8333333333333334
3419,4388,6,2,58,4.4,0,1,20,66,0.7674418604651163
3420,32,13,6,27,2.1,0,1,26,64,0.7111111111111111
3421,221,7,1,25,3.4,0,1,18,80,0.8163265306122449
3422,4856,10,4,4,7.8,1,0,14,80,0.851063829787234
3423,118,3,1,29,7.5,1,0,28,69,0.711340206185567
3424,2709,1,4,68,1.0,0,1,10,55,0.8461538461538461
3425,2708,3,1,14,4.3,0,1,30,100,0.7692307692307693
3426,1455,3,1,74,4.1,0,1,4,50,0.9259259259259259
3427,852,13,6,15,9.5,1,0,16,86,0.8431372549019608
3428,3425,5,2,95,2.7,0,1,2,52,0.9629629629629629
3429,1871,5,2,11,5.2,1,0,5,78,0.9397590361445783
3430,812,12,3,91,3.8,0,1,17,65,0.7926829268292683
3431,417,7,1,24,3.3,0,1,6,66,0.9166666666666666
3432,586,14,3,27,6.6,1,0,3,99,0.9705882352941176
3433,4251,5,2,66,4.5,0,1,25,93,0.788135593220339
3434,3112,8,5,61,4.6,0,1,2,41,0.9534883720930233
3435,4763,14,3,6,6.8,1,0,7,100,0.9345794392523364
3436,1627,11,3,96,7.6,1,0,0,100,1.0
3437,3712,11,3,51,9.9,1,0,11,94,0.8952380952380953
3438,3945,4,1,12,3.9,0,1,11,67,0.8589743589743589
3439,1234,9,6,42,5.6,1,0,22,45,0.6716417910447762
3440,3326,10,4,9,3.6,0,1,20,49,0.7101449275362319
3441,219,10,4,12,0.2,0,1,0,55,1.0
3442,3509,7,1,60,7.9,1,0,30,74,0.7115384615384616
3443,333,11,3,70,1.8,0,1,15,54,0.782608695652174
3444,1801,8,5,59,6.0,1,0,24,90,0.7894736842105263
3445,3690,13,6,88,9.3,1,0,28,79,0.7383177570093458
3446,1674,2,2,91,3.5,0,1,16,95,0.8558558558558559
3447,1556,7,1,42,4.7,0,1,20,73,0.7849462365591398
3448,2757,9,6,52,5.2,1,0,17,96,0.8495575221238938
3449,3860,12,3,30,6.5,1,0,11,70,0.8641975308641975
3450,2419,15,5,40,2.3,0,1,17,91,0.8425925925925926
3451,3833,12,3,20,9.6,1,0,6,56,0.9032258064516129
3452,843,13,6,33,1.5,0,1,6,76,0.926829268292683
3453,893,2,2,74,7.1,1,0,23,89,0.7946428571428571
3454,4110,12,3,54,1.9,0,1,3,46,0.9387755102040817
3455,1952,8,5,47,6.0,1,0,9,72,0.8888888888888888
3456,4422,8,5,96,1.7,0,1,12,71,0.8554216867469879
3457,4971,15,5,60,6.6,1,0,6,75,0.9259259259259259
3458,2306,3,1,66,7.7,1,0,16,51,0.7611940298507462
3459,3254,11,3,76,6.5,1,0,21,58,0.7341772151898734
3460,4760,1,4,8,0.7,0,1,23,41,0.640625
3461,1847,15,5,68,9.0,1,0,3,51,0.9444444444444444
3462,781,13,6,73,1.3,0,1,8,80,0.9090909090909091
3463,2375,7,1,96,2.1,0,1,1,50,0.9803921568627451
3464,4687,8,5,30,8.3,1,0,25,77,0.7549019607843137
3465,2793,10,4,74,6.3,1,0,4,90,0.9574468085106383
3466,4014,12,3,40,0.5,0,1,6,54,0.9
3467,4971,3,1,100,0.7,0,1,4,73,0.948051948051948
3468,1705,14,3,78,8.7,1,0,28,94,0.7704918032786885
3469,346,7,1,90,7.4,1,0,27,74,0.7326732673267327
3470,2141,14,3,6,9.8,1,0,24,60,0.7142857142857143
3471,750,6,2,50,2.0,0,1,7,63,0.9
3472,1018,14,3,31,9.8,1,0,7,78,0.9176470588235294
3473,4941,5,2,73,1.4,0,1,1,84,0.9882352941176471
3474,552,4,1,99,1.9,0,1,1,53,0.9814814814814815
3475,2539,3,1,22,5.4,1,0,18,61,0.7721518987341772
3476,776,9,6,85,7.5,1,0,26,58,0.6904761904761905
3477,1840,3,1,48,9.3,1,0,30,64,0.6808510638297872
3478,2780,1,4,91,5.7,1,0,22,75,0.7731958762886598
3479,2409,7,1,90,6.7,1,0,25,96,0.7933884297520661
3480,2949,6,2,54,5.9,1,0,22,40,0.6451612903225806
3481,1754,15,5,25,4.0,0,1,11,57,0.8382352941176471
3482,2604,4,1,16,6.4,1,0,15,59,0.7972972972972973
3483,2014,5,2,60,5.9,1,0,11,66,0.8571428571428571
3484,2411,11,3,32,1.5,0,1,6,52,0.896551724137931
3485,1264,14,3,75,6.2,1,0,30,64,0.6808510638297872
3486,449,5,2,31,1.7,0,1,20,67,0.7701149425287356
3487,967,13,6,12,1.5,0,1,30,90,0.75
3488,3727,12,3,2,2.7,0,1,6,70,0.9210526315789473
3489,4703,7,1,98,3.5,0,1,30,99,0.7674418604651163
3490,4575,5,2,26,1.9,0,1,14,99,0.8761061946902655
3491,1078,5,2,14,6.5,1,0,14,59,0.8082191780821918
3492,4818,1,4,79,8.3,1,0,14,75,0.8426966292134831
3493,1333,8,5,53,6.1,1,0,3,99,0.9705882352941176
3494,3939,11,3,15,6.6,1,0,9,49,0.8448275862068966
3495,445,11,3,93,7.4,1,0,15,56,0.7887323943661971
3496,1851,8,5,41,6.8,1,0,21,69,0.7666666666666667
3497,3892,8,5,66,9.8,1,0,30,48,0.6153846153846154
3498,2996,2,2,6,7.0,1,0,2,67,0.9710144927536232
3499,2782,11,3,65,5.5,1,0,17,68,0.8
3500,629,2,2,74,3.9,0,1,28,92,0.7666666666666667
3501,3908,5,2,86,4.9,0,1,14,61,0.8133333333333334
3502,1776,15,5,11,3.8,0,1,21,99,0.825
3503,3829,10,4,62,0.4,0,1,23,64,0.735632183908046
3504,4669,10,4,77,7.2,1,0,11,45,0.8035714285714286
3505,2762,13,6,37,0.6,0,1,25,99,0.7983870967741935
3506,1239,9,6,80,1.5,0,1,13,49,0.7903225806451613
3507,2386,8,5,43,2.4,0,1,13,100,0.8849557522123894
3508,3364,13,6,52,5.6,1,0,30,40,0.5714285714285714
3509,1334,9,6,80,3.1,0,1,3,84,0.9655172413793104
3510,2359,13,6,47,3.2,0,1,11,94,0.8952380952380953
3511,604,14,3,15,8.1,1,0,15,89,0.8557692307692307
3512,2812,6,2,100,5.8,1,0,16,53,0.7681159420289855
3513,4689,11,3,68,1.5,0,1,11,68,0.8607594936708861
3514,131,10,4,47,6.4,1,0,9,64,0.8767123287671232
3515,1132,12,3,78,3.5,0,1,12,68,0.85
3516,1510,4,1,1,5.1,1,0,10,57,0.8507462686567164
3517,2414,4,1,94,4.1,0,1,24,59,0.7108433734939759
3518,2299,10,4,29,4.8,0,1,24,90,0.7894736842105263
3519,3968,10,4,2,6.9,1,0,16,97,0.8584070796460177
3520,3882,12,3,92,4.3,0,1,17,89,0.839622641509434
3521,1665,9,6,97,9.6,1,0,30,86,0.7413793103448276
3522,2216,14,3,75,1.0,0,1,18,71,0.797752808988764
3523,990,12,3,47,4.4,0,1,27,65,0.7065217391304348
3524,1182,15,5,72,9.9,1,0,9,75,0.8928571428571429
3525,242,7,1,97,2.5,0,1,6,61,0.9104477611940298
3526,726,13,6,100,5.3,1,0,4,85,0.9550561797752809
3527,3315,13,6,34,4.7,0,1,15,92,0.8598130841121495
3528,4587,9,6,7,5.7,1,0,6,85,0.9340659340659341
3529,3568,13,6,59,3.8,0,1,3,69,0.9583333333333334
3530,3743,3,1,8,6.3,1,0,0,50,1.0
3531,1860,12,3,15,6.2,1,0,19,42,0.6885245901639344
3532,1320,1,4,3,9.5,1,0,25,89,0.7807017543859649
3533,2281,6,2,5,0.8,0,1,24,67,0.7362637362637363
3534,1110,5,2,39,8.5,1,0,9,40,0.8163265306122449
3535,220,10,4,5,2.3,0,1,4,96,0.96
3536,1065,5,2,59,1.6,0,1,4,92,0.9583333333333334
3537,2487,4,1,7,3.5,0,1,28,77,0.7333333333333333
3538,3418,11,3,85,8.2,1,0,10,81,0.8901098901098901
3539,4410,1,4,72,1.4,0,1,6,99,0.9428571428571428
3540,479,1,4,52,4.7,0,1,19,51,0.7285714285714285
3541,4118,5,2,51,2.0,0,1,28,61,0.6853932584269663
3542,2758,6,2,49,2.5,0,1,5,49,0.9074074074074074
3543,3205,1,4,86,5.3,1,0,29,95,0.7661290322580645
3544,3665,13,6,48,9.8,1,0,14,84,0.8571428571428571
3545,31,2,2,85,8.1,1,0,30,76,0.7169811320754716
3546,34,9,6,6,8.4,1,0,29,57,0.6627906976744186
3547,3746,10,4,94,9.1,1,0,18,89,0.8317757009345794
3548,358,6,2,12,9.9,1,0,16,58,0.7837837837837838
3549,4236,15,5,67,5.1,1,0,28,63,0.6923076923076923
3550,4150,14,3,90,0.7,0,1,5,89,0.9468085106382979
3551,470,13,6,84,6.6,1,0,5,100,0.9523809523809523
3552,3828,3,1,42,8.1,1,0,16,97,0.8584070796460177
3553,1003,11,3,10,2.8,0,1,13,72,0.8470588235294118
3554,4639,6,2,5,7.7,1,0,12,62,0.8378378378378378
3555,3628,4,1,14,2.3,0,1,17,61,0.782051282051282
3556,725,6,2,48,1.4,0,1,14,56,0.8
3557,1078,9,6,51,4.1,0,1,14,47,0.7704918032786885
3558,4944,14,3,6,1.7,0,1,6,94,0.94
3559,3103,9,6,20,5.5,1,0,22,68,0.7555555555555555
3560,4345,12,3,8,5.5,1,0,30,90,0.75
3561,4654,8,5,4,5.0,1,0,18,59,0.7662337662337663
3562,4025,3,1,7,3.4,0,1,29,48,0.6233766233766234
3563,4863,2,2,94,4.9,0,1,11,81,0.8804347826086957
3564,277,9,6,50,2.3,0,1,19,49,0.7205882352941176
3565,4075,8,5,92,4.0,0,1,25,92,0.7863247863247863
3566,4608,5,2,93,1.9,0,1,3,50,0.9433962264150944
3567,2352,11,3,6,6.1,1,0,22,92,0.8070175438596491
3568,4447,12,3,50,8.1,1,0,21,40,0.6557377049180327
3569,2057,4,1,52,4.2,0,1,19,76,0.8
3570,2656,8,5,3,2.8,0,1,3,73,0.9605263157894737
3571,3015,4,1,42,4.2,0,1,4,54,0.9310344827586207
3572,593,14,3,51,8.7,1,0,8,51,0.864406779661017
3573,1002,10,4,56,2.4,0,1,9,65,0.8783783783783784
3574,647,13,6,2,6.8,1,0,17,93,0.8454545454545455
3575,3661,6,2,88,5.7,1,0,12,41,0.7735849056603774
3576,3649,9,6,54,9.4,1,0,17,91,0.8425925925925926
3577,698,3,1,37,0.4,0,1,15,85,0.85
3578,4797,3,1,50,5.5,1,0,22,98,0.8166666666666667
3579,2206,9,6,31,4.7,0,1,10,45,0.8181818181818182
3580,3258,1,4,51,7.1,1,0,27,81,0.75
3581,2346,1,4,85,2.1,0,1,29,60,0.6741573033707865
3582,671,10,4,88,3.5,0,1,7,42,0.8571428571428571
3583,8,10,4,61,2.9,0,1,25,63,0.7159090909090909
3584,1088,5,2,67,2.3,0,1,17,52,0.7536231884057971
3585,700,2,2,40,3.7,0,1,12,59,0.8309859154929577
3586,2583,4,1,28,3.0,0,1,27,93,0.775
3587,4871,12,3,42,4.1,0,1,4,100,0.9615384615384616
3588,2262,1,4,14,2.3,0,1,30,95,0.76
3589,2783,10,4,72,9.6,1,0,29,95,0.7661290322580645
3590,2153,7,1,68,9.0,1,0,9,73,0.8902439024390244
3591,106,12,3,65,7.4,1,0,11,98,0.8990825688073395
3592,1123,15,5,20,5.4,1,0,5,59,0.921875
3593,4212,8,5,38,6.4,1,0,28,52,0.65
3594,1165,4,1,53,8.7,1,0,30,81,0.7297297297297297
3595,4155,11,3,22,3.1,0,1,19,61,0.7625
3596,2696,2,2,13,9.5,1,0,8,85,0.9139784946236559
3597,263,7,1,67,7.3,1,0,28,95,0.7723577235772358
3598,2235,13,6,7,0.1,0,1,21,40,0.6557377049180327
3599,3199,8,5,77,2.8,0,1,22,99,0.8181818181818182
3600,784,10,4,79,0.7,0,1,4,42,0.9130434782608695
3601,885,2,2,97,1.1,0,1,13,83,0.8645833333333334
3602,1200,14,3,67,1.9,0,1,22,43,0.6615384615384615
3603,2853,6,2,95,3.9,0,1,3,95,0.9693877551020408
3604,4865,12,3,75,6.6,1,0,20,84,0.8076923076923077
3605,1897,10,4,84,8.1,1,0,21,83,0.7980769230769231
3606,3732,1,4,95,7.4,1,0,19,70,0.7865168539325843
3607,311,5,2,79,1.4,0,1,3,40,0.9302325581395349
3608,2693,7,1,9,6.6,1,0,3,78,0.9629629629629629
3609,4612,10,4,62,6.9,1,0,29,50,0.6329113924050633
3610,2976,14,3,33,4.8,0,1,1,68,0.9855072463768116
3611,4374,9,6,27,3.6,0,1,28,98,0.7777777777777778
3612,4852,13,6,38,2.7,0,1,4,82,0.9534883720930233
3613,3052,2,2,17,7.0,1,0,3,94,0.9690721649484536
3614,1088,1,4,71,9.9,1,0,20,90,0.8181818181818182
3615,2964,12,3,42,0.1,0,1,18,40,0.6896551724137931
3616,3922,1,4,14,6.2,1,0,6,40,0.8695652173913043
3617,3010,11,3,70,3.0,0,1,2,65,0.9701492537313433
3618,1750,15,5,36,2.6,0,1,10,46,0.8214285714285714
3619,1886,7,1,13,8.1,1,0,4,86,0.9555555555555556
3620,2519,14,3,5,2.0,0,1,29,41,0.5857142857142857
3621,1012,3,1,61,6.5,1,0,16,51,0.7611940298507462
3622,3753,1,4,77,9.3,1,0,15,67,0.8170731707317073
3623,371,3,1,88,8.3,1,0,0,48,1.0
3624,3300,4,1,89,3.2,0,1,13,75,0.8522727272727273
3625,4455,8,5,76,9.3,1,0,11,61,0.8472222222222222
3626,1299,10,4,76,0.9,0,1,1,92,0.989247311827957
3627,3289,3,1,77,10.0,1,0,13,78,0.8571428571428571
3628,3524,8,5,6,5.3,1,0,4,54,0.9310344827586207
3629,4448,8,5,71,9.5,1,0,26,62,0.7045454545454546
3630,56,9,6,25,6.8,1,0,1,89,0.9888888888888889
3631,387,2,2,61,0.5,0,1,14,65,0.8227848101265823
3632,2351,1,4,2,2.5,0,1,20,75,0.7894736842105263
3633,761,7,1,7,3.8,0,1,6,49,0.8909090909090909
3634,3356,2,2,24,2.5,0,1,6,54,0.9
3635,3684,5,2,73,9.3,1,0,11,66,0.8571428571428571
3636,4148,9,6,73,4.3,0,1,16,50,0.7575757575757576
3637,3943,14,3,29,9.6,1,0,8,70,0.8974358974358975
3638,353,8,5,18,8.6,1,0,9,67,0.881578947368421
3639,1495,6,2,80,6.0,1,0,15,77,0.8369565217391305
3640,4240,10,4,55,5.3,1,0,13,48,0.7868852459016393
3641,485,6,2,85,3.3,0,1,12,70,0.8536585365853658
3642,1148,9,6,17,2.3,0,1,0,73,1.0
3643,1935,6,2,22,1.9,0,1,6,77,0.927710843373494
3644,671,10,4,78,8.2,1,0,25,73,0.7448979591836735
3645,3425,3,1,84,6.8,1,0,15,85,0.85
3646,3932,13,6,92,9.0,1,0,4,75,0.9493670886075949
3647,4057,5,2,71,7.7,1,0,25,77,0.7549019607843137
3648,1424,9,6,91,1.9,0,1,24,46,0.6571428571428571
3649,1565,2,2,87,8.0,1,0,29,69,0.7040816326530612
3650,4648,10,4,90,7.9,1,0,4,55,0.9322033898305084
3651,509,7,1,81,3.5,0,1,11,95,0.8962264150943396
3652,1577,4,1,46,1.1,0,1,28,95,0.7723577235772358
3653,2453,10,4,49,7.0,1,0,26,64,0.7111111111111111
3654,4440,5,2,81,4.3,0,1,3,87,0.9666666666666667
3655,4941,5,2,59,8.8,1,0,9,99,0.9166666666666666
3656,1858,11,3,85,9.8,1,0,19,63,0.7682926829268293
3657,745,11,3,54,1.2,0,1,29,71,0.71
3658,1381,5,2,99,0.0,0,1,7,76,0.9156626506024096
3659,2063,8,5,58,1.5,0,1,6,93,0.9393939393939394
3660,516,4,1,30,9.5,1,0,24,52,0.6842105263157895
3661,3076,2,2,37,9.5,1,0,9,81,0.9
3662,2603,7,1,39,5.3,1,0,29,64,0.6881720430107527
3663,4052,2,2,83,9.6,1,0,10,52,0.8387096774193549
3664,4843,6,2,92,4.8,0,1,7,84,0.9230769230769231
3665,118,4,1,27,2.6,0,1,30,44,0.5945945945945946
3666,3120,1,4,39,8.6,1,0,12,50,0.8064516129032258
3667,4776,1,4,81,4.8,0,1,19,61,0.7625
3668,312,2,2,98,2.8,0,1,15,60,0.8
3669,2982,11,3,94,8.3,1,0,12,55,0.8208955223880597
3670,3004,5,2,7,7.8,1,0,10,71,0.8765432098765432
3671,237,2,2,93,7.4,1,0,24,89,0.7876106194690266
3672,2035,7,1,32,1.7,0,1,8,78,0.9069767441860465
3673,1855,15,5,70,6.3,1,0,23,57,0.7125
3674,2704,8,5,12,3.7,0,1,13,88,0.8712871287128713
3675,3370,12,3,73,6.0,1,0,26,58,0.6904761904761905
3676,4807,9,6,17,3.4,0,1,8,66,0.8918918918918919
3677,653,7,1,14,4.8,0,1,6,51,0.8947368421052632
3678,4032,14,3,15,9.1,1,0,25,96,0.7933884297520661
3679,4028,2,2,11,5.4,1,0,12,55,0.8208955223880597
3680,123,7,1,73,9.5,1,0,13,83,0.8645833333333334
3681,3563,11,3,11,1.9,0,1,5,47,0.9038461538461539
3682,1055,14,3,75,5.6,1,0,16,69,0.8117647058823529
3683,2086,7,1,82,3.8,0,1,16,55,0.7746478873239436
3684,2644,2,2,95,3.8,0,1,4,86,0.9555555555555556
3685,1559,5,2,55,7.1,1,0,2,76,0.9743589743589743
3686,1117,7,1,27,2.1,0,1,24,52,0.6842105263157895
3687,311,10,4,5,9.8,1,0,28,81,0.7431192660550459
3688,2846,9,6,83,1.4,0,1,17,54,0.7605633802816901
3689,36,1,4,74,8.0,1,0,12,54,0.8181818181818182
3690,2480,15,5,68,0.8,0,1,13,100,0.8849557522123894
3691,4775,6,2,41,5.8,1,0,21,67,0.7613636363636364
3692,715,15,5,56,6.8,1,0,24,75,0.7575757575757576
3693,4838,11,3,11,2.7,0,1,24,76,0.76
3694,346,12,3,71,5.5,1,0,19,100,0.8403361344537815
3695,1037,2,2,22,8.4,1,0,6,87,0.9354838709677419
3696,103,9,6,91,1.7,0,1,14,53,0.7910447761194029
3697,3520,14,3,26,6.6,1,0,12,61,0.8356164383561644
3698,3387,8,5,82,3.7,0,1,18,64,0.7804878048780488
3699,2892,13,6,33,1.8,0,1,18,99,0.8461538461538461
3700,2680,9,6,20,1.6,0,1,20,96,0.8275862068965517
3701,2603,1,4,83,3.0,0,1,13,60,0.821917808219178
3702,3121,8,5,5,1.1,0,1,13,89,0.8725490196078431
3703,1183,11,3,78,8.5,1,0,28,93,0.768595041322314
3704,4515,9,6,91,8.0,1,0,24,62,0.7209302325581395
3705,4464,5,2,79,9.6,1,0,2,65,0.9701492537313433
3706,2930,9,6,39,5.9,1,0,28,57,0.6705882352941176
3707,2377,2,2,49,5.3,1,0,28,64,0.6956521739130435
3708,149,6,2,24,3.5,0,1,14,54,0.7941176470588235
3709,2250,10,4,73,7.4,1,0,30,89,0.7478991596638656
3710,2772,1,4,28,0.4,0,1,6,72,0.9230769230769231
3711,1159,5,2,35,8.2,1,0,18,87,0.8285714285714286
3712,485,1,4,77,8.3,1,0,29,60,0.6741573033707865
3713,2099,3,1,21,0.8,0,1,17,91,0.8425925925925926
3714,2473,4,1,89,9.9,1,0,29,50,0.6329113924050633
3715,1728,11,3,1,4.7,0,1,28,72,0.72
3716,3795,5,2,91,7.9,1,0,6,57,0.9047619047619048
3717,58,2,2,8,8.3,1,0,30,69,0.696969696969697
3718,2376,10,4,81,8.3,1,0,4,87,0.9560439560439561
3719,3052,15,5,64,1.9,0,1,21,63,0.75
3720,4764,8,5,81,1.6,0,1,25,43,0.6323529411764706
3721,2476,15,5,51,4.1,0,1,9,66,0.88
3722,2417,10,4,32,1.3,0,1,3,64,0.9552238805970149
3723,2548,13,6,76,6.1,1,0,16,70,0.813953488372093
3724,2105,3,1,64,6.5,1,0,0,97,1.0
3725,606,12,3,66,6.2,1,0,23,50,0.684931506849315
3726,1834,14,3,78,8.1,1,0,16,99,0.8608695652173913
3727,2718,9,6,59,5.6,1,0,16,43,0.7288135593220338
3728,3287,7,1,53,3.6,0,1,4,56,0.9333333333333333
3729,4230,9,6,47,9.8,1,0,1,55,0.9821428571428571
3730,2322,7,1,71,8.5,1,0,26,84,0.7636363636363637
3731,3682,4,1,4,2.5,0,1,28,43,0.6056338028169014
3732,63,1,4,80,3.7,0,1,12,62,0.8378378378378378
3733,3575,8,5,26,5.0,1,0,19,90,0.8256880733944955
3734,1496,7,1,65,7.7,1,0,15,64,0.810126582278481
3735,588,12,3,18,7.7,1,0,24,74,0.7551020408163265
3736,2207,5,2,15,3.1,0,1,11,54,0.8307692307692308
3737,1895,7,1,3,9.1,1,0,29,75,0.7211538461538461
3738,3549,10,4,3,7.2,1,0,16,71,0.8160919540229885
3739,3932,6,2,64,5.3,1,0,15,52,0.7761194029850746
3740,3061,10,4,35,7.8,1,0,9,66,0.88
3741,1982,5,2,23,5.0,1,0,11,99,0.9
3742,1888,6,2,61,3.1,0,1,24,67,0.7362637362637363
3743,1280,1,4,55,8.9,1,0,10,49,0.8305084745762712
3744,4016,4,1,43,7.1,1,0,20,64,0.7619047619047619
3745,2650,6,2,20,5.3,1,0,16,42,0.7241379310344828
3746,425,2,2,64,7.1,1,0,18,91,0.8348623853211009
3747,3198,15,5,51,8.6,1,0,20,71,0.7802197802197802
3748,1021,6,2,53,6.7,1,0,6,96,0.9411764705882353
3749,153,11,3,96,4.4,0,1,23,63,0.7325581395348837
3750,4697,3,1,44,8.0,1,0,29,79,0.7314814814814815
3751,3759,8,5,83,9.2,1,0,12,94,0.8867924528301887
3752,4594,1,4,100,0.3,0,1,25,88,0.7787610619469026
3753,158,3,1,58,2.1,0,1,24,96,0.8
3754,778,4,1,60,1.4,0,1,13,88,0.8712871287128713
3755,2719,2,2,18,9.7,1,0,10,75,0.8823529411764706
3756,2790,8,5,80,5.8,1,0,28,63,0.6923076923076923
3757,1069,4,1,34,9.5,1,0,1,51,0.9807692307692307
3758,693,2,2,78,6.1,1,0,1,65,0.9848484848484849
3759,2345,4,1,55,6.2,1,0,28,68,0.7083333333333334
3760,3751,12,3,74,2.8,0,1,26,69,0.7263157894736842
3761,3816,5,2,77,1.6,0,1,25,99,0.7983870967741935
3762,360,14,3,45,0.4,0,1,3,75,0.9615384615384616
3763,1430,8,5,31,3.8,0,1,24,82,0.7735849056603774
3764,1432,2,2,78,7.4,1,0,22,67,0.7528089887640449
3765,3927,12,3,95,9.7,1,0,2,90,0.9782608695652174
3766,244,9,6,51,3.9,0,1,18,88,0.8301886792452831
3767,2269,8,5,78,2.5,0,1,17,85,0.8333333333333334
3768,452,3,1,72,2.0,0,1,4,97,0.9603960396039604
3769,3799,14,3,70,1.0,0,1,15,73,0.8295454545454546
3770,4763,13,6,46,6.7,1,0,15,88,0.8543689320388349
3771,4212,7,1,74,0.0,0,1,6,41,0.8723404255319149
3772,207,5,2,45,1.0,0,1,18,94,0.8392857142857143
3773,3620,13,6,79,6.7,1,0,3,98,0.9702970297029703
3774,3394,12,3,59,0.9,0,1,2,55,0.9649122807017544
3775,3940,15,5,5,1.0,0,1,21,94,0.8173913043478261
3776,997,2,2,3,7.1,1,0,6,94,0.94
3777,2880,6,2,22,8.4,1,0,16,56,0.7777777777777778
3778,3010,12,3,16,1.4,0,1,23,85,0.7870370370370371
3779,519,1,4,48,8.9,1,0,22,53,0.7066666666666667
3780,4101,12,3,69,2.0,0,1,24,79,0.7669902912621359
3781,4449,8,5,87,4.6,0,1,20,94,0.8245614035087719
3782,4982,12,3,35,1.1,0,1,24,64,0.7272727272727273
3783,3899,10,4,57,6.8,1,0,21,73,0.776595744680851
3784,180,9,6,56,5.5,1,0,14,66,0.825
3785,1029,6,2,90,7.3,1,0,18,65,0.7831325301204819
3786,3687,3,1,97,7.8,1,0,6,59,0.9076923076923077
3787,3165,14,3,84,0.7,0,1,14,72,0.8372093023255814
3788,4666,2,2,63,4.8,0,1,1,94,0.9894736842105263
3789,1287,1,4,27,4.9,0,1,13,56,0.8115942028985508
3790,898,15,5,16,5.4,1,0,21,58,0.7341772151898734
3791,3709,5,2,61,0.8,0,1,18,76,0.8085106382978723
3792,1636,9,6,68,4.0,0,1,8,74,0.9024390243902439
3793,3986,9,6,53,7.5,1,0,17,50,0.746268656716418
3794,2212,7,1,77,5.5,1,0,2,80,0.975609756097561
3795,3368,9,6,45,7.7,1,0,2,95,0.979381443298969
3796,1835,2,2,21,4.8,0,1,21,70,0.7692307692307693
3797,1749,2,2,43,8.3,1,0,4,90,0.9574468085106383
3798,4390,2,2,46,6.1,1,0,0,57,1.0
3799,1569,7,1,82,0.9,0,1,30,48,0.6153846153846154
3800,4863,14,3,14,7.1,1,0,22,47,0.6811594202898551
3801,3169,4,1,78,9.8,1,0,22,58,0.725
3802,2789,2,2,87,1.6,0,1,17,61,0.782051282051282
3803,4242,10,4,10,1.9,0,1,0,72,1.0
3804,4905,9,6,11,7.5,1,0,19,92,0.8288288288288288
3805,826,13,6,16,8.5,1,0,22,60,0.7317073170731707
3806,4975,11,3,66,4.5,0,1,25,56,0.691358024691358
3807,4321,12,3,27,2.9,0,1,30,100,0.7692307692307693
3808,437,14,3,92,6.3,1,0,15,95,0.8636363636363636
3809,2431,2,2,51,9.4,1,0,3,48,0.9411764705882353
3810,1931,10,4,68,5.5,1,0,3,100,0.970873786407767
3811,1756,12,3,78,6.3,1,0,18,71,0.797752808988764
3812,3200,9,6,69,4.8,0,1,19,78,0.8041237113402062
3813,4058,13,6,23,7.9,1,0,6,92,0.9387755102040817
3814,4035,3,1,40,6.9,1,0,30,84,0.7368421052631579
3815,1735,7,1,95,4.7,0,1,10,48,0.8275862068965517
3816,1661,12,3,93,3.7,0,1,25,66,0.7252747252747253
3817,1981,8,5,13,0.2,0,1,20,84,0.8076923076923077
3818,4190,11,3,73,9.2,1,0,14,52,0.7878787878787878
3819,1663,14,3,44,7.4,1,0,30,44,0.5945945945945946
3820,1587,11,3,86,0.1,0,1,10,49,0.8305084745762712
3821,2388,8,5,10,5.8,1,0,26,54,0.675
3822,2872,4,1,6,9.8,1,0,30,96,0.7619047619047619
3823,3729,8,5,99,1.3,0,1,27,47,0.6351351351351351
3824,4209,8,5,14,3.8,0,1,6,58,0.90625
3825,2566,14,3,83,7.8,1,0,26,98,0.7903225806451613
3826,4203,5,2,66,2.3,0,1,18,91,0.8348623853211009
3827,3863,5,2,16,2.2,0,1,7,47,0.8703703703703703
3828,1067,4,1,88,9.1,1,0,13,80,0.8602150537634409
3829,4905,3,1,93,5.6,1,0,27,72,0.7272727272727273
3830,1852,8,5,100,0.5,0,1,2,48,0.96
3831,2295,8,5,16,9.2,1,0,26,95,0.7851239669421488
3832,755,1,4,29,5.1,1,0,20,92,0.8214285714285714
3833,1763,4,1,11,0.8,0,1,18,68,0.7906976744186046
3834,4972,8,5,83,2.5,0,1,8,61,0.8840579710144928
3835,1417,8,5,82,9.6,1,0,21,78,0.7878787878787878
3836,3381,15,5,49,6.9,1,0,20,99,0.8319327731092437
3837,2489,3,1,66,1.8,0,1,15,67,0.8170731707317073
3838,3296,4,1,58,5.1,1,0,23,55,0.7051282051282052
3839,727,4,1,5,8.2,1,0,13,66,0.8354430379746836
3840,3965,2,2,19,6.3,1,0,22,71,0.7634408602150538
3841,4357,7,1,71,5.6,1,0,28,93,0.768595041322314
3842,1837,4,1,72,1.9,0,1,22,67,0.7528089887640449
3843,2147,14,3,86,3.6,0,1,9,84,0.9032258064516129
3844,4453,3,1,57,2.4,0,1,19,63,0.7682926829268293
3845,2118,9,6,86,6.5,1,0,13,65,0.8333333333333334
3846,771,5,2,73,5.2,1,0,15,93,0.8611111111111112
3847,793,1,4,66,7.4,1,0,24,96,0.8
3848,1334,12,3,80,4.3,0,1,30,80,0.7272727272727273
3849,1215,10,4,17,3.1,0,1,30,62,0.6739130434782609
3850,4893,1,4,76,2.7,0,1,4,46,0.92
3851,2808,14,3,92,3.4,0,1,7,49,0.875
3852,2766,3,1,48,8.7,1,0,22,83,0.7904761904761904
3853,4103,9,6,47,6.5,1,0,16,48,0.75
3854,525,15,5,19,6.6,1,0,1,49,0.98
3855,1743,9,6,15,2.5,0,1,25,82,0.7663551401869159
3856,2049,10,4,96,0.5,0,1,17,69,0.8023255813953488
3857,1924,2,2,30,2.0,0,1,21,90,0.8108108108108109
3858,1263,11,3,43,10.0,1,0,13,89,0.8725490196078431
3859,4529,1,4,76,3.8,0,1,20,90,0.8181818181818182
3860,2083,9,6,78,2.4,0,1,10,76,0.8837209302325582
3861,2395,6,2,81,7.0,1,0,11,97,0.8981481481481481
3862,3853,1,4,11,9.5,1,0,24,82,0.7735849056603774
3863,3782,3,1,61,5.1,1,0,11,53,0.828125
3864,4704,12,3,68,7.1,1,0,14,56,0.8
3865,2767,12,3,64,2.1,0,1,26,67,0.7204301075268817
3866,2186,2,2,33,6.0,1,0,17,65,0.7926829268292683
3867,2307,11,3,1,1.2,0,1,28,89,0.7606837606837606
3868,661,1,4,11,6.6,1,0,18,41,0.6949152542372882
3869,396,3,1,94,6.8,1,0,30,45,0.6
3870,228,8,5,73,4.2,0,1,29,55,0.6547619047619048
3871,3086,7,1,78,0.0,0,1,4,40,0.9090909090909091
3872,2742,2,2,2,9.7,1,0,19,90,0.8256880733944955
3873,1606,3,1,94,5.3,1,0,5,46,0.9019607843137255
3874,1450,12,3,46,1.3,0,1,11,62,0.8493150684931506
3875,1482,12,3,4,9.2,1,0,4,89,0.956989247311828
3876,4807,9,6,10,7.8,1,0,10,48,0.8275862068965517
3877,4529,11,3,32,2.5,0,1,16,48,0.75
3878,4444,12,3,44,3.2,0,1,22,90,0.8035714285714286
3879,3977,9,6,54,4.8,0,1,12,85,0.8762886597938144
3880,1644,12,3,7,1.6,0,1,7,93,0.93
3881,2901,10,4,67,9.2,1,0,21,100,0.8264462809917356
3882,3255,1,4,8,0.5,0,1,0,57,1.0
3883,3225,15,5,67,2.0,0,1,4,85,0.9550561797752809
3884,2489,14,3,13,6.4,1,0,1,69,0.9857142857142858
3885,3433,6,2,21,7.0,1,0,23,91,0.7982456140350878
3886,1741,12,3,26,3.2,0,1,1,86,0.9885057471264368
3887,917,10,4,14,4.2,0,1,1,76,0.987012987012987
3888,1124,10,4,67,8.8,1,0,1,65,0.9848484848484849
3889,2852,15,5,13,3.5,0,1,14,99,0.8761061946902655
3890,265,2,2,84,1.5,0,1,15,57,0.7916666666666666
3891,10,12,3,15,1.4,0,1,19,99,0.8389830508474576
3892,3480,11,3,99,4.7,0,1,29,66,0.6947368421052632
3893,2180,3,1,35,6.0,1,0,23,60,0.7228915662650602
3894,2462,15,5,63,4.1,0,1,2,77,0.9746835443037974
3895,1238,13,6,18,8.3,1,0,14,74,0.8409090909090909
3896,1238,3,1,16,7.3,1,0,7,83,0.9222222222222223
3897,1143,6,2,70,5.2,1,0,0,94,1.0
3898,4092,7,1,13,6.8,1,0,18,87,0.8285714285714286
3899,1064,14,3,62,0.0,0,1,21,63,0.75
3900,1843,11,3,50,9.3,1,0,3,49,0.9423076923076923
3901,687,2,2,18,2.2,0,1,14,100,0.8771929824561403
3902,4905,3,1,65,8.2,1,0,2,56,0.9655172413793104
3903,4281,1,4,20,1.6,0,1,30,79,0.7247706422018348
3904,4201,4,1,93,7.4,1,0,23,72,0.7578947368421053
3905,3805,5,2,59,3.0,0,1,8,47,0.8545454545454545
3906,1043,14,3,38,0.2,0,1,7,74,0.9135802469135802
3907,2122,3,1,92,9.4,1,0,30,87,0.7435897435897436
3908,4223,4,1,31,8.3,1,0,23,86,0.7889908256880734
3909,638,2,2,46,5.4,1,0,24,50,0.6756756756756757
3910,3896,12,3,2,1.6,0,1,20,96,0.8275862068965517
3911,2967,3,1,67,3.7,0,1,26,51,0.6623376623376623
3912,1802,5,2,37,4.2,0,1,7,85,0.9239130434782609
3913,1751,3,1,12,0.7,0,1,19,88,0.822429906542056
3914,2078,8,5,5,0.7,0,1,27,44,0.6197183098591549
3915,4054,14,3,19,6.6,1,0,7,97,0.9326923076923077
3916,4658,7,1,29,8.1,1,0,2,85,0.9770114942528736
3917,4841,11,3,3,9.1,1,0,21,46,0.6865671641791045
3918,346,8,5,81,4.3,0,1,7,71,0.9102564102564102
3919,4143,6,2,45,4.3,0,1,3,50,0.9433962264150944
3920,1781,11,3,82,0.5,0,1,13,71,0.8452380952380952
3921,2514,15,5,29,10.0,1,0,4,46,0.92
3922,1047,1,4,56,4.0,0,1,5,87,0.9456521739130435
3923,3583,8,5,30,5.9,1,0,30,73,0.7087378640776699
3924,2357,9,6,32,9.3,1,0,16,84,0.84
3925,3077,5,2,89,9.7,1,0,8,47,0.8545454545454545
3926,1027,7,1,54,2.5,0,1,10,77,0.8850574712643678
3927,3375,9,6,83,2.2,0,1,26,96,0.7868852459016393
3928,1351,9,6,20,2.3,0,1,2,70,0.9722222222222222
3929,3869,8,5,30,4.3,0,1,9,88,0.9072164948453608
3930,4837,11,3,31,2.1,0,1,22,91,0.8053097345132744
3931,2130,7,1,71,0.9,0,1,20,86,0.8113207547169812
3932,2812,14,3,84,8.4,1,0,15,99,0.868421052631579
3933,2618,9,6,64,6.5,1,0,1,64,0.9846153846153847
3934,3095,9,6,84,3.8,0,1,24,43,0.6417910447761194
3935,4871,14,3,50,6.5,1,0,17,86,0.8349514563106796
3936,2900,15,5,4,4.8,0,1,12,100,0.8928571428571429
3937,3435,4,1,69,3.9,0,1,5,54,0.9152542372881356
3938,1599,9,6,71,2.7,0,1,24,95,0.7983193277310925
3939,372,11,3,10,10.0,1,0,18,99,0.8461538461538461
3940,2851,9,6,1,9.4,1,0,8,78,0.9069767441860465
3941,3029,7,1,86,4.2,0,1,6,60,0.9090909090909091
3942,3494,12,3,24,8.9,1,0,21,75,0.78125
3943,205,3,1,44,7.8,1,0,11,70,0.8641975308641975
3944,4521,2,2,62,5.9,1,0,28,65,0.6989247311827957
3945,1583,3,1,86,6.1,1,0,3,99,0.9705882352941176
3946,2288,11,3,53,4.6,0,1,14,98,0.875
3947,449,11,3,20,9.8,1,0,14,63,0.8181818181818182
3948,3293,15,5,87,9.2,1,0,19,98,0.8376068376068376
3949,333,5,2,24,2.8,0,1,20,81,0.801980198019802
3950,3319,3,1,95,9.9,1,0,9,87,0.90625
3951,741,7,1,92,6.5,1,0,8,76,0.9047619047619048
3952,3785,5,2,68,8.0,1,0,19,62,0.7654320987654321
3953,4501,4,1,73,3.9,0,1,25,56,0.691358024691358
3954,4153,4,1,97,7.4,1,0,3,72,0.96
3955,1126,15,5,98,8.2,1,0,26,46,0.6388888888888888
3956,4474,14,3,16,3.0,0,1,28,63,0.6923076923076923
3957,261,7,1,14,8.5,1,0,14,77,0.8461538461538461
3958,4798,7,1,32,2.5,0,1,28,95,0.7723577235772358
3959,2301,1,4,53,7.1,1,0,23,94,0.8034188034188035
3960,4302,9,6,23,3.1,0,1,21,77,0.7857142857142857
3961,1083,11,3,19,1.6,0,1,28,71,0.7171717171717171
3962,4361,13,6,27,7.7,1,0,20,90,0.8181818181818182
3963,4744,10,4,11,4.5,0,1,18,51,0.7391304347826086
3964,1487,12,3,79,8.2,1,0,26,52,0.6666666666666666
3965,4793,9,6,77,8.7,1,0,25,99,0.7983870967741935
3966,511,12,3,66,3.5,0,1,24,62,0.7209302325581395
3967,1839,3,1,62,5.0,1,0,14,70,0.8333333333333334
3968,270,6,2,48,6.6,1,0,1,98,0.98989898989899
3969,1722,15,5,60,0.9,0,1,17,44,0.7213114754098361
3970,4880,7,1,19,3.1,0,1,22,70,0.7608695652173914
3971,3503,7,1,88,3.2,0,1,18,40,0.6896551724137931
3972,2773,14,3,26,2.7,0,1,19,81,0.81
3973,3938,6,2,57,2.5,0,1,10,44,0.8148148148148148
3974,450,2,2,81,6.7,1,0,18,75,0.8064516129032258
3975,2060,6,2,47,3.5,0,1,10,99,0.908256880733945
3976,3399,3,1,28,1.8,0,1,2,69,0.971830985915493
3977,4671,2,2,36,6.9,1,0,21,40,0.6557377049180327
3978,850,14,3,67,6.5,1,0,8,52,0.8666666666666667
3979,2825,12,3,61,0.7,0,1,2,71,0.9726027397260274
3980,122,3,1,77,9.8,1,0,24,51,0.68
3981,4095,15,5,18,0.6,0,1,30,48,0.6153846153846154
3982,4689,5,2,46,8.9,1,0,21,58,0.7341772151898734
3983,3560,10,4,96,4.7,0,1,13,45,0.7758620689655172
3984,2166,3,1,35,3.1,0,1,6,99,0.9428571428571428
3985,2092,2,2,95,4.5,0,1,28,71,0.7171717171717171
3986,1315,4,1,7,5.6,1,0,12,44,0.7857142857142857
3987,1144,11,3,53,9.1,1,0,9,57,0.8636363636363636
3988,3139,6,2,99,3.6,0,1,14,87,0.8613861386138614
3989,1773,8,5,18,2.5,0,1,4,83,0.9540229885057471
3990,1907,9,6,19,2.0,0,1,19,49,0.7205882352941176
3991,2733,7,1,44,5.5,1,0,13,64,0.8311688311688312
3992,1624,8,5,91,4.1,0,1,16,90,0.8490566037735849
3993,1262,9,6,61,2.7,0,1,30,81,0.7297297297297297
3994,1257,11,3,41,9.1,1,0,8,52,0.8666666666666667
3995,3933,15,5,32,7.5,1,0,18,80,0.8163265306122449
3996,960,14,3,69,0.6,0,1,16,40,0.7142857142857143
3997,4111,13,6,33,5.9,1,0,21,91,0.8125
3998,4833,14,3,36,4.9,0,1,20,64,0.7619047619047619
3999,1325,8,5,29,5.4,1,0,4,56,0.9333333333333333
4000,4512,9,6,53,1.9,0,1,21,94,0.8173913043478261
4001,4825,3,1,24,1.1,0,1,13,94,0.8785046728971962
4002,4728,15,5,30,2.2,0,1,11,82,0.8817204301075269
4003,1541,7,1,11,2.7,0,1,5,92,0.9484536082474226
4004,3212,10,4,96,6.1,1,0,6,70,0.9210526315789473
4005,3459,9,6,70,8.7,1,0,21,49,0.7
4006,2385,1,4,79,7.4,1,0,2,78,0.975
4007,2177,11,3,15,9.9,1,0,27,50,0.6493506493506493
4008,4770,6,2,96,2.9,0,1,14,41,0.7454545454545455
4009,1990,5,2,81,5.5,1,0,26,78,0.75
4010,4981,12,3,25,10.0,1,0,27,45,0.625
4011,4811,13,6,24,4.0,0,1,9,79,0.8977272727272727
4012,4932,12,3,22,5.5,1,0,18,92,0.8363636363636363
4013,4132,3,1,12,4.5,0,1,24,58,0.7073170731707317
4014,2170,6,2,79,6.4,1,0,30,92,0.7540983606557377
4015,3245,8,5,28,8.5,1,0,4,87,0.9560439560439561
4016,796,2,2,18,1.1,0,1,12,44,0.7857142857142857
4017,4265,8,5,24,7.4,1,0,29,93,0.7622950819672131
4018,253,1,4,10,0.1,0,1,19,51,0.7285714285714285
4019,3826,2,2,69,1.4,0,1,30,84,0.7368421052631579
4020,120,10,4,39,2.6,0,1,23,71,0.7553191489361702
4021,2820,1,4,63,3.7,0,1,27,88,0.7652173913043478
4022,2201,7,1,10,7.1,1,0,29,83,0.7410714285714286
4023,1028,5,2,64,1.1,0,1,2,44,0.9565217391304348
4024,3281,8,5,27,8.0,1,0,19,80,0.8080808080808081
4025,3504,12,3,40,3.4,0,1,12,71,0.8554216867469879
4026,3544,2,2,40,10.0,1,0,24,84,0.7777777777777778
4027,901,2,2,59,7.8,1,0,12,98,0.8909090909090909
4028,4680,7,1,75,2.1,0,1,2,47,0.9591836734693877
4029,243,10,4,72,7.7,1,0,22,78,0.78
4030,4457,4,1,89,6.3,1,0,27,69,0.71875
4031,1568,10,4,44,1.5,0,1,6,87,0.9354838709677419
4032,3357,8,5,39,1.0,0,1,1,85,0.9883720930232558
4033,2214,13,6,46,0.0,0,1,8,69,0.8961038961038961
4034,2074,12,3,36,1.4,0,1,27,92,0.773109243697479
4035,2169,4,1,68,2.3,0,1,14,90,0.8653846153846154
4036,1953,10,4,1,8.0,1,0,22,40,0.6451612903225806
4037,4011,2,2,85,2.1,0,1,22,60,0.7317073170731707
4038,4754,2,2,81,9.1,1,0,29,43,0.5972222222222222
4039,3541,2,2,68,2.0,0,1,25,62,0.7126436781609196
4040,2127,10,4,56,8.7,1,0,22,56,0.717948717948718
4041,2292,8,5,15,0.0,0,1,27,81,0.75
4042,4943,12,3,85,7.8,1,0,26,55,0.6790123456790124
4043,2940,10,4,43,3.2,0,1,1,69,0.9857142857142858
4044,1355,6,2,91,2.5,0,1,22,63,0.7411764705882353
4045,3725,14,3,1,1.7,0,1,21,75,0.78125
4046,4939,3,1,89,6.6,1,0,4,47,0.9215686274509803
4047,2523,8,5,49,1.3,0,1,16,79,0.8315789473684211
4048,4265,10,4,76,1.9,0,1,8,51,0.864406779661017
4049,4566,1,4,26,8.9,1,0,20,91,0.8198198198198198
4050,359,14,3,92,7.6,1,0,16,58,0.7837837837837838
4051,3494,2,2,57,3.5,0,1,29,51,0.6375
4052,3424,15,5,41,5.7,1,0,6,72,0.9230769230769231
4053,3670,11,3,66,5.3,1,0,24,73,0.7525773195876289
4054,2624,9,6,70,8.9,1,0,22,85,0.794392523364486
4055,1126,9,6,16,5.2,1,0,18,65,0.7831325301204819
4056,3142,8,5,20,8.9,1,0,3,73,0.9605263157894737
4057,2671,13,6,4,6.7,1,0,29,72,0.7128712871287128
4058,700,5,2,55,2.5,0,1,11,88,0.8888888888888888
4059,4420,1,4,71,8.4,1,0,11,80,0.8791208791208791
4060,3913,10,4,10,4.4,0,1,7,81,0.9204545454545454
4061,4843,3,1,83,6.4,1,0,17,50,0.746268656716418
4062,4299,2,2,10,5.3,1,0,5,57,0.9193548387096774
4063,1712,9,6,3,7.0,1,0,24,46,0.6571428571428571
4064,762,12,3,65,0.5,0,1,21,86,0.8037383177570093
4065,1597,12,3,68,6.6,1,0,10,42,0.8076923076923077
4066,1669,14,3,5,3.9,0,1,24,98,0.8032786885245902
4067,3105,7,1,84,3.4,0,1,10,91,0.900990099009901
4068,4066,6,2,13,5.5,1,0,8,85,0.9139784946236559
4069,1086,4,1,68,7.7,1,0,26,45,0.6338028169014085
4070,2514,10,4,3,0.1,0,1,12,97,0.8899082568807339
4071,3386,4,1,97,7.1,1,0,4,63,0.9402985074626866
4072,4450,2,2,56,0.0,0,1,29,48,0.6233766233766234
4073,1232,4,1,62,7.1,1,0,18,80,0.8163265306122449
4074,4767,5,2,46,9.7,1,0,30,63,0.6774193548387096
4075,2095,15,5,89,8.3,1,0,18,62,0.775
4076,1365,12,3,20,1.3,0,1,20,98,0.8305084745762712
4077,4697,9,6,86,3.9,0,1,14,98,0.875
4078,2548,3,1,19,0.1,0,1,21,72,0.7741935483870968
4079,2824,10,4,22,7.9,1,0,15,89,0.8557692307692307
4080,2858,15,5,100,8.2,1,0,7,40,0.851063829787234
4081,4852,11,3,31,6.7,1,0,30,54,0.6428571428571429
4082,1245,14,3,73,4.7,0,1,30,50,0.625
4083,4635,13,6,12,7.1,1,0,9,43,0.8269230769230769
4084,1491,11,3,20,4.4,0,1,16,42,0.7241379310344828
4085,4420,2,2,37,8.0,1,0,23,86,0.7889908256880734
4086,2024,15,5,42,3.3,0,1,0,96,1.0
4087,3245,11,3,55,9.3,1,0,13,80,0.8602150537634409
4088,2596,5,2,6,8.1,1,0,15,77,0.8369565217391305
4089,947,4,1,99,6.6,1,0,14,100,0.8771929824561403
4090,218,6,2,61,6.3,1,0,3,89,0.967391304347826
4091,1894,14,3,22,8.6,1,0,20,83,0.8058252427184466
4092,1367,14,3,30,3.2,0,1,13,98,0.8828828828828829
4093,3372,3,1,81,3.3,0,1,17,53,0.7571428571428571
4094,1520,12,3,9,7.6,1,0,23,64,0.735632183908046
4095,4327,5,2,37,3.5,0,1,12,60,0.8333333333333334
4096,2662,3,1,7,7.7,1,0,6,52,0.896551724137931
4097,1404,1,4,47,4.9,0,1,25,87,0.7767857142857143
4098,1667,8,5,14,9.3,1,0,26,76,0.7450980392156863
4099,2294,1,4,23,7.5,1,0,28,71,0.7171717171717171
4100,915,3,1,62,8.3,1,0,15,71,0.8255813953488372
4101,945,10,4,12,0.6,0,1,13,56,0.8115942028985508
4102,3197,1,4,68,1.4,0,1,23,82,0.780952380952381
4103,4405,3,1,15,6.7,1,0,19,50,0.7246376811594203
4104,3646,3,1,51,3.5,0,1,26,69,0.7263157894736842
4105,2752,13,6,97,8.4,1,0,5,79,0.9404761904761905
4106,2047,11,3,96,8.3,1,0,15,67,0.8170731707317073
4107,4048,4,1,27,10.0,1,0,1,50,0.9803921568627451
4108,1440,10,4,25,8.2,1,0,17,58,0.7733333333333333
4109,4431,13,6,44,7.5,1,0,21,45,0.6818181818181818
4110,660,7,1,4,9.7,1,0,23,73,0.7604166666666666
4111,3087,11,3,17,7.7,1,0,3,67,0.9571428571428572
4112,2380,10,4,36,7.7,1,0,0,95,1.0
4113,1162,8,5,67,0.7,0,1,22,54,0.7105263157894737
4114,1535,6,2,23,3.1,0,1,17,96,0.8495575221238938
4115,2844,4,1,14,5.0,1,0,5,67,0.9305555555555556
4116,4530,3,1,11,3.5,0,1,22,97,0.8151260504201681
4117,2726,7,1,63,9.9,1,0,2,77,0.9746835443037974
4118,1092,15,5,2,0.8,0,1,8,72,0.9
4119,2515,14,3,40,1.1,0,1,2,99,0.9801980198019802
4120,2886,5,2,39,9.1,1,0,24,91,0.7913043478260869
4121,1544,14,3,76,3.8,0,1,17,77,0.8191489361702128
4122,223,8,5,90,5.5,1,0,2,60,0.967741935483871
4123,1270,4,1,33,5.6,1,0,26,90,0.7758620689655172
4124,1604,11,3,83,6.5,1,0,27,71,0.7244897959183674
4125,1143,7,1,76,6.0,1,0,3,94,0.9690721649484536
4126,4729,11,3,16,8.9,1,0,5,100,0.9523809523809523
4127,119,6,2,67,3.2,0,1,24,94,0.7966101694915254
4128,4025,5,2,68,3.6,0,1,1,56,0.9824561403508771
4129,4291,3,1,97,6.3,1,0,12,80,0.8695652173913043
4130,2350,3,1,26,6.6,1,0,13,77,0.8555555555555555
4131,1683,10,4,1,8.4,1,0,3,59,0.9516129032258065
4132,3810,3,1,4,0.1,0,1,27,42,0.6086956521739131
4133,644,3,1,47,4.6,0,1,15,80,0.8421052631578947
4134,4383,3,1,16,0.5,0,1,12,69,0.8518518518518519
4135,1903,4,1,66,9.9,1,0,1,66,0.9850746268656716
4136,3150,6,2,17,3.6,0,1,23,70,0.7526881720430108
4137,150,6,2,96,8.3,1,0,30,52,0.6341463414634146
4138,2413,4,1,41,2.4,0,1,12,61,0.8356164383561644
4139,493,3,1,97,4.2,0,1,2,60,0.967741935483871
4140,1985,12,3,36,7.3,1,0,10,70,0.875
4141,2224,1,4,38,9.0,1,0,18,79,0.8144329896907216
4142,1305,8,5,11,0.7,0,1,21,72,0.7741935483870968
4143,1608,8,5,73,0.6,0,1,14,76,0.8444444444444444
4144,4581,1,4,34,9.9,1,0,21,88,0.8073394495412844
4145,4254,7,1,47,4.3,0,1,6,75,0.9259259259259259
4146,2981,14,3,56,8.4,1,0,9,82,0.9010989010989011
4147,4260,9,6,8,7.3,1,0,3,82,0.9647058823529412
4148,1148,6,2,94,2.4,0,1,29,42,0.5915492957746479
4149,2802,15,5,28,1.9,0,1,27,99,0.7857142857142857
4150,902,15,5,46,7.1,1,0,19,91,0.8272727272727273
4151,3138,4,1,54,0.3,0,1,9,40,0.8163265306122449
4152,1062,5,2,45,7.1,1,0,2,93,0.9789473684210527
4153,3950,15,5,11,5.9,1,0,9,76,0.8941176470588236
4154,2252,13,6,41,1.3,0,1,28,55,0.6626506024096386
4155,639,6,2,30,8.8,1,0,16,78,0.8297872340425532
4156,3369,1,4,14,9.8,1,0,1,63,0.984375
4157,1424,9,6,17,1.9,0,1,21,60,0.7407407407407407
4158,1644,5,2,73,6.9,1,0,10,92,0.9019607843137255
4159,4244,11,3,62,3.6,0,1,14,95,0.8715596330275229
4160,2531,12,3,85,3.1,0,1,6,65,0.9154929577464789
4161,1705,3,1,24,8.1,1,0,22,41,0.6507936507936508
4162,1840,3,1,89,8.6,1,0,30,65,0.6842105263157895
4163,3707,8,5,66,9.1,1,0,3,71,0.9594594594594594
4164,1842,12,3,17,1.3,0,1,12,63,0.84
4165,3905,2,2,11,3.0,0,1,16,70,0.813953488372093
4166,1706,14,3,38,7.5,1,0,22,71,0.7634408602150538
4167,3732,8,5,66,3.1,0,1,12,60,0.8333333333333334
4168,4753,8,5,78,5.2,1,0,25,59,0.7023809523809523
4169,1860,7,1,100,1.8,0,1,2,70,0.9722222222222222
4170,802,11,3,15,0.7,0,1,8,51,0.864406779661017
4171,2025,1,4,96,7.5,1,0,2,75,0.974025974025974
4172,1876,12,3,98,7.8,1,0,14,49,0.7777777777777778
4173,3113,1,4,96,6.6,1,0,7,86,0.9247311827956989
4174,2484,7,1,26,9.4,1,0,29,95,0.7661290322580645
4175,1015,8,5,66,6.1,1,0,5,55,0.9166666666666666
4176,3310,14,3,63,2.4,0,1,18,93,0.8378378378378378
4177,3477,13,6,29,4.4,0,1,18,67,0.788235294117647
4178,4982,2,2,93,4.4,0,1,14,87,0.8613861386138614
4179,297,1,4,14,8.9,1,0,23,57,0.7125
4180,2727,4,1,69,7.1,1,0,7,48,0.8727272727272727
4181,1243,15,5,12,6.2,1,0,27,59,0.686046511627907
4182,2,3,1,66,9.9,1,0,7,44,0.8627450980392157
4183,3302,5,2,32,0.3,0,1,11,100,0.9009009009009009
4184,4693,1,4,10,5.5,1,0,16,44,0.7333333333333333
4185,129,3,1,16,6.3,1,0,11,43,0.7962962962962963
4186,1493,6,2,32,5.5,1,0,5,83,0.9431818181818182
4187,74,14,3,40,2.9,0,1,20,76,0.7916666666666666
4188,3585,13,6,78,3.5,0,1,26,80,0.7547169811320755
4189,2689,10,4,32,6.9,1,0,22,82,0.7884615384615384
4190,3241,6,2,34,8.9,1,0,10,97,0.9065420560747663
4191,1369,13,6,9,8.4,1,0,21,89,0.8090909090909091
4192,76,9,6,92,8.8,1,0,28,77,0.7333333333333333
4193,2780,5,2,34,5.2,1,0,7,59,0.8939393939393939
4194,4442,8,5,9,5.1,1,0,5,77,0.9390243902439024
4195,2723,13,6,5,3.9,0,1,0,99,1.0
4196,4362,12,3,14,8.8,1,0,1,79,0.9875
4197,4788,9,6,40,8.2,1,0,27,60,0.6896551724137931
4198,1442,15,5,90,4.8,0,1,2,78,0.975
4199,4435,12,3,69,0.1,0,1,8,95,0.9223300970873787
4200,1270,15,5,62,2.7,0,1,8,45,0.8490566037735849
4201,4307,14,3,34,1.3,0,1,8,53,0.8688524590163934
4202,2657,12,3,3,7.9,1,0,16,47,0.746031746031746
4203,2390,9,6,45,2.3,0,1,21,65,0.7558139534883721
4204,4175,4,1,11,5.5,1,0,18,50,0.7352941176470589
4205,2291,10,4,82,2.4,0,1,14,54,0.7941176470588235
4206,3991,3,1,41,7.8,1,0,14,68,0.8292682926829268
4207,1611,1,4,56,2.3,0,1,11,63,0.8513513513513513
4208,3126,2,2,86,5.9,1,0,1,74,0.9866666666666667
4209,468,7,1,31,6.3,1,0,5,85,0.9444444444444444
4210,2807,9,6,61,8.5,1,0,15,68,0.8192771084337349
4211,1331,7,1,23,3.4,0,1,24,71,0.7473684210526316
4212,3405,3,1,17,5.7,1,0,29,71,0.71
4213,4110,3,1,36,5.1,1,0,26,45,0.6338028169014085
4214,4507,3,1,39,3.2,0,1,30,63,0.6774193548387096
4215,1861,12,3,99,4.4,0,1,8,89,0.9175257731958762
4216,1262,1,4,8,6.1,1,0,30,83,0.7345132743362832
4217,4903,10,4,53,6.3,1,0,21,78,0.7878787878787878
4218,2826,3,1,69,0.1,0,1,30,42,0.5833333333333334
4219,3953,12,3,85,8.4,1,0,2,73,0.9733333333333334
4220,4291,2,2,44,5.3,1,0,17,85,0.8333333333333334
4221,1348,3,1,59,5.9,1,0,6,63,0.9130434782608695
4222,3263,3,1,43,3.6,0,1,2,66,0.9705882352941176
4223,2716,5,2,25,2.6,0,1,23,97,0.8083333333333333
4224,3332,8,5,8,6.1,1,0,21,71,0.7717391304347826
4225,1878,9,6,78,2.1,0,1,18,46,0.71875
4226,752,13,6,20,8.1,1,0,2,46,0.9583333333333334
4227,160,2,2,72,7.9,1,0,25,45,0.6428571428571429
4228,1915,14,3,87,5.1,1,0,20,42,0.6774193548387096
4229,2966,11,3,19,0.2,0,1,6,61,0.9104477611940298
4230,4059,3,1,85,9.2,1,0,7,58,0.8923076923076924
4231,2203,1,4,33,8.6,1,0,17,76,0.8172043010752689
4232,246,3,1,12,4.5,0,1,25,68,0.7311827956989247
4233,1444,1,4,59,2.8,0,1,9,70,0.8860759493670886
4234,1069,14,3,84,7.4,1,0,4,70,0.9459459459459459
4235,3564,11,3,34,2.5,0,1,2,47,0.9591836734693877
4236,3870,3,1,22,5.6,1,0,24,87,0.7837837837837838
4237,3653,6,2,16,5.8,1,0,17,84,0.8316831683168316
4238,1104,14,3,82,8.0,1,0,28,81,0.7431192660550459
4239,4180,13,6,58,0.1,0,1,28,56,0.6666666666666666
4240,4331,6,2,77,3.5,0,1,6,73,0.9240506329113924
4241,4622,8,5,71,10.0,1,0,4,98,0.9607843137254902
4242,3073,2,2,78,8.5,1,0,13,98,0.8828828828828829
4243,4753,15,5,62,7.4,1,0,2,86,0.9772727272727273
4244,3273,9,6,58,7.0,1,0,28,62,0.6888888888888889
4245,2171,13,6,94,1.2,0,1,16,58,0.7837837837837838
4246,4087,7,1,22,5.9,1,0,20,56,0.7368421052631579
4247,4695,14,3,33,6.2,1,0,23,79,0.7745098039215687
4248,762,7,1,93,1.2,0,1,25,45,0.6428571428571429
4249,2,3,1,90,9.2,1,0,13,91,0.875
4250,2013,15,5,98,0.1,0,1,25,43,0.6323529411764706
4251,913,13,6,100,8.5,1,0,24,62,0.7209302325581395
4252,3995,4,1,94,0.1,0,1,11,49,0.8166666666666667
4253,1539,15,5,11,5.9,1,0,6,56,0.9032258064516129
4254,1721,12,3,63,3.1,0,1,30,94,0.7580645161290323
4255,3968,5,2,53,8.5,1,0,26,64,0.7111111111111111
4256,3110,6,2,39,1.5,0,1,28,78,0.7358490566037735
4257,4382,7,1,49,3.9,0,1,9,62,0.8732394366197183
4258,496,8,5,5,4.9,0,1,3,72,0.96
4259,516,5,2,35,7.2,1,0,5,44,0.8979591836734694
4260,214,3,1,87,0.0,0,1,23,42,0.6461538461538462
4261,739,7,1,61,2.9,0,1,27,59,0.686046511627907
4262,1718,7,1,90,0.9,0,1,7,60,0.8955223880597015
4263,1627,9,6,42,5.1,1,0,4,58,0.9354838709677419
4264,106,7,1,67,3.4,0,1,17,77,0.8191489361702128
4265,1708,12,3,67,7.3,1,0,21,52,0.7123287671232876
4266,2738,15,5,100,1.4,0,1,24,56,0.7
4267,3284,3,1,89,2.7,0,1,28,42,0.6
4268,1521,2,2,87,4.8,0,1,25,68,0.7311827956989247
4269,475,3,1,43,8.9,1,0,6,74,0.925
4270,1961,11,3,55,8.2,1,0,23,99,0.8114754098360656
4271,4757,8,5,100,4.5,0,1,3,94,0.9690721649484536
4272,139,10,4,78,9.3,1,0,21,100,0.8264462809917356
4273,1086,14,3,2,5.6,1,0,12,76,0.8636363636363636
4274,2986,9,6,94,1.6,0,1,20,63,0.7590361445783133
4275,515,8,5,91,2.8,0,1,3,57,0.95
4276,3029,6,2,74,7.9,1,0,5,62,0.9253731343283582
4277,1567,12,3,39,4.2,0,1,10,74,0.8809523809523809
4278,811,2,2,76,3.1,0,1,7,86,0.9247311827956989
4279,3376,2,2,31,4.9,0,1,14,60,0.8108108108108109
4280,1979,5,2,24,2.6,0,1,26,79,0.7523809523809524
4281,678,3,1,46,7.9,1,0,7,85,0.9239130434782609
4282,3110,9,6,45,5.5,1,0,29,67,0.6979166666666666
4283,2194,13,6,26,1.9,0,1,3,57,0.95
4284,3059,13,6,98,6.0,1,0,6,76,0.926829268292683
4285,1164,12,3,88,0.6,0,1,20,95,0.8260869565217391
4286,4059,8,5,8,5.3,1,0,6,78,0.9285714285714286
4287,2985,14,3,84,2.8,0,1,13,55,0.8088235294117647
4288,2644,2,2,49,0.3,0,1,16,98,0.8596491228070176
4289,2547,12,3,12,6.4,1,0,8,63,0.8873239436619719
4290,2077,9,6,25,0.5,0,1,6,74,0.925
4291,3572,1,4,95,4.2,0,1,22,63,0.7411764705882353
4292,718,3,1,69,1.2,0,1,2,73,0.9733333333333334
4293,2228,1,4,63,3.9,0,1,15,55,0.7857142857142857
4294,4668,1,4,38,5.7,1,0,0,68,1.0
4295,4484,15,5,23,3.1,0,1,6,65,0.9154929577464789
4296,1024,15,5,52,0.0,0,1,13,94,0.8785046728971962
4297,1633,1,4,23,3.6,0,1,26,55,0.6790123456790124
4298,3179,14,3,96,7.2,1,0,12,90,0.8823529411764706
4299,4504,15,5,20,6.7,1,0,1,64,0.9846153846153847
4300,1719,12,3,67,6.3,1,0,26,58,0.6904761904761905
4301,3558,7,1,9,1.1,0,1,9,99,0.9166666666666666
4302,2959,4,1,68,9.1,1,0,12,69,0.8518518518518519
4303,4664,9,6,77,4.5,0,1,13,59,0.8194444444444444
4304,2322,4,1,30,0.9,0,1,5,60,0.9230769230769231
4305,2260,8,5,87,3.7,0,1,0,75,1.0
4306,190,1,4,59,6.2,1,0,21,70,0.7692307692307693
4307,3244,3,1,24,2.8,0,1,9,98,0.9158878504672897
4308,594,10,4,69,7.2,1,0,23,43,0.6515151515151515
4309,1208,6,2,3,4.9,0,1,17,90,0.8411214953271028
4310,2626,4,1,57,2.1,0,1,24,80,0.7692307692307693
4311,1953,6,2,1,9.6,1,0,28,51,0.6455696202531646
4312,104,7,1,62,7.2,1,0,21,49,0.7
4313,1649,11,3,71,7.8,1,0,29,69,0.7040816326530612
4314,4333,2,2,33,4.2,0,1,12,89,0.8811881188118812
4315,4003,7,1,61,0.8,0,1,18,73,0.8021978021978022
4316,2008,9,6,51,3.1,0,1,17,74,0.8131868131868132
4317,3873,9,6,89,8.2,1,0,30,72,0.7058823529411765
4318,3947,12,3,97,7.8,1,0,6,72,0.9230769230769231
4319,530,14,3,20,5.7,1,0,12,63,0.84
4320,4017,14,3,54,9.3,1,0,1,81,0.9878048780487805
4321,1112,5,2,76,1.0,0,1,4,97,0.9603960396039604
4322,2526,7,1,73,9.6,1,0,5,63,0.9264705882352942
4323,4922,11,3,49,7.7,1,0,2,67,0.9710144927536232
4324,3488,5,2,2,0.8,0,1,8,75,0.9036144578313253
4325,4806,1,4,76,7.0,1,0,3,85,0.9659090909090909
4326,1794,1,4,88,1.8,0,1,17,70,0.8045977011494253
4327,4170,15,5,29,9.2,1,0,5,81,0.9418604651162791
4328,503,13,6,55,8.2,1,0,20,82,0.803921568627451
4329,3596,12,3,12,3.1,0,1,27,88,0.7652173913043478
4330,3932,11,3,8,9.6,1,0,24,45,0.6521739130434783
4331,1088,9,6,53,7.7,1,0,25,45,0.6428571428571429
4332,2038,12,3,19,1.2,0,1,29,71,0.71
4333,2802,14,3,22,10.0,1,0,5,84,0.9438202247191011
4334,4197,5,2,29,7.2,1,0,13,52,0.8
4335,1519,14,3,19,9.1,1,0,30,44,0.5945945945945946
4336,3948,1,4,86,3.5,0,1,29,43,0.5972222222222222
4337,3622,6,2,59,7.3,1,0,0,57,1.0
4338,3956,14,3,73,6.4,1,0,18,57,0.76
4339,529,3,1,100,3.8,0,1,4,75,0.9493670886075949
4340,4279,8,5,73,4.5,0,1,11,87,0.8877551020408163
4341,1933,3,1,54,7.8,1,0,24,95,0.7983193277310925
4342,3153,7,1,60,6.0,1,0,3,66,0.9565217391304348
4343,4229,15,5,90,3.9,0,1,3,74,0.961038961038961
4344,817,12,3,35,4.7,0,1,12,93,0.8857142857142857
4345,1129,3,1,22,0.9,0,1,24,96,0.8
4346,3717,11,3,11,1.0,0,1,28,76,0.7307692307692307
4347,2933,3,1,53,7.9,1,0,11,52,0.8253968253968254
4348,1647,1,4,51,8.2,1,0,27,68,0.7157894736842105
4349,1794,10,4,94,3.2,0,1,9,56,0.8615384615384616
4350,3900,12,3,43,3.6,0,1,13,73,0.8488372093023255
4351,1121,15,5,42,8.5,1,0,8,50,0.8620689655172413
4352,3838,11,3,63,8.7,1,0,3,96,0.9696969696969697
4353,4608,13,6,43,6.5,1,0,2,67,0.9710144927536232
4354,4367,11,3,60,10.0,1,0,1,41,0.9761904761904762
4355,522,13,6,72,2.7,0,1,8,62,0.8857142857142857
4356,3525,5,2,81,9.9,1,0,22,42,0.65625
4357,1833,6,2,52,4.4,0,1,13,47,0.7833333333333333
4358,606,6,2,54,2.8,0,1,1,60,0.9836065573770492
4359,4408,8,5,28,3.1,0,1,5,84,0.9438202247191011
4360,1477,6,2,25,9.9,1,0,12,99,0.8918918918918919
4361,942,11,3,68,1.2,0,1,14,89,0.8640776699029126
4362,2019,2,2,33,9.0,1,0,1,79,0.9875
4363,287,12,3,23,0.5,0,1,12,72,0.8571428571428571
4364,625,9,6,28,4.3,0,1,3,48,0.9411764705882353
4365,2051,9,6,80,6.7,1,0,25,46,0.647887323943662
4366,2007,13,6,64,2.1,0,1,17,87,0.8365384615384616
4367,4010,12,3,20,2.5,0,1,1,88,0.9887640449438202
4368,261,13,6,18,3.0,0,1,7,49,0.875
4369,2106,1,4,44,0.4,0,1,24,57,0.7037037037037037
4370,4715,2,2,13,2.5,0,1,17,43,0.7166666666666667
4371,4443,2,2,83,5.6,1,0,7,70,0.9090909090909091
4372,4685,8,5,88,10.0,1,0,27,49,0.6447368421052632
4373,2301,14,3,81,8.0,1,0,2,97,0.9797979797979798
4374,3676,5,2,24,9.4,1,0,21,95,0.8189655172413793
4375,3392,15,5,41,2.5,0,1,17,61,0.782051282051282
4376,927,14,3,7,1.1,0,1,28,48,0.631578947368421
4377,520,13,6,84,7.5,1,0,25,54,0.6835443037974683
4378,1664,5,2,6,4.5,0,1,2,56,0.9655172413793104
4379,1469,7,1,87,7.6,1,0,12,55,0.8208955223880597
4380,1409,15,5,63,3.1,0,1,6,96,0.9411764705882353
4381,2166,9,6,61,3.2,0,1,21,55,0.7236842105263158
4382,2669,11,3,44,8.9,1,0,28,71,0.7171717171717171
4383,4420,13,6,58,6.3,1,0,23,77,0.77
4384,4791,7,1,32,1.6,0,1,7,73,0.9125
4385,3583,7,1,39,1.7,0,1,30,69,0.696969696969697
4386,2138,11,3,20,9.4,1,0,8,59,0.8805970149253731
4387,735,14,3,93,4.4,0,1,11,53,0.828125
4388,4896,12,3,55,8.5,1,0,14,63,0.8181818181818182
4389,1799,7,1,18,8.6,1,0,24,40,0.625
4390,1161,15,5,63,2.3,0,1,10,75,0.8823529411764706
4391,517,1,4,57,8.1,1,0,18,43,0.7049180327868853
4392,1225,5,2,63,8.6,1,0,13,70,0.8433734939759037
4393,46,15,5,90,4.7,0,1,21,70,0.7692307692307693
4394,298,3,1,100,0.7,0,1,15,98,0.8672566371681416
4395,2125,13,6,47,8.5,1,0,26,42,0.6176470588235294
4396,657,11,3,35,7.4,1,0,20,89,0.8165137614678899
4397,1149,4,1,36,6.6,1,0,24,78,0.7647058823529411
4398,4621,4,1,16,5.3,1,0,10,82,0.8913043478260869
4399,3612,6,2,37,1.9,0,1,14,43,0.7543859649122807
4400,3518,8,5,72,2.0,0,1,12,71,0.8554216867469879
4401,3486,15,5,3,6.8,1,0,18,67,0.788235294117647
4402,4260,15,5,95,7.5,1,0,18,79,0.8144329896907216
4403,1032,13,6,67,3.8,0,1,22,43,0.6615384615384615
4404,4377,3,1,42,7.8,1,0,28,54,0.6585365853658537
4405,289,1,4,45,2.7,0,1,2,64,0.9696969696969697
4406,3645,12,3,1,2.7,0,1,8,94,0.9215686274509803
4407,4610,3,1,22,8.7,1,0,8,43,0.8431372549019608
4408,3571,14,3,56,7.1,1,0,0,89,1.0
4409,3318,5,2,6,9.5,1,0,8,64,0.8888888888888888
4410,1314,8,5,68,5.5,1,0,24,85,0.7798165137614679
4411,3484,7,1,26,5.2,1,0,0,53,1.0
4412,1604,2,2,25,8.5,1,0,24,70,0.7446808510638298
4413,3009,9,6,89,4.6,0,1,1,69,0.9857142857142858
4414,3708,7,1,57,4.4,0,1,11,74,0.8705882352941177
4415,1973,2,2,27,6.7,1,0,20,45,0.6923076923076923
4416,1184,10,4,63,5.1,1,0,30,61,0.6703296703296703
4417,1249,10,4,55,9.9,1,0,16,82,0.8367346938775511
4418,1781,10,4,71,5.1,1,0,22,84,0.7924528301886793
4419,3344,2,2,91,1.1,0,1,6,77,0.927710843373494
4420,2929,6,2,35,2.3,0,1,1,60,0.9836065573770492
4421,2194,15,5,85,6.7,1,0,12,92,0.8846153846153846
4422,1513,6,2,47,7.1,1,0,1,90,0.989010989010989
4423,4193,14,3,10,9.9,1,0,15,93,0.8611111111111112
4424,4138,7,1,77,4.9,0,1,29,83,0.7410714285714286
4425,1223,13,6,71,5.3,1,0,30,69,0.696969696969697
4426,1842,7,1,4,3.6,0,1,24,44,0.6470588235294118
4427,16,11,3,26,3.5,0,1,6,62,0.9117647058823529
4428,4606,4,1,79,10.0,1,0,10,48,0.8275862068965517
4429,2649,9,6,8,0.5,0,1,29,92,0.7603305785123967
4430,4644,7,1,25,0.9,0,1,1,89,0.9888888888888889
4431,260,10,4,69,7.2,1,0,12,55,0.8208955223880597
4432,1618,12,3,10,9.2,1,0,12,91,0.883495145631068
4433,2841,10,4,29,9.7,1,0,6,91,0.9381443298969072
4434,2601,1,4,12,0.3,0,1,6,73,0.9240506329113924
4435,344,1,4,52,1.0,0,1,19,61,0.7625
4436,4103,13,6,88,4.7,0,1,0,47,1.0
4437,4935,3,1,39,6.6,1,0,27,47,0.6351351351351351
4438,4576,10,4,21,2.4,0,1,17,51,0.75
4439,1246,3,1,38,4.6,0,1,11,81,0.8804347826086957
4440,2671,12,3,16,3.2,0,1,10,96,0.9056603773584906
4441,1302,9,6,47,2.8,0,1,24,77,0.7623762376237624
4442,2907,10,4,67,4.4,0,1,2,45,0.9574468085106383
4443,3355,11,3,78,8.1,1,0,0,48,1.0
4444,961,4,1,67,4.2,0,1,12,91,0.883495145631068
4445,573,11,3,83,1.0,0,1,29,86,0.7478260869565218
4446,4450,4,1,73,3.1,0,1,19,71,0.7888888888888889
4447,2626,3,1,95,4.9,0,1,21,46,0.6865671641791045
4448,1182,10,4,87,9.6,1,0,28,40,0.5882352941176471
4449,2300,3,1,37,0.2,0,1,26,51,0.6623376623376623
4450,4079,5,2,49,1.1,0,1,16,47,0.746031746031746
4451,3474,14,3,40,3.0,0,1,6,80,0.9302325581395349
4452,3881,4,1,4,6.1,1,0,1,77,0.9871794871794872
4453,263,7,1,23,6.2,1,0,30,86,0.7413793103448276
4454,681,14,3,94,2.3,0,1,1,56,0.9824561403508771
4455,819,1,4,83,8.9,1,0,28,94,0.7704918032786885
4456,433,7,1,30,2.2,0,1,8,69,0.8961038961038961
4457,3232,8,5,26,0.2,0,1,23,79,0.7745098039215687
4458,850,7,1,38,9.4,1,0,2,95,0.979381443298969
4459,612,6,2,72,6.9,1,0,6,97,0.941747572815534
4460,319,9,6,80,4.2,0,1,26,69,0.7263157894736842
4461,2057,7,1,32,0.8,0,1,30,87,0.7435897435897436
4462,4713,5,2,44,7.7,1,0,26,81,0.7570093457943925
4463,1633,12,3,55,1.3,0,1,3,78,0.9629629629629629
4464,73,4,1,53,0.7,0,1,12,99,0.8918918918918919
4465,2744,5,2,29,5.1,1,0,8,47,0.8545454545454545
4466,1057,7,1,29,1.6,0,1,24,81,0.7714285714285715
4467,3426,3,1,30,4.8,0,1,24,87,0.7837837837837838
4468,3416,4,1,35,3.3,0,1,18,64,0.7804878048780488
4469,1339,14,3,56,2.0,0,1,11,94,0.8952380952380953
4470,1697,6,2,17,7.0,1,0,21,92,0.8141592920353983
4471,1374,8,5,90,4.6,0,1,27,73,0.73
4472,307,8,5,55,4.0,0,1,29,89,0.7542372881355932
4473,382,15,5,99,8.8,1,0,24,66,0.7333333333333333
4474,2616,15,5,40,3.5,0,1,23,87,0.7909090909090909
4475,4696,3,1,82,8.8,1,0,10,57,0.8507462686567164
4476,2328,10,4,44,7.4,1,0,2,68,0.9714285714285714
4477,3532,5,2,22,9.4,1,0,24,77,0.7623762376237624
4478,1971,3,1,62,2.4,0,1,8,74,0.9024390243902439
4479,4465,13,6,61,4.2,0,1,0,95,1.0
4480,464,11,3,41,6.2,1,0,26,74,0.74
4481,1163,15,5,61,9.3,1,0,24,66,0.7333333333333333
4482,4891,1,4,71,4.6,0,1,3,53,0.9464285714285714
4483,735,12,3,79,4.6,0,1,29,72,0.7128712871287128
4484,2827,9,6,7,1.5,0,1,25,40,0.6153846153846154
4485,4257,3,1,7,9.2,1,0,22,82,0.7884615384615384
4486,3298,5,2,50,9.3,1,0,29,88,0.7521367521367521
4487,1063,9,6,67,6.8,1,0,6,66,0.9166666666666666
4488,4240,6,2,63,5.3,1,0,1,86,0.9885057471264368
4489,733,6,2,97,5.2,1,0,8,55,0.873015873015873
4490,1763,13,6,79,7.8,1,0,17,98,0.8521739130434782
4491,4509,11,3,11,6.5,1,0,16,67,0.8072289156626506
4492,4739,7,1,61,3.3,0,1,0,59,1.0
4493,2456,7,1,35,6.3,1,0,6,85,0.9340659340659341
4494,421,8,5,64,1.8,0,1,1,100,0.9900990099009901
4495,3826,11,3,66,0.5,0,1,24,51,0.68
4496,4466,3,1,90,4.6,0,1,7,76,0.9156626506024096
4497,4363,1,4,75,7.8,1,0,28,88,0.7586206896551724
4498,4384,12,3,66,7.7,1,0,30,76,0.7169811320754716
4499,2724,4,1,62,4.6,0,1,14,85,0.8585858585858586
4500,3196,10,4,27,0.3,0,1,28,89,0.7606837606837606
4501,2781,14,3,10,0.4,0,1,11,74,0.8705882352941177
4502,1777,8,5,71,8.6,1,0,19,100,0.8403361344537815
4503,4201,7,1,6,0.6,0,1,11,95,0.8962264150943396
4504,2452,3,1,47,0.7,0,1,16,67,0.8072289156626506
4505,4250,10,4,7,8.1,1,0,11,62,0.8493150684931506
4506,144,8,5,61,5.1,1,0,8,54,0.8709677419354839
4507,4754,10,4,48,6.6,1,0,21,41,0.6612903225806451
4508,4967,15,5,13,5.3,1,0,9,79,0.8977272727272727
4509,4329,15,5,85,2.1,0,1,1,93,0.9893617021276596
4510,1387,7,1,99,3.5,0,1,28,73,0.7227722772277227
4511,3922,10,4,5,8.8,1,0,19,68,0.7816091954022989
4512,1820,1,4,96,6.7,1,0,22,68,0.7555555555555555
4513,3621,8,5,72,1.1,0,1,17,87,0.8365384615384616
4514,4509,2,2,32,0.4,0,1,14,61,0.8133333333333334
4515,2211,2,2,3,0.1,0,1,3,66,0.9565217391304348
4516,4794,10,4,50,10.0,1,0,2,99,0.9801980198019802
4517,1676,10,4,23,2.0,0,1,28,47,0.6266666666666667
4518,3294,6,2,11,2.6,0,1,4,80,0.9523809523809523
4519,2058,4,1,19,6.1,1,0,30,98,0.765625
4520,1307,11,3,80,1.5,0,1,22,89,0.8018018018018018
4521,2513,1,4,55,2.9,0,1,6,54,0.9
4522,4472,5,2,47,1.6,0,1,9,68,0.8831168831168831
4523,4976,13,6,79,9.2,1,0,24,56,0.7
4524,876,10,4,60,2.0,0,1,29,68,0.7010309278350515
4525,883,9,6,70,8.5,1,0,29,51,0.6375
4526,4251,6,2,27,2.3,0,1,4,52,0.9285714285714286
4527,840,10,4,45,1.2,0,1,3,84,0.9655172413793104
4528,2701,5,2,82,5.3,1,0,14,74,0.8409090909090909
4529,4973,8,5,6,5.2,1,0,9,89,0.9081632653061225
4530,3157,8,5,34,0.6,0,1,19,40,0.6779661016949152
4531,3113,2,2,35,2.2,0,1,26,89,0.7739130434782608
4532,3111,11,3,81,2.5,0,1,2,100,0.9803921568627451
4533,205,9,6,20,2.4,0,1,20,95,0.8260869565217391
4534,581,2,2,16,8.8,1,0,0,73,1.0
4535,1530,13,6,38,6.8,1,0,27,72,0.7272727272727273
4536,3438,11,3,12,6.4,1,0,9,45,0.8333333333333334
4537,3356,4,1,46,3.4,0,1,26,89,0.7739130434782608
4538,2822,8,5,65,5.2,1,0,30,45,0.6
4539,2311,6,2,99,8.6,1,0,14,58,0.8055555555555556
4540,3925,4,1,45,3.4,0,1,29,69,0.7040816326530612
4541,4333,11,3,83,3.2,0,1,12,70,0.8536585365853658
4542,640,7,1,29,3.0,0,1,26,57,0.6867469879518072
4543,4093,8,5,73,5.5,1,0,7,52,0.8813559322033898
4544,676,13,6,97,0.8,0,1,14,96,0.8727272727272727
4545,2829,8,5,48,2.5,0,1,30,81,0.7297297297297297
4546,2403,14,3,42,2.0,0,1,26,43,0.6231884057971014
4547,4081,5,2,86,5.0,1,0,3,53,0.9464285714285714
4548,622,5,2,28,9.3,1,0,13,76,0.8539325842696629
4549,1237,14,3,53,0.8,0,1,21,48,0.6956521739130435
4550,4312,15,5,99,1.7,0,1,21,82,0.7961165048543689
4551,3815,11,3,78,8.8,1,0,7,42,0.8571428571428571
4552,3621,11,3,48,0.5,0,1,14,61,0.8133333333333334
4553,3821,12,3,8,7.8,1,0,20,68,0.7727272727272727
4554,2498,11,3,16,2.6,0,1,3,71,0.9594594594594594
4555,2523,15,5,42,0.3,0,1,21,92,0.8141592920353983
4556,807,11,3,43,6.0,1,0,24,79,0.7669902912621359
4557,2030,2,2,71,3.7,0,1,28,88,0.7586206896551724
4558,598,10,4,93,4.4,0,1,26,45,0.6338028169014085
4559,3289,5,2,33,7.9,1,0,14,74,0.8409090909090909
4560,2674,14,3,71,5.7,1,0,23,56,0.7088607594936709
4561,1609,10,4,60,7.6,1,0,12,50,0.8064516129032258
4562,684,12,3,99,7.2,1,0,0,72,1.0
4563,4642,14,3,90,7.9,1,0,23,71,0.7553191489361702
4564,2144,9,6,99,3.6,0,1,23,85,0.7870370370370371
4565,2541,15,5,22,0.4,0,1,23,93,0.8017241379310345
4566,2442,12,3,94,8.6,1,0,21,47,0.6911764705882353
4567,1918,15,5,74,7.0,1,0,20,88,0.8148148148148148
4568,2736,2,2,78,0.1,0,1,15,68,0.8192771084337349
4569,1008,9,6,56,7.0,1,0,7,40,0.851063829787234
4570,4274,6,2,96,9.8,1,0,12,51,0.8095238095238095
4571,3101,3,1,29,6.2,1,0,5,57,0.9193548387096774
4572,709,6,2,12,2.4,0,1,9,82,0.9010989010989011
4573,338,2,2,60,2.7,0,1,21,83,0.7980769230769231
4574,3786,2,2,27,6.4,1,0,13,56,0.8115942028985508
4575,634,3,1,42,9.8,1,0,28,91,0.7647058823529411
4576,2202,2,2,67,5.9,1,0,10,41,0.803921568627451
4577,4281,15,5,15,6.8,1,0,12,57,0.8260869565217391
4578,4527,8,5,89,8.0,1,0,6,96,0.9411764705882353
4579,4890,8,5,82,5.6,1,0,12,60,0.8333333333333334
4580,836,8,5,74,2.1,0,1,17,81,0.826530612244898
4581,2904,15,5,100,7.0,1,0,4,63,0.9402985074626866
4582,1180,11,3,59,8.2,1,0,21,68,0.7640449438202247
4583,88,5,2,98,3.8,0,1,14,45,0.7627118644067796
4584,3746,4,1,82,4.4,0,1,14,80,0.851063829787234
4585,549,6,2,59,7.6,1,0,20,68,0.7727272727272727
4586,1461,10,4,87,2.3,0,1,12,40,0.7692307692307693
4587,4416,13,6,74,7.1,1,0,24,45,0.6521739130434783
4588,1453,1,4,77,8.8,1,0,16,50,0.7575757575757576
4589,4743,7,1,27,8.2,1,0,10,88,0.8979591836734694
4590,1899,3,1,43,5.0,1,0,29,75,0.7211538461538461
4591,4279,15,5,64,0.1,0,1,23,48,0.676056338028169
4592,1094,2,2,19,8.9,1,0,30,56,0.6511627906976745
4593,2096,13,6,53,8.5,1,0,24,90,0.7894736842105263
4594,2551,2,2,95,4.2,0,1,3,82,0.9647058823529412
4595,3116,7,1,80,6.6,1,0,8,61,0.8840579710144928
4596,4657,5,2,65,2.1,0,1,23,41,0.640625
4597,3905,5,2,12,2.2,0,1,18,93,0.8378378378378378
4598,964,12,3,38,6.9,1,0,8,84,0.9130434782608695
4599,1062,3,1,66,5.8,1,0,8,53,0.8688524590163934
4600,2107,8,5,52,9.2,1,0,18,67,0.788235294117647
4601,797,2,2,98,6.7,1,0,3,92,0.968421052631579
4602,1945,10,4,51,0.4,0,1,17,52,0.7536231884057971
4603,4238,10,4,17,0.7,0,1,13,86,0.8686868686868687
4604,1266,12,3,93,9.3,1,0,22,92,0.8070175438596491
4605,2278,2,2,49,3.7,0,1,29,70,0.7070707070707071
4606,1623,9,6,85,6.8,1,0,17,85,0.8333333333333334
4607,98,6,2,56,0.7,0,1,30,64,0.6808510638297872
4608,1351,2,2,59,6.9,1,0,10,66,0.868421052631579
4609,1522,7,1,77,9.9,1,0,6,54,0.9
4610,4577,4,1,94,7.6,1,0,2,49,0.9607843137254902
4611,2508,14,3,54,7.3,1,0,12,93,0.8857142857142857
4612,4085,8,5,94,7.8,1,0,26,68,0.723404255319149
4613,4716,14,3,69,5.5,1,0,18,41,0.6949152542372882
4614,22,11,3,65,3.0,0,1,20,53,0.726027397260274
4615,4205,15,5,36,5.6,1,0,3,63,0.9545454545454546
4616,4989,7,1,77,8.2,1,0,17,97,0.8508771929824561
4617,844,4,1,17,1.7,0,1,2,50,0.9615384615384616
4618,2336,10,4,47,2.7,0,1,29,83,0.7410714285714286
4619,1358,10,4,73,0.2,0,1,4,61,0.9384615384615385
4620,1752,7,1,14,3.1,0,1,7,93,0.93
4621,4286,11,3,2,3.4,0,1,28,60,0.6818181818181818
4622,4134,10,4,43,7.7,1,0,23,51,0.6891891891891891
4623,3673,8,5,67,7.8,1,0,28,54,0.6585365853658537
4624,2394,1,4,37,8.5,1,0,13,100,0.8849557522123894
4625,3431,6,2,8,2.9,0,1,13,92,0.8761904761904762
4626,2015,9,6,23,7.0,1,0,5,54,0.9152542372881356
4627,1381,7,1,54,5.4,1,0,17,64,0.7901234567901234
4628,3208,4,1,89,0.8,0,1,5,80,0.9411764705882353
4629,3983,2,2,57,4.4,0,1,14,58,0.8055555555555556
4630,3545,7,1,22,8.1,1,0,24,99,0.8048780487804879
4631,315,15,5,25,3.4,0,1,22,64,0.7441860465116279
4632,506,10,4,34,2.7,0,1,12,79,0.8681318681318682
4633,4029,9,6,75,3.7,0,1,11,43,0.7962962962962963
4634,410,5,2,61,6.2,1,0,27,49,0.6447368421052632
4635,3349,3,1,47,4.5,0,1,30,100,0.7692307692307693
4636,3986,7,1,16,6.4,1,0,20,75,0.7894736842105263
4637,1199,10,4,52,5.6,1,0,27,96,0.7804878048780488
4638,4568,13,6,10,9.6,1,0,28,100,0.78125
4639,1154,9,6,9,0.0,0,1,14,95,0.8715596330275229
4640,879,8,5,81,4.0,0,1,17,49,0.7424242424242424
4641,948,6,2,51,8.2,1,0,10,72,0.8780487804878049
4642,4486,7,1,71,0.2,0,1,5,98,0.9514563106796117
4643,3477,4,1,36,4.7,0,1,3,99,0.9705882352941176
4644,2246,11,3,15,7.2,1,0,21,54,0.72
4645,3237,4,1,11,6.8,1,0,14,67,0.8271604938271605
4646,1480,15,5,50,0.0,0,1,29,73,0.7156862745098039
4647,1887,6,2,61,9.6,1,0,17,57,0.7702702702702703
4648,1018,13,6,59,0.2,0,1,27,74,0.7326732673267327
4649,3945,1,4,9,2.6,0,1,0,95,1.0
4650,3355,14,3,47,5.6,1,0,0,58,1.0
4651,3235,14,3,73,3.2,0,1,28,70,0.7142857142857143
4652,2694,6,2,41,9.2,1,0,12,84,0.875
4653,3581,7,1,51,2.5,0,1,2,60,0.967741935483871
4654,2944,8,5,2,7.9,1,0,19,79,0.8061224489795918
4655,572,10,4,7,8.3,1,0,14,92,0.8679245283018868
4656,4973,9,6,97,2.8,0,1,20,44,0.6875
4657,3786,5,2,86,9.8,1,0,29,73,0.7156862745098039
4658,4526,12,3,10,7.6,1,0,22,41,0.6507936507936508
4659,2070,12,3,6,7.9,1,0,18,61,0.7721518987341772
4660,3273,13,6,27,6.7,1,0,27,80,0.7476635514018691
4661,4613,5,2,34,7.1,1,0,7,49,0.875
4662,1289,13,6,12,9.7,1,0,26,82,0.7592592592592593
4663,4287,5,2,12,3.4,0,1,20,100,0.8333333333333334
4664,3300,7,1,13,7.5,1,0,15,93,0.8611111111111112
4665,2976,10,4,56,9.1,1,0,30,94,0.7580645161290323
4666,697,11,3,27,4.1,0,1,8,52,0.8666666666666667
4667,4751,15,5,51,7.2,1,0,30,46,0.6052631578947368
4668,4967,15,5,64,3.8,0,1,1,52,0.9811320754716981
4669,4955,15,5,30,1.5,0,1,22,48,0.6857142857142857
4670,3616,12,3,82,3.7,0,1,2,58,0.9666666666666667
4671,1202,2,2,33,3.3,0,1,14,73,0.8390804597701149
4672,525,7,1,68,5.9,1,0,12,83,0.8736842105263158
4673,2916,6,2,19,0.4,0,1,12,51,0.8095238095238095
4674,303,8,5,49,4.3,0,1,25,57,0.6951219512195121
4675,1101,15,5,10,4.5,0,1,0,82,1.0
4676,427,2,2,70,7.9,1,0,27,76,0.7378640776699029
4677,2245,8,5,91,7.7,1,0,11,68,0.8607594936708861
4678,4596,7,1,21,0.6,0,1,27,93,0.775
4679,197,9,6,14,8.3,1,0,13,55,0.8088235294117647
4680,3219,1,4,22,0.1,0,1,23,66,0.7415730337078652
4681,1026,15,5,71,4.2,0,1,21,85,0.8018867924528302
4682,3508,1,4,33,8.2,1,0,0,86,1.0
4683,4932,11,3,77,9.4,1,0,30,98,0.765625
4684,4070,6,2,98,4.5,0,1,26,43,0.6231884057971014
4685,3552,2,2,72,3.7,0,1,12,72,0.8571428571428571
4686,4109,11,3,54,1.8,0,1,9,53,0.8548387096774194
4687,3705,9,6,66,7.9,1,0,25,82,0.7663551401869159
4688,2594,9,6,13,3.0,0,1,30,41,0.5774647887323944
4689,4415,12,3,71,1.9,0,1,12,88,0.88
4690,2631,3,1,95,9.8,1,0,14,62,0.8157894736842105
4691,3468,10,4,5,4.4,0,1,21,50,0.704225352112676
4692,1625,10,4,96,2.6,0,1,22,94,0.8103448275862069
4693,4344,11,3,7,6.3,1,0,22,56,0.717948717948718
4694,4348,8,5,28,2.7,0,1,10,93,0.9029126213592233
4695,3733,2,2,60,6.2,1,0,16,92,0.8518518518518519
4696,2796,8,5,44,7.3,1,0,27,77,0.7403846153846154
4697,2136,7,1,26,2.9,0,1,2,63,0.9692307692307692
4698,1470,1,4,71,6.4,1,0,11,95,0.8962264150943396
4699,4173,1,4,83,9.4,1,0,28,77,0.7333333333333333
4700,4542,3,1,43,0.9,0,1,13,100,0.8849557522123894
4701,1375,9,6,11,8.6,1,0,14,86,0.86
4702,1524,12,3,86,4.4,0,1,30,64,0.6808510638297872
4703,3268,13,6,36,0.7,0,1,0,93,1.0
4704,408,2,2,18,5.1,1,0,22,56,0.717948717948718
4705,2225,15,5,80,9.4,1,0,1,82,0.9879518072289156
4706,3986,11,3,30,8.5,1,0,30,41,0.5774647887323944
4707,4171,4,1,89,4.8,0,1,0,100,1.0
4708,4368,10,4,1,3.4,0,1,6,71,0.922077922077922
4709,4042,10,4,74,7.0,1,0,10,44,0.8148148148148148
4710,5000,14,3,51,9.9,1,0,4,74,0.9487179487179487
4711,2413,5,2,43,2.9,0,1,1,64,0.9846153846153847
4712,2246,12,3,79,4.9,0,1,14,67,0.8271604938271605
4713,4433,10,4,61,9.8,1,0,27,76,0.7378640776699029
4714,479,4,1,19,7.3,1,0,29,84,0.7433628318584071
4715,4308,5,2,72,1.1,0,1,10,95,0.9047619047619048
4716,121,1,4,2,1.0,0,1,11,84,0.8842105263157894
4717,4659,12,3,89,3.9,0,1,25,53,0.6794871794871795
4718,2895,5,2,11,5.9,1,0,18,53,0.7464788732394366
4719,1434,15,5,6,8.9,1,0,17,98,0.8521739130434782
4720,4730,10,4,32,4.3,0,1,10,77,0.8850574712643678
4721,2683,6,2,22,2.3,0,1,13,51,0.796875
4722,3334,12,3,34,9.5,1,0,14,95,0.8715596330275229
4723,3712,14,3,10,10.0,1,0,30,69,0.696969696969697
4724,4388,10,4,73,2.3,0,1,22,42,0.65625
4725,1598,14,3,68,4.8,0,1,27,65,0.7065217391304348
4726,1097,12,3,16,4.7,0,1,16,99,0.8608695652173913
4727,1372,10,4,27,6.7,1,0,23,44,0.6567164179104478
4728,2207,5,2,72,9.3,1,0,27,86,0.7610619469026548
4729,4963,5,2,60,9.6,1,0,19,82,0.8118811881188119
4730,1965,14,3,19,3.3,0,1,15,51,0.7727272727272727
4731,3102,1,4,37,9.0,1,0,24,79,0.7669902912621359
4732,251,10,4,18,3.5,0,1,4,89,0.956989247311828
4733,1038,9,6,6,2.3,0,1,23,90,0.7964601769911505
4734,286,10,4,72,5.5,1,0,0,49,1.0
4735,2803,11,3,31,9.2,1,0,4,55,0.9322033898305084
4736,2525,15,5,71,8.2,1,0,14,99,0.8761061946902655
4737,807,3,1,34,3.0,0,1,15,70,0.8235294117647058
4738,4420,8,5,81,8.0,1,0,5,67,0.9305555555555556
4739,4203,6,2,53,3.2,0,1,27,63,0.7
4740,118,6,2,89,1.3,0,1,8,55,0.873015873015873
4741,80,5,2,38,2.4,0,1,26,59,0.6941176470588235
4742,1230,5,2,54,2.7,0,1,11,50,0.819672131147541
4743,1293,1,4,30,6.1,1,0,17,42,0.711864406779661
4744,2893,15,5,32,7.8,1,0,7,46,0.8679245283018868
4745,4386,6,2,38,9.8,1,0,25,71,0.7395833333333334
4746,4391,14,3,24,8.3,1,0,13,80,0.8602150537634409
4747,1403,6,2,84,5.6,1,0,25,61,0.7093023255813954
4748,4361,15,5,86,1.9,0,1,24,93,0.7948717948717948
4749,2731,14,3,24,0.9,0,1,19,62,0.7654320987654321
4750,3742,12,3,87,7.5,1,0,10,70,0.875
4751,3221,8,5,52,0.2,0,1,5,89,0.9468085106382979
4752,2322,5,2,7,8.5,1,0,2,46,0.9583333333333334
4753,2365,4,1,23,7.6,1,0,10,86,0.8958333333333334
4754,2222,9,6,66,0.0,0,1,7,97,0.9326923076923077
4755,3909,3,1,14,4.9,0,1,17,73,0.8111111111111111
4756,3592,9,6,40,3.0,0,1,23,62,0.7294117647058823
4757,392,6,2,52,5.6,1,0,24,48,0.6666666666666666
4758,4561,15,5,51,9.4,1,0,30,43,0.589041095890411
4759,3896,5,2,69,3.3,0,1,5,76,0.9382716049382716
4760,4177,7,1,59,7.7,1,0,10,58,0.8529411764705882
4761,1156,3,1,89,5.4,1,0,27,76,0.7378640776699029
4762,1398,5,2,63,7.5,1,0,30,93,0.7560975609756098
4763,172,12,3,69,0.9,0,1,5,71,0.9342105263157895
4764,3005,11,3,45,7.6,1,0,11,72,0.8674698795180723
4765,4613,4,1,76,9.7,1,0,5,61,0.9242424242424242
4766,4676,7,1,24,7.7,1,0,30,68,0.6938775510204082
4767,2402,2,2,89,0.8,0,1,3,93,0.96875
4768,1481,2,2,32,5.7,1,0,27,99,0.7857142857142857
4769,959,2,2,52,4.7,0,1,14,56,0.8
4770,4950,8,5,56,8.7,1,0,5,94,0.9494949494949495
4771,1402,1,4,23,0.9,0,1,8,89,0.9175257731958762
4772,2504,3,1,32,5.3,1,0,19,54,0.7397260273972602
4773,2188,11,3,57,3.3,0,1,8,92,0.92
4774,1688,8,5,36,0.0,0,1,20,71,0.7802197802197802
4775,4460,14,3,3,3.8,0,1,4,87,0.9560439560439561
4776,175,10,4,19,1.6,0,1,10,46,0.8214285714285714
4777,2967,9,6,80,3.4,0,1,30,81,0.7297297297297297
4778,2942,3,1,28,0.5,0,1,11,83,0.8829787234042553
4779,895,12,3,33,1.6,0,1,12,76,0.8636363636363636
4780,3570,4,1,62,1.0,0,1,18,92,0.8363636363636363
4781,4794,15,5,79,4.0,0,1,25,45,0.6428571428571429
4782,1374,5,2,76,9.4,1,0,12,90,0.8823529411764706
4783,4415,9,6,88,8.0,1,0,19,96,0.8347826086956521
4784,521,2,2,14,7.8,1,0,18,44,0.7096774193548387
4785,4842,8,5,35,8.7,1,0,13,79,0.8586956521739131
4786,2216,2,2,10,7.7,1,0,2,68,0.9714285714285714
4787,1117,4,1,33,6.6,1,0,12,41,0.7735849056603774
4788,1911,9,6,1,5.7,1,0,3,55,0.9482758620689655
4789,822,8,5,14,5.2,1,0,15,45,0.75
4790,4348,1,4,30,4.2,0,1,6,91,0.9381443298969072
4791,609,4,1,91,2.6,0,1,19,49,0.7205882352941176
4792,871,13,6,74,0.4,0,1,22,49,0.6901408450704225
4793,4233,11,3,64,7.8,1,0,3,70,0.958904109589041
4794,658,9,6,41,3.9,0,1,12,99,0.8918918918918919
4795,3860,2,2,36,5.3,1,0,20,95,0.8260869565217391
4796,4295,2,2,47,9.1,1,0,22,54,0.7105263157894737
4797,1505,1,4,90,1.0,0,1,22,70,0.7608695652173914
4798,1879,13,6,87,3.6,0,1,11,72,0.8674698795180723
4799,1601,14,3,98,0.8,0,1,26,41,0.6119402985074627
4800,3576,3,1,11,1.6,0,1,26,72,0.7346938775510204
4801,4880,11,3,15,4.1,0,1,18,59,0.7662337662337663
4802,297,5,2,74,9.7,1,0,7,87,0.925531914893617
4803,3388,6,2,93,0.2,0,1,22,93,0.808695652173913
4804,4104,14,3,21,6.2,1,0,6,46,0.8846153846153846
4805,946,9,6,54,0.1,0,1,25,78,0.7572815533980582
4806,508,10,4,84,1.1,0,1,12,98,0.8909090909090909
4807,3163,7,1,44,8.9,1,0,20,43,0.6825396825396826
4808,4569,6,2,52,8.8,1,0,8,60,0.8823529411764706
4809,2754,6,2,26,5.2,1,0,25,45,0.6428571428571429
4810,421,10,4,5,2.7,0,1,18,72,0.8
4811,2971,7,1,41,5.5,1,0,3,97,0.97
4812,2001,15,5,61,9.8,1,0,27,79,0.7452830188679245
4813,3970,13,6,21,4.9,0,1,26,56,0.6829268292682927
4814,2907,9,6,11,2.8,0,1,0,98,1.0
4815,1195,4,1,99,9.9,1,0,23,95,0.8050847457627118
4816,2349,6,2,78,8.4,1,0,18,96,0.8421052631578947
4817,1276,8,5,35,7.7,1,0,12,82,0.8723404255319149
4818,3463,3,1,86,1.0,0,1,25,84,0.7706422018348624
4819,3898,9,6,41,9.9,1,0,10,88,0.8979591836734694
4820,3657,14,3,54,0.1,0,1,16,70,0.813953488372093
4821,4531,15,5,79,1.2,0,1,12,53,0.8153846153846154
4822,4965,1,4,20,6.0,1,0,8,42,0.84
4823,4222,3,1,13,5.1,1,0,18,63,0.7777777777777778
4824,4380,13,6,84,0.4,0,1,8,93,0.9207920792079208
4825,2739,10,4,75,4.3,0,1,2,74,0.9736842105263158
4826,4298,8,5,82,1.1,0,1,16,98,0.8596491228070176
4827,3875,10,4,68,5.1,1,0,30,81,0.7297297297297297
4828,1460,4,1,45,1.1,0,1,13,86,0.8686868686868687
4829,162,13,6,73,3.7,0,1,12,97,0.8899082568807339
4830,498,6,2,87,0.2,0,1,11,72,0.8674698795180723
4831,778,5,2,85,4.6,0,1,20,83,0.8058252427184466
4832,853,3,1,24,3.7,0,1,10,70,0.875
4833,2791,4,1,66,0.4,0,1,18,47,0.7230769230769231
4834,2950,9,6,89,5.1,1,0,18,43,0.7049180327868853
4835,1085,9,6,76,9.1,1,0,23,43,0.6515151515151515
4836,2105,2,2,93,7.7,1,0,30,89,0.7478991596638656
4837,380,10,4,60,6.1,1,0,25,82,0.7663551401869159
4838,1396,10,4,26,6.8,1,0,29,50,0.6329113924050633
4839,2620,9,6,39,8.9,1,0,30,42,0.5833333333333334
4840,2394,1,4,96,7.7,1,0,6,93,0.9393939393939394
4841,2036,14,3,57,2.1,0,1,27,92,0.773109243697479
4842,1430,7,1,5,5.6,1,0,23,40,0.6349206349206349
4843,4163,3,1,69,4.4,0,1,5,89,0.9468085106382979
4844,1655,9,6,72,3.7,0,1,24,83,0.7757009345794392
4845,2704,7,1,54,3.7,0,1,21,73,0.776595744680851
4846,3475,12,3,18,0.6,0,1,22,82,0.7884615384615384
4847,3111,4,1,100,7.6,1,0,24,78,0.7647058823529411
4848,2754,9,6,6,0.1,0,1,20,95,0.8260869565217391
4849,2071,9,6,85,6.0,1,0,2,66,0.9705882352941176
4850,4571,14,3,46,5.5,1,0,22,59,0.7283950617283951
4851,513,7,1,45,9.8,1,0,20,98,0.8305084745762712
4852,949,2,2,56,9.3,1,0,30,82,0.7321428571428571
4853,1607,10,4,96,6.2,1,0,3,76,0.9620253164556962
4854,3801,4,1,96,2.3,0,1,27,82,0.7522935779816514
4855,4152,7,1,66,6.2,1,0,19,70,0.7865168539325843
4856,4040,8,5,89,0.5,0,1,26,51,0.6623376623376623
4857,2867,12,3,84,1.2,0,1,18,61,0.7721518987341772
4858,1429,10,4,7,2.4,0,1,13,95,0.8796296296296297
4859,4974,15,5,47,4.2,0,1,9,84,0.9032258064516129
4860,3021,10,4,64,3.1,0,1,20,99,0.8319327731092437
4861,929,5,2,42,9.8,1,0,16,71,0.8160919540229885
4862,1789,7,1,47,1.1,0,1,11,95,0.8962264150943396
4863,4203,6,2,37,9.1,1,0,9,61,0.8714285714285714
4864,4784,3,1,2,1.5,0,1,22,95,0.811965811965812
4865,869,4,1,38,8.8,1,0,4,43,0.9148936170212766
4866,1417,5,2,54,2.2,0,1,16,96,0.8571428571428571
4867,1949,3,1,66,0.6,0,1,17,80,0.8247422680412371
4868,3829,11,3,28,3.2,0,1,20,78,0.7959183673469388
4869,2098,2,2,14,4.4,0,1,24,68,0.7391304347826086
4870,604,8,5,70,3.1,0,1,16,71,0.8160919540229885
4871,2813,9,6,50,6.5,1,0,27,100,0.7874015748031497
4872,4556,6,2,61,9.7,1,0,6,53,0.8983050847457628
4873,781,13,6,15,4.1,0,1,14,74,0.8409090909090909
4874,4855,7,1,9,0.6,0,1,6,86,0.9347826086956522
4875,3491,14,3,3,8.3,1,0,15,58,0.7945205479452054
4876,1557,15,5,31,5.8,1,0,18,87,0.8285714285714286
4877,4632,14,3,69,7.4,1,0,19,40,0.6779661016949152
4878,3827,6,2,7,3.0,0,1,7,86,0.9247311827956989
4879,1826,2,2,47,7.4,1,0,30,94,0.7580645161290323
4880,4700,10,4,71,9.1,1,0,20,72,0.782608695652174
4881,3893,1,4,35,4.1,0,1,28,74,0.7254901960784313
4882,547,6,2,78,2.5,0,1,6,89,0.9368421052631579
4883,3096,9,6,65,7.5,1,0,22,54,0.7105263157894737
4884,373,2,2,86,9.8,1,0,23,86,0.7889908256880734
4885,3362,12,3,1,9.4,1,0,8,45,0.8490566037735849
4886,3149,14,3,50,5.1,1,0,2,82,0.9761904761904762
4887,2017,6,2,94,7.2,1,0,30,71,0.7029702970297029
4888,3508,15,5,31,8.1,1,0,30,47,0.6103896103896104
4889,4653,13,6,57,7.9,1,0,5,86,0.945054945054945
4890,982,9,6,32,9.7,1,0,2,84,0.9767441860465116
4891,3336,1,4,66,5.4,1,0,9,63,0.875
4892,1978,6,2,11,5.2,1,0,23,68,0.7472527472527473
4893,4530,7,1,28,5.2,1,0,30,74,0.7115384615384616
4894,2342,13,6,59,4.6,0,1,4,88,0.9565217391304348
4895,3295,8,5,75,3.4,0,1,1,53,0.9814814814814815
4896,2627,15,5,45,9.2,1,0,17,79,0.8229166666666666
4897,344,11,3,44,2.2,0,1,5,60,0.9230769230769231
4898,2734,8,5,45,6.1,1,0,15,82,0.845360824742268
4899,2554,13,6,70,8.6,1,0,26,74,0.74
4900,3978,14,3,51,6.0,1,0,28,42,0.6
4901,2507,3,1,23,8.1,1,0,5,59,0.921875
4902,2299,13,6,43,6.6,1,0,19,43,0.6935483870967742
4903,1404,12,3,29,7.1,1,0,15,89,0.8557692307692307
4904,278,12,3,17,9.5,1,0,8,41,0.8367346938775511
4905,1189,5,2,83,9.8,1,0,27,72,0.7272727272727273
4906,3957,10,4,69,4.8,0,1,10,77,0.8850574712643678
4907,1248,15,5,68,9.9,1,0,23,98,0.8099173553719008
4908,3197,9,6,56,4.9,0,1,21,47,0.6911764705882353
4909,2084,15,5,74,0.8,0,1,13,77,0.8555555555555555
4910,3232,9,6,90,8.5,1,0,2,63,0.9692307692307692
4911,4706,9,6,72,3.3,0,1,0,44,1.0
4912,836,9,6,97,2.7,0,1,21,49,0.7
4913,2951,11,3,24,4.2,0,1,0,60,1.0
4914,598,8,5,79,3.3,0,1,18,48,0.7272727272727273
4915,569,10,4,13,6.3,1,0,11,77,0.875
4916,2935,3,1,14,2.8,0,1,12,49,0.8032786885245902
4917,422,10,4,64,8.4,1,0,30,80,0.7272727272727273
4918,4950,2,2,57,8.4,1,0,13,93,0.8773584905660378
4919,3442,5,2,89,0.4,0,1,14,48,0.7741935483870968
4920,253,4,1,22,7.0,1,0,4,61,0.9384615384615385
4921,4415,14,3,91,3.7,0,1,26,68,0.723404255319149
4922,1264,12,3,69,1.6,0,1,10,81,0.8901098901098901
4923,3981,2,2,19,1.2,0,1,15,73,0.8295454545454546
4924,2889,6,2,7,6.4,1,0,16,65,0.8024691358024691
4925,4497,1,4,38,7.6,1,0,17,69,0.8023255813953488
4926,2789,1,4,78,7.9,1,0,4,84,0.9545454545454546
4927,888,7,1,89,5.8,1,0,5,44,0.8979591836734694
4928,3736,8,5,50,4.5,0,1,19,68,0.7816091954022989
4929,4020,2,2,62,3.3,0,1,30,90,0.75
4930,1940,1,4,87,0.3,0,1,3,80,0.963855421686747
4931,3734,8,5,69,6.5,1,0,26,57,0.6867469879518072
4932,2505,5,2,48,8.8,1,0,2,82,0.9761904761904762
4933,3946,13,6,5,2.2,0,1,6,64,0.9142857142857143
4934,4180,8,5,29,9.8,1,0,7,92,0.9292929292929293
4935,4888,2,2,14,3.3,0,1,24,56,0.7
4936,1666,14,3,91,0.4,0,1,7,98,0.9333333333333333
4937,516,4,1,36,9.9,1,0,15,96,0.8648648648648649
4938,2338,3,1,17,9.7,1,0,8,89,0.9175257731958762
4939,4783,15,5,78,8.2,1,0,10,49,0.8305084745762712
4940,2465,12,3,15,2.9,0,1,18,73,0.8021978021978022
4941,2217,1,4,15,0.2,0,1,29,83,0.7410714285714286
4942,4584,9,6,2,4.5,0,1,8,73,0.9012345679012346
4943,4099,1,4,15,6.1,1,0,29,69,0.7040816326530612
4944,3464,4,1,58,9.7,1,0,20,72,0.782608695652174
4945,3201,3,1,71,7.6,1,0,5,88,0.946236559139785
4946,2599,1,4,82,6.1,1,0,19,96,0.8347826086956521
4947,2443,3,1,35,7.3,1,0,2,59,0.9672131147540983
4948,2911,3,1,75,8.8,1,0,27,98,0.784
4949,4669,10,4,88,8.3,1,0,30,77,0.719626168224299
4950,685,5,2,25,9.7,1,0,0,89,1.0
4951,496,5,2,84,0.3,0,1,6,94,0.94
4952,4277,12,3,70,4.2,0,1,23,81,0.7788461538461539
4953,4840,12,3,92,9.8,1,0,16,59,0.7866666666666666
4954,3616,6,2,74,3.4,0,1,16,65,0.8024691358024691
4955,2780,13,6,49,1.1,0,1,0,93,1.0
4956,1548,13,6,42,2.7,0,1,8,41,0.8367346938775511
4957,3316,14,3,4,0.2,0,1,6,51,0.8947368421052632
4958,2921,9,6,98,9.3,1,0,18,96,0.8421052631578947
4959,3849,14,3,38,9.8,1,0,25,65,0.7222222222222222
4960,4048,2,2,21,0.7,0,1,13,79,0.8586956521739131
4961,4333,14,3,27,3.7,0,1,14,55,0.7971014492753623
4962,4817,14,3,57,9.0,1,0,30,53,0.6385542168674698
4963,2125,2,2,24,8.5,1,0,14,43,0.7543859649122807
4964,4262,11,3,32,2.9,0,1,15,94,0.8623853211009175
4965,1737,1,4,58,1.0,0,1,1,50,0.9803921568627451
4966,2685,12,3,90,8.9,1,0,21,78,0.7878787878787878
4967,3199,6,2,58,6.7,1,0,17,68,0.8
4968,1912,11,3,26,9.5,1,0,2,90,0.9782608695652174
4969,3679,12,3,99,6.8,1,0,23,97,0.8083333333333333
4970,75,6,2,6,2.5,0,1,30,97,0.7637795275590551
4971,3114,6,2,57,5.5,1,0,12,65,0.8441558441558441
4972,3101,3,1,100,4.4,0,1,6,44,0.88
4973,1111,12,3,37,0.5,0,1,7,92,0.9292929292929293
4974,1498,7,1,45,2.5,0,1,7,99,0.9339622641509434
4975,1853,15,5,73,8.6,1,0,17,63,0.7875
4976,417,4,1,57,8.9,1,0,5,55,0.9166666666666666
4977,2000,6,2,48,8.0,1,0,26,81,0.7570093457943925
4978,2147,10,4,79,6.6,1,0,1,72,0.9863013698630136
4979,3114,8,5,91,3.3,0,1,3,78,0.9629629629629629
4980,1955,4,1,82,7.7,1,0,9,59,0.8676470588235294
4981,1765,11,3,56,3.7,0,1,18,47,0.7230769230769231
4982,2664,4,1,21,5.0,1,0,28,90,0.7627118644067796
4983,1668,11,3,79,3.2,0,1,21,73,0.776595744680851
4984,2876,15,5,10,2.7,0,1,4,99,0.9611650485436893
4985,1752,8,5,100,0.5,0,1,23,72,0.7578947368421053
4986,2777,6,2,13,1.9,0,1,26,87,0.7699115044247787
4987,1817,15,5,68,9.6,1,0,30,54,0.6428571428571429
4988,3349,7,1,10,8.6,1,0,2,52,0.9629629629629629
4989,2948,12,3,66,8.7,1,0,24,96,0.8
4990,4458,9,6,36,3.6,0,1,29,69,0.7040816326530612
4991,2623,1,4,22,6.3,1,0,14,92,0.8679245283018868
4992,2879,11,3,100,8.1,1,0,19,74,0.7956989247311828
4993,4936,1,4,100,9.3,1,0,2,47,0.9591836734693877
4994,602,9,6,14,5.7,1,0,27,41,0.6029411764705882
4995,2966,3,1,70,3.4,0,1,17,99,0.853448275862069
4996,4810,4,1,93,8.5,1,0,17,49,0.7424242424242424
4997,829,1,4,57,5.8,1,0,21,42,0.6666666666666666
4998,4146,15,5,62,9.8,1,0,15,77,0.8369565217391305
4999,4531,15,5,6,5.6,1,0,15,59,0.7972972972972973
5000,2757,7,1,32,2.7,0,1,20,80,0.8
